cell_lat,cell_lon,request_category,field_requests
39.75,-104.985,Encampments,1100
39.725,-104.98,Neighborhood Inspection,888
39.725,-104.985,Streets & Traffic,650
39.725,-104.98,Streets & Traffic,645
39.730000000000004,-104.99000000000001,Public Safety (non-emergency),621
39.74,-104.965,Encampments,613
39.74,-104.98,Public Safety (non-emergency),600
39.74,-104.99000000000001,Licensing & Permits,596
39.715,-104.99000000000001,Neighborhood Inspection,595
39.75,-105.0,Streets & Traffic,575
39.755,-105.0,Licensing & Permits,554
39.74,-104.98,Encampments,551
39.755,-104.995,Neighborhood Inspection,548
39.75,-105.0,Neighborhood Inspection,547
39.74,-104.99000000000001,General Information,542
39.76,-105.015,Neighborhood Inspection,537
39.735,-104.94500000000001,Neighborhood Inspection,523
39.69,-104.98,Neighborhood Inspection,517
39.75,-104.98,Encampments,515
39.735,-104.955,Neighborhood Inspection,512
39.74,-104.97,Streets & Traffic,510
39.755,-104.98,Neighborhood Inspection,508
39.735,-104.97500000000001,Encampments,502
39.74,-104.98,Neighborhood Inspection,499
39.730000000000004,-104.985,Encampments,496
39.72,-104.98,Neighborhood Inspection,491
39.77,-105.03,Neighborhood Inspection,490
39.755,-105.0,Encampments,488
39.74,-104.98,Streets & Traffic,487
39.715,-104.985,Neighborhood Inspection,485
39.71,-104.97500000000001,Neighborhood Inspection,481
39.695,-104.985,Streets & Traffic,480
39.735,-104.98,Streets & Traffic,472
39.735,-104.985,Streets & Traffic,461
39.71,-104.985,Streets & Traffic,460
39.74,-104.985,Streets & Traffic,455
39.76,-105.035,Neighborhood Inspection,454
39.755,-104.99000000000001,Neighborhood Inspection,454
39.745,-104.995,Neighborhood Inspection,454
39.72,-104.985,Neighborhood Inspection,454
39.735,-104.97500000000001,Neighborhood Inspection,451
39.745,-104.985,Streets & Traffic,440
39.715,-104.985,Streets & Traffic,440
39.75,-105.0,Licensing & Permits,438
39.730000000000004,-104.94,Streets & Traffic,435
39.755,-104.97500000000001,Neighborhood Inspection,433
39.735,-104.98,Neighborhood Inspection,433
39.74,-104.97,Neighborhood Inspection,433
39.72,-104.985,Streets & Traffic,432
39.735,-104.98,Encampments,431
39.74,-104.93,Neighborhood Inspection,425
39.74,-104.96000000000001,Neighborhood Inspection,422
39.72,-104.995,Neighborhood Inspection,418
39.755,-104.99000000000001,Encampments,417
39.74,-104.97500000000001,Neighborhood Inspection,415
39.755,-104.985,Streets & Traffic,411
39.735,-104.985,Encampments,408
39.735,-104.95,Neighborhood Inspection,407
39.74,-104.955,Neighborhood Inspection,405
39.74,-104.95,Neighborhood Inspection,403
39.75,-104.985,Neighborhood Inspection,400
39.755,-104.99000000000001,Public Safety (non-emergency),399
39.76,-105.02,Neighborhood Inspection,399
39.745,-104.985,Encampments,398
39.74,-104.965,Neighborhood Inspection,398
39.745,-104.995,Licensing & Permits,397
39.730000000000004,-104.985,Streets & Traffic,396
39.775,-105.045,Neighborhood Inspection,396
39.74,-105.035,Neighborhood Inspection,395
39.77,-105.025,Neighborhood Inspection,393
39.725,-104.985,Neighborhood Inspection,392
39.735,-104.995,Streets & Traffic,391
39.75,-104.985,Streets & Traffic,391
39.72,-104.99000000000001,Neighborhood Inspection,386
39.77,-105.005,Neighborhood Inspection,383
39.730000000000004,-104.97500000000001,Neighborhood Inspection,381
39.735,-104.97500000000001,Streets & Traffic,375
39.76,-105.01,Neighborhood Inspection,375
39.805,-104.87,Solid Waste,374
39.745,-104.97500000000001,Streets & Traffic,374
39.74,-105.05,Neighborhood Inspection,372
39.77,-105.045,Neighborhood Inspection,369
39.715,-104.97500000000001,Neighborhood Inspection,369
39.745,-104.995,Streets & Traffic,369
39.76,-104.985,Neighborhood Inspection,368
39.71,-104.98,Neighborhood Inspection,366
39.735,-104.96000000000001,Neighborhood Inspection,366
39.68,-104.97,Neighborhood Inspection,365
39.730000000000004,-105.0,Streets & Traffic,362
39.765,-104.97500000000001,Neighborhood Inspection,360
39.72,-104.955,Streets & Traffic,359
39.745,-104.98,Encampments,358
39.74,-104.99000000000001,Streets & Traffic,358
39.71,-104.985,Neighborhood Inspection,357
39.72,-104.95,Streets & Traffic,357
39.77,-105.02,Neighborhood Inspection,356
39.735,-104.94,Streets & Traffic,356
39.74,-104.965,Public Safety (non-emergency),355
39.730000000000004,-104.97500000000001,Streets & Traffic,355
39.74,-104.97,Encampments,352
39.74,-104.94,Streets & Traffic,352
39.730000000000004,-104.98,Streets & Traffic,352
39.74,-104.965,Streets & Traffic,352
39.74,-105.0,Streets & Traffic,351
39.735,-105.04,Neighborhood Inspection,348
39.755,-105.0,Neighborhood Inspection,348
39.755,-104.99000000000001,Licensing & Permits,347
39.730000000000004,-104.985,Neighborhood Inspection,346
39.715,-104.99000000000001,Streets & Traffic,346
39.71,-104.97500000000001,Streets & Traffic,346
39.745,-104.98,Streets & Traffic,345
39.745,-105.03,Solid Waste,345
39.725,-104.97500000000001,Streets & Traffic,343
39.74,-104.97500000000001,Streets & Traffic,342
39.745,-104.99000000000001,Licensing & Permits,340
39.75,-104.995,Licensing & Permits,340
39.730000000000004,-104.95,Neighborhood Inspection,340
39.74,-105.035,Solid Waste,340
39.775,-105.015,Neighborhood Inspection,339
39.730000000000004,-104.94,Neighborhood Inspection,336
39.75,-104.98,General Information,335
39.72,-104.96000000000001,Streets & Traffic,332
39.725,-104.97500000000001,Neighborhood Inspection,331
39.730000000000004,-104.99000000000001,Streets & Traffic,328
39.72,-104.97500000000001,Streets & Traffic,328
39.735,-104.99000000000001,Streets & Traffic,327
39.725,-105.0,Streets & Traffic,327
39.715,-104.97500000000001,Streets & Traffic,327
39.7,-104.985,Streets & Traffic,326
39.74,-105.04,Neighborhood Inspection,325
39.725,-104.94,Streets & Traffic,325
39.77,-105.035,Neighborhood Inspection,325
39.75,-104.995,Streets & Traffic,324
39.75,-105.0,Parking & Vehicles,323
39.730000000000004,-104.94500000000001,Neighborhood Inspection,322
39.695,-104.985,Neighborhood Inspection,321
39.755,-104.97500000000001,Streets & Traffic,321
39.76,-105.025,Streets & Traffic,320
39.76,-104.89,Streets & Traffic,320
39.755,-104.985,Neighborhood Inspection,319
39.72,-104.995,Solid Waste,319
39.725,-104.985,Encampments,318
39.715,-104.98,Neighborhood Inspection,317
39.78,-104.8,Solid Waste,317
39.755,-105.025,Neighborhood Inspection,317
39.730000000000004,-105.0,Neighborhood Inspection,317
39.765,-105.01,Neighborhood Inspection,316
39.735,-104.98,Solid Waste,316
39.71,-104.99000000000001,Streets & Traffic,315
39.730000000000004,-104.97500000000001,Encampments,313
39.77,-105.04,Neighborhood Inspection,311
39.76,-105.01,Licensing & Permits,311
39.745,-104.98,Neighborhood Inspection,309
39.74,-104.985,Encampments,309
39.745,-104.995,Public Safety (non-emergency),309
39.735,-104.985,Neighborhood Inspection,309
39.74,-104.96000000000001,Encampments,308
39.745,-104.99000000000001,Neighborhood Inspection,308
39.765,-105.005,Neighborhood Inspection,305
39.68,-104.97500000000001,Neighborhood Inspection,304
39.76,-105.01,Streets & Traffic,303
39.67,-104.985,Parking & Vehicles,303
39.71,-104.98,Streets & Traffic,302
39.76,-104.98,Neighborhood Inspection,302
39.72,-104.98,Streets & Traffic,299
39.730000000000004,-104.98,Neighborhood Inspection,299
39.74,-104.96000000000001,Streets & Traffic,299
39.735,-104.98,General Information,298
39.765,-105.035,Neighborhood Inspection,298
39.755,-104.985,Encampments,297
39.730000000000004,-104.985,Public Safety (non-emergency),296
39.74,-104.96000000000001,Public Safety (non-emergency),295
39.68,-104.97,Streets & Traffic,295
39.755,-104.985,Licensing & Permits,294
39.75,-104.995,Neighborhood Inspection,294
39.74,-104.94500000000001,Neighborhood Inspection,292
39.75,-104.985,Public Safety (non-emergency),291
39.705,-104.98,Neighborhood Inspection,291
39.735,-104.92,Neighborhood Inspection,291
39.75,-104.98,Streets & Traffic,291
39.68,-105.025,Streets & Traffic,290
39.735,-104.97500000000001,Solid Waste,290
39.71,-105.045,Neighborhood Inspection,289
39.74,-104.97500000000001,Encampments,289
39.755,-105.0,Public Safety (non-emergency),289
39.775,-105.02,Neighborhood Inspection,288
39.725,-104.96000000000001,Streets & Traffic,286
39.76,-104.97500000000001,Streets & Traffic,286
39.735,-104.94,Neighborhood Inspection,286
39.76,-105.03,Neighborhood Inspection,285
39.69,-104.97500000000001,Neighborhood Inspection,284
39.74,-104.95,Streets & Traffic,284
39.745,-104.985,Neighborhood Inspection,284
39.735,-105.04,Solid Waste,283
39.735,-104.94500000000001,Streets & Traffic,283
39.77,-105.015,Neighborhood Inspection,283
39.765,-105.02,Solid Waste,283
39.76,-105.03,Streets & Traffic,282
39.705,-104.985,Neighborhood Inspection,282
39.75,-105.005,Streets & Traffic,281
39.705,-104.985,Streets & Traffic,281
39.67,-105.04,Neighborhood Inspection,281
39.805,-104.88,Solid Waste,279
39.755,-104.98,Streets & Traffic,279
39.745,-104.99000000000001,Streets & Traffic,278
39.735,-104.98,Public Safety (non-emergency),277
39.69,-104.985,Neighborhood Inspection,277
39.745,-104.98,Public Safety (non-emergency),276
39.76,-104.96000000000001,Streets & Traffic,276
39.74,-104.98,General Information,276
39.755,-104.985,Public Safety (non-emergency),276
39.735,-104.965,Parks & Trees,275
39.76,-105.03,Solid Waste,275
39.74,-104.94500000000001,Streets & Traffic,275
39.77,-104.965,Solid Waste,275
39.765,-105.015,Neighborhood Inspection,274
39.745,-104.94,Streets & Traffic,273
39.74,-105.05,Solid Waste,272
39.745,-104.96000000000001,Streets & Traffic,272
39.755,-104.98,Solid Waste,272
39.735,-105.0,Streets & Traffic,272
39.705,-105.045,Neighborhood Inspection,272
39.715,-104.94,Streets & Traffic,271
39.68,-104.965,Neighborhood Inspection,269
39.715,-105.045,Encampments,268
39.75,-104.97500000000001,Streets & Traffic,268
39.765,-104.915,Solid Waste,267
39.735,-104.96000000000001,Streets & Traffic,267
39.715,-104.985,Licensing & Permits,266
39.74,-104.98,Public Health & Noise,266
39.745,-104.985,Public Safety (non-emergency),266
39.75,-104.99000000000001,Streets & Traffic,265
39.72,-104.955,Licensing & Permits,265
39.765,-104.965,Solid Waste,265
39.765,-104.97,Solid Waste,264
39.745,-105.03,Neighborhood Inspection,264
39.67,-104.94,Streets & Traffic,263
39.77,-105.045,Streets & Traffic,263
39.695,-104.98,Neighborhood Inspection,262
39.775,-105.045,Streets & Traffic,262
39.675000000000004,-104.97,Neighborhood Inspection,262
39.74,-105.05,Public Safety (non-emergency),261
39.715,-104.985,Solid Waste,261
39.72,-104.955,Neighborhood Inspection,259
39.75,-104.99000000000001,Neighborhood Inspection,259
39.67,-105.035,Neighborhood Inspection,258
39.76,-105.015,Streets & Traffic,258
39.74,-104.955,Streets & Traffic,256
39.765,-105.01,Solid Waste,256
39.715,-104.99000000000001,Solid Waste,256
39.72,-104.94500000000001,Streets & Traffic,255
39.725,-104.995,Neighborhood Inspection,253
39.725,-105.0,Neighborhood Inspection,253
39.765,-104.97,Neighborhood Inspection,252
39.765,-105.025,Neighborhood Inspection,251
39.735,-104.97500000000001,General Information,251
39.77,-104.97,Neighborhood Inspection,251
39.75,-104.98,Public Safety (non-emergency),250
39.77,-105.05,Neighborhood Inspection,250
39.77,-105.0,Encampments,249
39.74,-104.935,Neighborhood Inspection,249
39.735,-104.985,Public Safety (non-emergency),249
39.715,-105.005,General Information,249
39.730000000000004,-104.95,Streets & Traffic,248
39.765,-105.005,Solid Waste,247
39.735,-104.99000000000001,Neighborhood Inspection,247
39.75,-104.98,Neighborhood Inspection,247
39.730000000000004,-104.995,Streets & Traffic,247
39.775,-105.01,Neighborhood Inspection,246
39.705,-104.97,Parks & Trees,246
39.76,-104.985,Streets & Traffic,246
39.765,-104.96000000000001,Neighborhood Inspection,246
39.735,-105.0,Neighborhood Inspection,245
39.75,-104.965,Neighborhood Inspection,244
39.655,-104.915,Streets & Traffic,244
39.735,-104.97,Streets & Traffic,243
39.755,-104.995,Licensing & Permits,243
39.77,-104.97,Streets & Traffic,243
39.72,-104.94,Streets & Traffic,243
39.765,-105.03,Neighborhood Inspection,242
39.68,-104.99000000000001,Neighborhood Inspection,242
39.67,-104.915,Streets & Traffic,242
39.730000000000004,-104.98,Encampments,242
39.675000000000004,-105.035,Neighborhood Inspection,242
39.71,-105.01,Streets & Traffic,241
39.75,-104.995,Public Safety (non-emergency),241
39.76,-105.035,Streets & Traffic,241
39.74,-104.925,Neighborhood Inspection,241
39.75,-105.025,Solid Waste,240
39.775,-105.015,Solid Waste,240
39.72,-104.99000000000001,Streets & Traffic,240
39.735,-104.99000000000001,Public Safety (non-emergency),240
39.71,-104.97,Streets & Traffic,240
39.695,-104.97500000000001,Streets & Traffic,240
39.725,-104.97500000000001,Solid Waste,239
39.77,-105.01,Neighborhood Inspection,239
39.755,-104.995,Streets & Traffic,239
39.735,-104.915,Streets & Traffic,239
39.725,-104.94500000000001,Streets & Traffic,238
39.78,-104.96000000000001,Animals,238
39.745,-105.0,Neighborhood Inspection,237
39.705,-105.04,Neighborhood Inspection,237
39.7,-105.025,Neighborhood Inspection,237
39.735,-104.97500000000001,Public Safety (non-emergency),237
39.755,-105.02,Neighborhood Inspection,237
39.695,-104.94,Streets & Traffic,237
39.68,-104.92,Streets & Traffic,236
39.74,-104.985,General Information,236
39.74,-104.96000000000001,Solid Waste,236
39.75,-104.995,Public Health & Noise,236
39.685,-104.985,Neighborhood Inspection,235
39.68,-104.915,Streets & Traffic,235
39.76,-104.97500000000001,Neighborhood Inspection,235
39.730000000000004,-105.0,Solid Waste,235
39.730000000000004,-104.97500000000001,Solid Waste,235
39.730000000000004,-104.98,Parking & Vehicles,235
39.77,-105.0,Neighborhood Inspection,234
39.71,-105.0,Streets & Traffic,234
39.705,-104.985,Solid Waste,234
39.67,-104.96000000000001,Streets & Traffic,234
39.76,-105.02,Streets & Traffic,234
39.765,-105.03,Solid Waste,233
39.68,-104.985,Neighborhood Inspection,233
39.74,-104.99000000000001,Neighborhood Inspection,233
39.76,-105.04,Neighborhood Inspection,232
39.705,-104.915,Streets & Traffic,232
39.725,-104.95,Streets & Traffic,231
39.735,-104.985,Public Health & Noise,231
39.755,-104.985,Solid Waste,231
39.72,-104.95,Neighborhood Inspection,231
39.74,-104.98,Solid Waste,230
39.755,-104.99000000000001,Streets & Traffic,230
39.745,-104.995,General Information,229
39.68,-104.96000000000001,Neighborhood Inspection,229
39.765,-105.02,Neighborhood Inspection,229
39.675000000000004,-104.985,Neighborhood Inspection,228
39.74,-105.03,Streets & Traffic,228
39.74,-105.04,Streets & Traffic,227
39.755,-105.025,Streets & Traffic,227
39.735,-104.95,Streets & Traffic,227
39.695,-105.025,Streets & Traffic,226
39.735,-104.955,Streets & Traffic,226
39.675000000000004,-104.94,Neighborhood Inspection,226
39.77,-105.01,Solid Waste,226
39.67,-104.985,Neighborhood Inspection,226
39.705,-104.98,Streets & Traffic,226
39.75,-104.965,Solid Waste,225
39.77,-105.03,Solid Waste,225
39.725,-104.905,Streets & Traffic,225
39.745,-104.97,Streets & Traffic,225
39.75,-104.98,Solid Waste,225
39.71,-104.97,Solid Waste,224
39.735,-104.965,Neighborhood Inspection,224
39.775,-105.005,Streets & Traffic,224
39.69,-104.985,Streets & Traffic,224
39.76,-104.94500000000001,Solid Waste,224
39.74,-104.89,Public Safety (non-emergency),223
39.745,-104.97500000000001,Encampments,223
39.74,-104.97,Solid Waste,223
39.74,-104.92,Neighborhood Inspection,223
39.74,-104.985,Public Safety (non-emergency),222
39.755,-105.0,Streets & Traffic,222
39.75,-104.96000000000001,Streets & Traffic,222
39.76,-104.98,Licensing & Permits,222
39.725,-104.955,Streets & Traffic,222
39.685,-104.98,Neighborhood Inspection,222
39.765,-104.97500000000001,Streets & Traffic,221
39.71,-105.005,Streets & Traffic,221
39.74,-104.93,Solid Waste,221
39.745,-104.91,Streets & Traffic,221
39.74,-105.04,Solid Waste,221
39.72,-104.95,Licensing & Permits,221
39.715,-104.94500000000001,Streets & Traffic,220
39.735,-104.98,Parking & Vehicles,220
39.745,-104.915,Streets & Traffic,220
39.71,-104.97,Neighborhood Inspection,220
39.75,-104.91,Streets & Traffic,220
39.765,-104.97,Streets & Traffic,219
39.765,-105.015,Solid Waste,219
39.71,-104.915,Streets & Traffic,219
39.77,-105.03,Streets & Traffic,219
39.735,-105.0,Solid Waste,219
39.75,-104.99000000000001,Encampments,219
39.75,-104.97500000000001,Neighborhood Inspection,219
39.730000000000004,-104.925,Streets & Traffic,219
39.76,-105.025,Neighborhood Inspection,219
39.76,-105.015,Licensing & Permits,218
39.76,-104.97,Solid Waste,218
39.77,-104.965,Neighborhood Inspection,218
39.765,-105.035,Solid Waste,218
39.765,-104.89,Streets & Traffic,218
39.685,-104.97500000000001,Neighborhood Inspection,217
39.75,-105.035,Neighborhood Inspection,217
39.730000000000004,-105.0,Licensing & Permits,217
39.75,-105.0,Public Health & Noise,217
39.695,-104.98,Streets & Traffic,217
39.74,-104.995,Streets & Traffic,217
39.745,-104.99000000000001,Public Safety (non-emergency),216
39.77,-105.0,Solid Waste,216
39.735,-105.025,Public Safety (non-emergency),216
39.755,-105.025,Solid Waste,216
39.76,-104.96000000000001,Neighborhood Inspection,216
39.675000000000004,-105.03,Neighborhood Inspection,216
39.75,-105.025,Streets & Traffic,216
39.67,-105.03,Neighborhood Inspection,216
39.76,-104.985,Licensing & Permits,216
39.775,-105.045,Solid Waste,215
39.74,-105.035,Streets & Traffic,215
39.76,-105.04,Solid Waste,214
39.74,-104.915,Streets & Traffic,214
39.735,-104.93,Neighborhood Inspection,214
39.695,-105.01,Solid Waste,214
39.695,-104.96000000000001,Streets & Traffic,214
39.675000000000004,-104.99000000000001,Neighborhood Inspection,214
39.735,-104.91,Streets & Traffic,214
39.69,-105.025,Neighborhood Inspection,214
39.74,-105.05,Streets & Traffic,214
39.68,-104.985,Streets & Traffic,213
39.76,-104.96000000000001,Solid Waste,213
39.76,-104.98,Streets & Traffic,213
39.74,-104.97500000000001,Solid Waste,213
39.725,-104.94,Neighborhood Inspection,213
39.765,-104.925,Solid Waste,213
39.77,-105.005,Solid Waste,212
39.675000000000004,-104.97500000000001,Neighborhood Inspection,212
39.74,-104.97,Public Safety (non-emergency),212
39.730000000000004,-104.955,Neighborhood Inspection,212
39.735,-104.985,General Information,211
39.775,-105.05,Neighborhood Inspection,211
39.775,-105.05,Solid Waste,211
39.68,-104.97500000000001,Streets & Traffic,211
39.68,-104.94,Streets & Traffic,211
39.735,-104.96000000000001,Parking & Vehicles,211
39.78,-105.02,Solid Waste,210
39.765,-104.965,Neighborhood Inspection,210
39.755,-104.97500000000001,Solid Waste,210
39.725,-105.04,Neighborhood Inspection,210
39.735,-104.98,Licensing & Permits,210
39.74,-104.925,Streets & Traffic,210
39.675000000000004,-104.96000000000001,Streets & Traffic,209
39.765,-105.045,Solid Waste,209
39.730000000000004,-104.94500000000001,Streets & Traffic,209
39.74,-104.905,Streets & Traffic,209
39.705,-105.02,Neighborhood Inspection,209
39.775,-105.005,Neighborhood Inspection,209
39.77,-105.025,Streets & Traffic,209
39.715,-104.98,Streets & Traffic,209
39.695,-104.96000000000001,Neighborhood Inspection,209
39.74,-104.97500000000001,Public Safety (non-emergency),209
39.765,-105.025,Streets & Traffic,209
39.755,-105.03,Solid Waste,209
39.755,-104.905,Neighborhood Inspection,208
39.74,-104.965,Solid Waste,208
39.67,-104.985,Streets & Traffic,208
39.76,-104.935,Solid Waste,208
39.745,-104.98,Licensing & Permits,208
39.735,-104.97500000000001,Parking & Vehicles,207
39.74,-104.895,Solid Waste,207
39.72,-104.995,Streets & Traffic,207
39.775,-105.0,Neighborhood Inspection,207
39.695,-104.97500000000001,Neighborhood Inspection,206
39.705,-104.97500000000001,Streets & Traffic,206
39.725,-104.98,Parking & Vehicles,206
39.745,-104.965,Solid Waste,206
39.755,-104.935,Solid Waste,205
39.745,-104.97,Neighborhood Inspection,205
39.74,-104.895,Neighborhood Inspection,205
39.745,-104.995,Public Health & Noise,204
39.71,-105.025,Neighborhood Inspection,204
39.775,-105.04,Neighborhood Inspection,204
39.695,-104.99000000000001,Encampments,204
39.75,-105.0,Public Safety (non-emergency),204
39.76,-104.965,Solid Waste,204
39.745,-104.98,General Information,204
39.74,-104.97,Parking & Vehicles,204
39.715,-104.99000000000001,Parking & Vehicles,204
39.74,-104.92,Solid Waste,204
39.76,-104.94,Streets & Traffic,204
39.78,-104.955,Solid Waste,204
39.74,-105.045,Streets & Traffic,203
39.76,-104.995,Streets & Traffic,203
39.78,-105.04,Neighborhood Inspection,203
39.765,-105.01,Licensing & Permits,202
39.800000000000004,-104.88,Solid Waste,202
39.78,-105.02,Neighborhood Inspection,202
39.72,-104.985,Solid Waste,201
39.730000000000004,-105.0,Parking & Vehicles,201
39.755,-105.005,Neighborhood Inspection,201
39.655,-104.885,Streets & Traffic,201
39.74,-104.905,Neighborhood Inspection,201
39.68,-105.025,Neighborhood Inspection,201
39.685,-104.97,Neighborhood Inspection,201
39.705,-104.94,Streets & Traffic,201
39.74,-104.89,Solid Waste,200
39.75,-104.935,Solid Waste,200
39.75,-104.99000000000001,Public Safety (non-emergency),200
39.77,-104.98,Neighborhood Inspection,200
39.71,-105.025,Streets & Traffic,200
39.725,-104.965,Streets & Traffic,200
39.74,-104.935,Solid Waste,199
39.755,-104.985,Parking & Vehicles,199
39.76,-104.98,Solid Waste,199
39.765,-105.04,Neighborhood Inspection,199
39.74,-104.915,Neighborhood Inspection,199
39.730000000000004,-104.915,Streets & Traffic,199
39.69,-104.99000000000001,Neighborhood Inspection,199
39.76,-105.04,Streets & Traffic,199
39.72,-105.04,Solid Waste,199
39.765,-105.01,Streets & Traffic,199
39.68,-104.99000000000001,Streets & Traffic,199
39.76,-104.905,Streets & Traffic,198
39.72,-105.0,Neighborhood Inspection,198
39.730000000000004,-104.93,Streets & Traffic,198
39.735,-104.995,Neighborhood Inspection,198
39.75,-105.025,Neighborhood Inspection,197
39.76,-104.93,Streets & Traffic,197
39.7,-105.005,Neighborhood Inspection,197
39.76,-104.99000000000001,Encampments,197
39.745,-104.905,Streets & Traffic,197
39.74,-105.03,Solid Waste,197
39.77,-105.015,Solid Waste,196
39.765,-105.015,Streets & Traffic,195
39.75,-104.965,Streets & Traffic,195
39.755,-104.985,General Information,195
39.77,-105.015,Streets & Traffic,195
39.75,-104.97500000000001,Solid Waste,195
39.7,-104.96000000000001,Streets & Traffic,195
39.75,-105.03,Neighborhood Inspection,194
39.755,-104.925,Solid Waste,194
39.7,-104.98,Streets & Traffic,194
39.745,-104.93,Streets & Traffic,194
39.725,-104.985,Public Safety (non-emergency),194
39.765,-104.98,Neighborhood Inspection,194
39.68,-104.965,Streets & Traffic,194
39.675000000000004,-104.965,Neighborhood Inspection,193
39.725,-104.97,Streets & Traffic,193
39.72,-105.035,Solid Waste,193
39.77,-105.0,Streets & Traffic,193
39.76,-104.92,Solid Waste,192
39.75,-104.925,Solid Waste,192
39.695,-104.99000000000001,Streets & Traffic,192
39.705,-104.96000000000001,Streets & Traffic,192
39.715,-104.905,Streets & Traffic,192
39.800000000000004,-104.77,Streets & Traffic,192
39.755,-104.96000000000001,Streets & Traffic,192
39.74,-105.04,Public Safety (non-emergency),192
39.76,-105.015,Solid Waste,191
39.755,-104.97500000000001,Licensing & Permits,191
39.77,-105.04,Streets & Traffic,191
39.72,-104.94500000000001,Neighborhood Inspection,191
39.695,-105.01,Neighborhood Inspection,191
39.71,-104.94500000000001,Streets & Traffic,191
39.74,-105.03,Neighborhood Inspection,191
39.715,-105.025,Neighborhood Inspection,191
39.71,-105.02,Solid Waste,190
39.69,-104.96000000000001,Neighborhood Inspection,190
39.7,-104.96000000000001,Neighborhood Inspection,190
39.67,-104.965,Neighborhood Inspection,190
39.74,-104.95,Solid Waste,189
39.69,-104.98,Streets & Traffic,189
39.77,-104.97500000000001,Neighborhood Inspection,189
39.74,-104.93,Streets & Traffic,189
39.77,-105.025,Solid Waste,189
39.74,-105.0,Public Safety (non-emergency),188
39.725,-105.04,Solid Waste,188
39.71,-104.98,Solid Waste,188
39.75,-104.97500000000001,Encampments,188
39.71,-104.965,Neighborhood Inspection,188
39.7,-104.965,Solid Waste,188
39.75,-105.02,Streets & Traffic,187
39.74,-105.045,Solid Waste,187
39.735,-104.94500000000001,Solid Waste,187
39.755,-105.02,Streets & Traffic,187
39.755,-104.995,Encampments,187
39.755,-104.965,Neighborhood Inspection,187
39.755,-104.965,Solid Waste,187
39.735,-105.05,Solid Waste,187
39.75,-104.985,Licensing & Permits,187
39.715,-105.02,Neighborhood Inspection,187
39.735,-104.97,Neighborhood Inspection,187
39.77,-105.005,Streets & Traffic,186
39.735,-104.965,Streets & Traffic,186
39.68,-104.96000000000001,Streets & Traffic,186
39.74,-104.99000000000001,Public Safety (non-emergency),186
39.725,-105.0,Encampments,186
39.765,-104.92,Solid Waste,186
39.735,-104.905,Streets & Traffic,186
39.765,-104.905,Streets & Traffic,185
39.725,-104.99000000000001,Neighborhood Inspection,185
39.715,-105.02,Solid Waste,185
39.785000000000004,-104.885,Streets & Traffic,185
39.755,-104.97,Solid Waste,185
39.77,-105.05,Solid Waste,184
39.72,-104.905,Streets & Traffic,184
39.775,-104.94,Neighborhood Inspection,184
39.77,-104.97500000000001,Streets & Traffic,184
39.715,-104.985,Public Safety (non-emergency),184
39.725,-104.94500000000001,Neighborhood Inspection,184
39.735,-104.97,General Information,184
39.730000000000004,-104.98,General Information,184
39.765,-105.005,Licensing & Permits,183
39.71,-104.905,Streets & Traffic,183
39.685,-104.97500000000001,Streets & Traffic,182
39.735,-105.0,Parking & Vehicles,182
39.765,-104.955,Solid Waste,181
39.74,-105.03,General Information,181
39.765,-104.99000000000001,Encampments,181
39.68,-104.93,Streets & Traffic,181
39.725,-104.935,Streets & Traffic,181
39.675000000000004,-104.935,Neighborhood Inspection,181
39.730000000000004,-104.94,Licensing & Permits,181
39.715,-104.97500000000001,Parking & Vehicles,180
39.76,-105.005,Neighborhood Inspection,180
39.735,-105.04,Streets & Traffic,180
39.765,-105.03,Streets & Traffic,180
39.775,-105.04,Solid Waste,179
39.775,-105.025,Streets & Traffic,179
39.64,-104.905,Streets & Traffic,179
39.75,-105.035,Streets & Traffic,179
39.745,-104.97,Encampments,179
39.74,-105.035,Parking & Vehicles,179
39.775,-105.01,Solid Waste,179
39.69,-104.915,Streets & Traffic,179
39.74,-104.97,General Information,179
39.725,-104.95,Neighborhood Inspection,179
39.715,-104.985,Parking & Vehicles,178
39.76,-105.01,Parking & Vehicles,178
39.745,-105.025,Streets & Traffic,178
39.705,-104.98,Solid Waste,178
39.74,-105.03,Public Safety (non-emergency),178
39.69,-104.98,Solid Waste,178
39.76,-104.97,Neighborhood Inspection,177
39.730000000000004,-105.04,Solid Waste,177
39.715,-104.99000000000001,Public Safety (non-emergency),177
39.72,-105.0,Streets & Traffic,177
39.730000000000004,-105.035,Solid Waste,177
39.735,-104.96000000000001,Solid Waste,177
39.745,-104.935,Solid Waste,176
39.755,-105.04,Neighborhood Inspection,176
39.74,-104.97,Licensing & Permits,176
39.72,-104.99000000000001,Solid Waste,176
39.725,-104.94500000000001,Solid Waste,176
39.68,-105.055,Streets & Traffic,176
39.775,-105.005,Solid Waste,176
39.71,-104.985,Solid Waste,175
39.735,-104.94,General Information,175
39.765,-105.005,Streets & Traffic,175
39.74,-104.89,Neighborhood Inspection,175
39.71,-104.92,Streets & Traffic,175
39.695,-104.985,Parking & Vehicles,175
39.74,-105.05,General Information,175
39.76,-104.915,Streets & Traffic,175
39.75,-105.0,General Information,175
39.69,-104.935,Neighborhood Inspection,174
39.675000000000004,-104.965,Streets & Traffic,174
39.74,-105.045,Neighborhood Inspection,174
39.735,-104.955,Solid Waste,174
39.74,-104.9,Neighborhood Inspection,174
39.715,-105.045,Solid Waste,174
39.765,-104.91,Solid Waste,174
39.705,-104.92,Streets & Traffic,173
39.730000000000004,-104.97,Streets & Traffic,173
39.800000000000004,-104.875,Streets & Traffic,173
39.785000000000004,-105.025,Streets & Traffic,173
39.705,-104.96000000000001,Neighborhood Inspection,173
39.76,-105.01,Solid Waste,173
39.69,-104.97500000000001,Streets & Traffic,172
39.72,-104.965,Streets & Traffic,172
39.755,-104.93,Solid Waste,172
39.76,-104.965,Streets & Traffic,172
39.715,-105.04,Solid Waste,172
39.785000000000004,-105.025,Neighborhood Inspection,172
39.685,-105.03,Neighborhood Inspection,171
39.735,-104.96000000000001,General Information,171
39.730000000000004,-104.985,Public Health & Noise,171
39.78,-104.98,Streets & Traffic,171
39.795,-104.82000000000001,Solid Waste,171
39.745,-105.03,Streets & Traffic,171
39.75,-104.895,Solid Waste,171
39.735,-104.92,Streets & Traffic,171
39.67,-104.99000000000001,Neighborhood Inspection,171
39.735,-105.045,Neighborhood Inspection,170
39.71,-104.935,Streets & Traffic,170
39.76,-105.035,Solid Waste,170
39.755,-105.035,Streets & Traffic,170
39.69,-104.99000000000001,Streets & Traffic,170
39.75,-105.03,Solid Waste,170
39.71,-104.94,Streets & Traffic,169
39.735,-104.995,Public Safety (non-emergency),169
39.745,-105.0,Streets & Traffic,169
39.765,-105.05,Solid Waste,169
39.725,-104.97500000000001,Parking & Vehicles,169
39.755,-105.01,Neighborhood Inspection,169
39.730000000000004,-104.97500000000001,General Information,169
39.69,-104.985,Solid Waste,169
39.67,-105.035,Solid Waste,168
39.735,-105.005,Streets & Traffic,168
39.71,-105.03,Streets & Traffic,168
39.74,-104.955,Solid Waste,168
39.785000000000004,-105.04,Solid Waste,168
39.72,-104.955,Public Safety (non-emergency),168
39.705,-104.965,Neighborhood Inspection,168
39.77,-105.045,Licensing & Permits,168
39.77,-105.05,Streets & Traffic,168
39.75,-104.995,General Information,168
39.7,-104.98,Neighborhood Inspection,168
39.75,-104.97,Solid Waste,168
39.77,-105.01,Streets & Traffic,167
39.765,-104.955,Neighborhood Inspection,167
39.775,-105.02,Solid Waste,167
39.74,-104.98,Licensing & Permits,167
39.785000000000004,-105.035,Solid Waste,167
39.72,-104.98,Parking & Vehicles,167
39.730000000000004,-104.985,General Information,167
39.715,-104.98,Solid Waste,167
39.68,-104.99000000000001,Encampments,166
39.735,-104.985,Solid Waste,166
39.755,-104.89,Solid Waste,166
39.715,-104.98,Parking & Vehicles,166
39.71,-104.97500000000001,Solid Waste,166
39.725,-104.995,Solid Waste,166
39.735,-104.95,Solid Waste,165
39.69,-104.99000000000001,Encampments,165
39.68,-104.95,Neighborhood Inspection,165
39.655,-104.895,Licensing & Permits,165
39.715,-105.03,Solid Waste,165
39.765,-105.035,Streets & Traffic,165
39.755,-105.005,Parks & Trees,165
39.78,-105.015,Solid Waste,165
39.730000000000004,-104.98,Public Safety (non-emergency),165
39.715,-104.95,Streets & Traffic,165
39.71,-105.02,Neighborhood Inspection,165
39.775,-104.94,Streets & Traffic,165
39.775,-105.015,Streets & Traffic,164
39.765,-104.97500000000001,Solid Waste,164
39.735,-104.97500000000001,Licensing & Permits,164
39.76,-105.05,Neighborhood Inspection,164
39.76,-105.05,Solid Waste,164
39.765,-105.025,Solid Waste,164
39.78,-104.805,Solid Waste,164
39.76,-104.94,Solid Waste,164
39.725,-105.035,Solid Waste,164
39.745,-104.925,Streets & Traffic,164
39.735,-105.035,Neighborhood Inspection,164
39.78,-105.045,Solid Waste,163
39.72,-104.94,Neighborhood Inspection,163
39.745,-104.9,Streets & Traffic,163
39.735,-105.03,General Information,163
39.755,-104.96000000000001,Neighborhood Inspection,163
39.755,-104.915,Streets & Traffic,162
39.77,-104.97,Solid Waste,162
39.745,-104.92,Streets & Traffic,162
39.72,-104.99000000000001,Parking & Vehicles,162
39.725,-104.995,Streets & Traffic,161
39.755,-105.02,Solid Waste,161
39.675000000000004,-104.99000000000001,Encampments,161
39.78,-104.96000000000001,Solid Waste,161
39.72,-104.985,Licensing & Permits,161
39.755,-104.935,Streets & Traffic,161
39.730000000000004,-104.995,Public Safety (non-emergency),161
39.695,-104.955,Neighborhood Inspection,161
39.7,-104.905,Streets & Traffic,161
39.75,-104.97,Streets & Traffic,161
39.765,-104.97500000000001,Licensing & Permits,161
39.71,-105.05,Parking & Vehicles,161
39.725,-104.97,Neighborhood Inspection,161
39.705,-104.97500000000001,Neighborhood Inspection,161
39.71,-104.96000000000001,Streets & Traffic,161
39.77,-104.925,Solid Waste,160
39.74,-104.965,General Information,160
39.735,-104.98,Public Health & Noise,160
39.72,-104.97500000000001,Neighborhood Inspection,160
39.74,-104.92,Streets & Traffic,160
39.7,-105.045,Solid Waste,160
39.785000000000004,-105.035,Neighborhood Inspection,160
39.75,-105.04,Solid Waste,160
39.755,-105.0,General Information,160
39.71,-105.035,Neighborhood Inspection,160
39.735,-104.965,Parking & Vehicles,160
39.735,-105.03,Parks & Trees,159
39.695,-104.95,Streets & Traffic,159
39.765,-104.95,Solid Waste,159
39.78,-104.985,Solid Waste,159
39.735,-104.97,Solid Waste,159
39.745,-104.965,Streets & Traffic,159
39.730000000000004,-104.96000000000001,Streets & Traffic,159
39.765,-104.94,Neighborhood Inspection,159
39.715,-104.97500000000001,Solid Waste,159
39.695,-104.965,Streets & Traffic,159
39.695,-105.04,Solid Waste,159
39.78,-105.045,Neighborhood Inspection,158
39.77,-105.02,Solid Waste,158
39.735,-105.05,Neighborhood Inspection,158
39.75,-104.935,Streets & Traffic,158
39.74,-104.965,Parking & Vehicles,158
39.730000000000004,-104.935,Streets & Traffic,158
39.755,-105.04,Solid Waste,158
39.77,-105.0,Parking & Vehicles,158
39.74,-104.94,Public Safety (non-emergency),158
39.730000000000004,-105.045,Solid Waste,158
39.695,-104.94500000000001,Streets & Traffic,157
39.69,-104.96000000000001,Streets & Traffic,157
39.730000000000004,-104.97500000000001,Parking & Vehicles,157
39.755,-104.98,Parking & Vehicles,157
39.725,-104.915,Streets & Traffic,157
39.77,-105.035,Solid Waste,157
39.76,-104.925,Solid Waste,157
39.765,-104.925,Neighborhood Inspection,157
39.74,-104.925,Solid Waste,157
39.730000000000004,-104.94500000000001,Solid Waste,156
39.75,-104.98,Public Health & Noise,156
39.755,-105.02,Parking & Vehicles,156
39.730000000000004,-104.99000000000001,Neighborhood Inspection,156
39.805,-104.875,Solid Waste,156
39.725,-104.995,Parking & Vehicles,156
39.755,-105.03,Streets & Traffic,156
39.76,-104.965,Neighborhood Inspection,156
39.745,-104.97,Public Safety (non-emergency),156
39.775,-105.035,Streets & Traffic,156
39.755,-104.99000000000001,Public Health & Noise,156
39.75,-104.985,General Information,155
39.735,-104.92,Solid Waste,155
39.695,-105.015,Streets & Traffic,155
39.745,-104.995,Parking & Vehicles,155
39.75,-105.035,Solid Waste,155
39.74,-104.895,Public Safety (non-emergency),155
39.705,-105.005,Solid Waste,155
39.725,-105.0,Licensing & Permits,155
39.730000000000004,-104.995,Solid Waste,155
39.7,-104.97500000000001,Neighborhood Inspection,155
39.745,-104.99000000000001,Public Health & Noise,155
39.71,-105.005,Encampments,154
39.7,-105.01,Neighborhood Inspection,154
39.75,-104.99000000000001,Public Health & Noise,154
39.765,-105.04,Solid Waste,154
39.705,-104.925,Parking & Vehicles,154
39.77,-105.035,Streets & Traffic,154
39.705,-105.01,Neighborhood Inspection,154
39.75,-104.99000000000001,Licensing & Permits,154
39.730000000000004,-104.995,Neighborhood Inspection,154
39.675000000000004,-104.995,Encampments,154
39.765,-104.965,Streets & Traffic,153
39.730000000000004,-105.015,Neighborhood Inspection,153
39.755,-105.03,Neighborhood Inspection,153
39.78,-105.04,Solid Waste,153
39.68,-105.035,Neighborhood Inspection,153
39.775,-105.025,Neighborhood Inspection,153
39.675000000000004,-104.94,Streets & Traffic,153
39.75,-104.92,Solid Waste,153
39.69,-104.94,Neighborhood Inspection,153
39.765,-104.96000000000001,Solid Waste,153
39.735,-104.915,Neighborhood Inspection,153
39.725,-105.035,Neighborhood Inspection,153
39.74,-104.96000000000001,Parking & Vehicles,153
39.730000000000004,-105.03,Solid Waste,153
39.72,-104.99000000000001,Licensing & Permits,152
39.77,-104.965,Streets & Traffic,152
39.755,-104.98,Encampments,152
39.755,-104.96000000000001,Solid Waste,152
39.74,-104.98,Parking & Vehicles,152
39.75,-104.93,Solid Waste,152
39.685,-104.98,Streets & Traffic,152
39.75,-105.04,Streets & Traffic,152
39.74,-104.94,Neighborhood Inspection,152
39.76,-105.045,Streets & Traffic,152
39.725,-104.93,Streets & Traffic,152
39.72,-105.04,Streets & Traffic,151
39.695,-104.94500000000001,Neighborhood Inspection,151
39.735,-104.97500000000001,Public Health & Noise,151
39.725,-104.97,Solid Waste,151
39.735,-104.99000000000001,Licensing & Permits,151
39.765,-105.045,Neighborhood Inspection,151
39.745,-105.025,Licensing & Permits,151
39.765,-104.98,Licensing & Permits,151
39.75,-105.02,Neighborhood Inspection,151
39.725,-104.985,Licensing & Permits,150
39.755,-104.91,Solid Waste,150
39.77,-104.97,Parking & Vehicles,150
39.725,-104.965,Solid Waste,150
39.755,-105.01,Streets & Traffic,150
39.695,-104.965,Solid Waste,150
39.795,-104.845,Solid Waste,150
39.745,-104.97500000000001,Neighborhood Inspection,150
39.745,-104.965,Neighborhood Inspection,150
39.745,-104.915,Solid Waste,149
39.7,-104.955,Streets & Traffic,149
39.685,-104.94,Streets & Traffic,149
39.705,-105.025,Neighborhood Inspection,149
39.735,-104.93,Solid Waste,149
39.775,-104.74000000000001,Solid Waste,149
39.76,-104.97,Streets & Traffic,149
39.69,-104.955,Solid Waste,149
39.7,-104.97500000000001,Streets & Traffic,149
39.755,-105.025,Licensing & Permits,149
39.695,-104.94,Neighborhood Inspection,149
39.685,-105.025,Neighborhood Inspection,148
39.67,-104.96000000000001,Neighborhood Inspection,148
39.68,-104.95,Streets & Traffic,148
39.68,-105.03,Streets & Traffic,148
39.755,-104.995,Public Health & Noise,148
39.695,-104.965,Neighborhood Inspection,148
39.675000000000004,-104.99000000000001,Solid Waste,148
39.665,-104.905,Parks & Trees,148
39.735,-104.985,Parking & Vehicles,148
39.75,-104.905,Streets & Traffic,148
39.72,-104.96000000000001,Neighborhood Inspection,148
39.71,-104.99000000000001,Public Safety (non-emergency),148
39.705,-105.05,Solid Waste,148
39.660000000000004,-104.86,General Information,148
39.74,-104.955,Encampments,147
39.72,-104.94500000000001,Solid Waste,147
39.7,-104.955,Solid Waste,147
39.72,-104.915,Streets & Traffic,147
39.74,-104.965,Licensing & Permits,147
39.74,-104.905,Solid Waste,147
39.74,-105.045,Parking & Vehicles,147
39.74,-104.97500000000001,General Information,147
39.755,-105.0,Public Health & Noise,147
39.72,-105.03,Solid Waste,146
39.755,-104.94,Solid Waste,146
39.72,-104.98,Solid Waste,146
39.735,-104.935,Streets & Traffic,146
39.745,-105.025,Neighborhood Inspection,146
39.695,-105.005,Solid Waste,146
39.74,-104.94500000000001,Solid Waste,146
39.71,-104.965,Solid Waste,146
39.735,-104.97,Parking & Vehicles,146
39.705,-105.03,Solid Waste,146
39.675000000000004,-105.035,Solid Waste,146
39.71,-104.94,Public Safety (non-emergency),146
39.730000000000004,-104.97500000000001,Licensing & Permits,146
39.730000000000004,-104.955,Streets & Traffic,146
39.755,-104.98,Licensing & Permits,146
39.735,-105.05,Public Safety (non-emergency),146
39.695,-105.05,Solid Waste,146
39.695,-105.0,Neighborhood Inspection,146
39.715,-104.995,Encampments,145
39.745,-104.935,Streets & Traffic,145
39.715,-104.985,General Information,145
39.76,-104.87,Solid Waste,145
39.735,-104.965,General Information,145
39.75,-104.97500000000001,Licensing & Permits,145
39.685,-104.92,Neighborhood Inspection,145
39.715,-104.94,Neighborhood Inspection,145
39.64,-104.91,Streets & Traffic,145
39.77,-105.005,Licensing & Permits,145
39.735,-104.915,Solid Waste,145
39.730000000000004,-105.045,Public Safety (non-emergency),145
39.730000000000004,-104.93,Neighborhood Inspection,144
39.665,-105.025,Public Safety (non-emergency),144
39.775,-104.81,Streets & Traffic,144
39.795,-104.815,Solid Waste,144
39.730000000000004,-104.97500000000001,Public Safety (non-emergency),144
39.735,-104.985,Licensing & Permits,144
39.71,-105.015,Streets & Traffic,144
39.695,-105.025,Neighborhood Inspection,144
39.725,-104.99000000000001,Streets & Traffic,144
39.76,-105.035,Licensing & Permits,144
39.725,-104.94,Solid Waste,143
39.695,-104.935,General Information,143
39.725,-104.98,Licensing & Permits,143
39.75,-104.96000000000001,Solid Waste,143
39.725,-104.98,General Information,143
39.68,-104.935,Streets & Traffic,143
39.745,-104.9,Solid Waste,143
39.74,-104.935,Streets & Traffic,143
39.72,-105.03,Neighborhood Inspection,143
39.76,-104.93,Solid Waste,143
39.665,-104.94,Neighborhood Inspection,143
39.795,-104.84,Solid Waste,143
39.78,-104.845,Streets & Traffic,142
39.755,-104.97500000000001,Parking & Vehicles,142
39.715,-104.98,General Information,142
39.745,-105.035,Neighborhood Inspection,142
39.7,-104.905,General Information,142
39.75,-104.98,Licensing & Permits,142
39.715,-105.05,Solid Waste,142
39.7,-104.905,Public Safety (non-emergency),142
39.695,-104.92,Streets & Traffic,142
39.725,-105.04,Streets & Traffic,142
39.77,-105.045,Solid Waste,142
39.675000000000004,-105.04,Neighborhood Inspection,142
39.705,-105.015,Neighborhood Inspection,142
39.76,-105.0,Streets & Traffic,142
39.735,-104.9,Neighborhood Inspection,142
39.715,-104.915,Streets & Traffic,142
39.725,-104.98,Solid Waste,141
39.78,-105.045,Streets & Traffic,141
39.665,-104.935,Neighborhood Inspection,141
39.735,-104.925,Solid Waste,141
39.745,-105.035,Streets & Traffic,141
39.67,-104.91,Neighborhood Inspection,141
39.72,-105.05,Solid Waste,141
39.69,-104.95,Streets & Traffic,141
39.7,-104.98,Solid Waste,141
39.72,-104.985,Public Safety (non-emergency),141
39.78,-104.985,Streets & Traffic,141
39.68,-104.92,Neighborhood Inspection,140
39.71,-105.025,Solid Waste,140
39.705,-105.02,Solid Waste,140
39.735,-104.99000000000001,Public Health & Noise,140
39.745,-104.98,Public Health & Noise,140
39.76,-104.97500000000001,Solid Waste,140
39.69,-104.92,Neighborhood Inspection,140
39.695,-104.99000000000001,Neighborhood Inspection,140
39.74,-104.96000000000001,Licensing & Permits,140
39.725,-104.965,Neighborhood Inspection,140
39.74,-104.955,Public Safety (non-emergency),140
39.725,-105.0,Solid Waste,140
39.745,-104.89,Solid Waste,140
39.725,-104.99000000000001,Public Safety (non-emergency),140
39.68,-105.03,Neighborhood Inspection,140
39.735,-105.02,Streets & Traffic,140
39.77,-104.95,Solid Waste,140
39.725,-104.935,Solid Waste,139
39.72,-104.985,Parking & Vehicles,139
39.725,-104.96000000000001,Neighborhood Inspection,139
39.735,-105.05,Encampments,139
39.76,-104.98,Parking & Vehicles,139
39.72,-105.035,Neighborhood Inspection,139
39.765,-104.93,Solid Waste,139
39.76,-104.935,Neighborhood Inspection,139
39.7,-104.95,Streets & Traffic,139
39.79,-104.82000000000001,Solid Waste,139
39.785000000000004,-105.02,Neighborhood Inspection,139
39.765,-104.96000000000001,Streets & Traffic,139
39.745,-104.96000000000001,Neighborhood Inspection,139
39.725,-105.035,Streets & Traffic,139
39.765,-104.98,Streets & Traffic,139
39.78,-105.035,Streets & Traffic,139
39.745,-105.035,Solid Waste,138
39.730000000000004,-104.94,Public Safety (non-emergency),138
39.765,-105.01,Parking & Vehicles,138
39.74,-104.99000000000001,Public Health & Noise,138
39.725,-105.045,Solid Waste,138
39.735,-104.955,Parking & Vehicles,138
39.775,-105.03,Solid Waste,138
39.730000000000004,-104.9,Solid Waste,138
39.735,-104.925,Neighborhood Inspection,138
39.730000000000004,-105.025,Neighborhood Inspection,138
39.730000000000004,-104.985,Solid Waste,138
39.705,-104.965,Solid Waste,138
39.76,-105.005,Streets & Traffic,138
39.730000000000004,-104.92,Neighborhood Inspection,138
39.74,-105.005,Streets & Traffic,138
39.68,-104.97500000000001,Solid Waste,138
39.725,-104.95,Solid Waste,138
39.74,-104.99000000000001,Solid Waste,137
39.7,-104.985,Neighborhood Inspection,137
39.665,-104.915,Streets & Traffic,137
39.74,-104.915,Solid Waste,137
39.725,-105.0,Public Safety (non-emergency),137
39.71,-105.05,Neighborhood Inspection,137
39.77,-105.02,Streets & Traffic,137
39.7,-104.965,Streets & Traffic,137
39.755,-105.04,Streets & Traffic,137
39.71,-105.02,Streets & Traffic,137
39.735,-105.045,Solid Waste,137
39.745,-104.92,Solid Waste,137
39.730000000000004,-104.925,Solid Waste,137
39.745,-104.985,Licensing & Permits,137
39.735,-104.99000000000001,General Information,136
39.705,-105.045,Solid Waste,136
39.715,-105.025,Solid Waste,136
39.68,-104.955,Parking & Vehicles,136
39.74,-104.96000000000001,General Information,136
39.745,-104.91,Solid Waste,136
39.69,-104.96000000000001,Solid Waste,136
39.625,-104.91,Streets & Traffic,136
39.675000000000004,-104.915,Streets & Traffic,136
39.785000000000004,-105.035,Streets & Traffic,136
39.745,-104.985,General Information,136
39.76,-105.025,Solid Waste,136
39.76,-105.015,Parking & Vehicles,136
39.675000000000004,-104.905,Streets & Traffic,136
39.74,-104.9,Solid Waste,136
39.76,-104.935,Streets & Traffic,136
39.730000000000004,-105.0,Public Safety (non-emergency),136
39.76,-105.045,Solid Waste,136
39.69,-104.94,Public Safety (non-emergency),135
39.76,-104.95,Solid Waste,135
39.735,-104.9,Streets & Traffic,135
39.735,-104.94,Public Safety (non-emergency),135
39.74,-104.99000000000001,Parking & Vehicles,135
39.735,-105.0,Licensing & Permits,135
39.785000000000004,-105.04,Neighborhood Inspection,135
39.730000000000004,-104.985,Licensing & Permits,135
39.755,-105.05,Solid Waste,135
39.74,-104.985,Public Health & Noise,135
39.705,-104.97,Streets & Traffic,134
39.665,-105.025,Public Health & Noise,134
39.76,-105.05,Streets & Traffic,134
39.755,-104.99000000000001,General Information,134
39.68,-104.955,Neighborhood Inspection,134
39.76,-104.9,Streets & Traffic,134
39.72,-105.04,Neighborhood Inspection,134
39.735,-104.93,Streets & Traffic,134
39.755,-104.995,Public Safety (non-emergency),134
39.775,-105.045,Licensing & Permits,134
39.75,-104.94,Streets & Traffic,134
39.655,-104.885,Neighborhood Inspection,134
39.685,-104.97500000000001,Solid Waste,134
39.75,-104.97,Neighborhood Inspection,134
39.72,-104.995,Parking & Vehicles,133
39.71,-105.045,Solid Waste,133
39.725,-104.91,Streets & Traffic,133
39.735,-105.035,Public Safety (non-emergency),133
39.695,-104.985,Solid Waste,133
39.71,-104.99000000000001,Neighborhood Inspection,133
39.735,-105.035,Solid Waste,133
39.71,-104.915,Neighborhood Inspection,133
39.75,-104.99000000000001,General Information,132
39.735,-105.035,Parks & Trees,132
39.71,-105.03,Neighborhood Inspection,132
39.755,-105.005,Licensing & Permits,132
39.7,-104.905,Public Health & Noise,132
39.79,-104.985,Public Safety (non-emergency),132
39.71,-105.045,Streets & Traffic,132
39.725,-104.985,General Information,132
39.765,-104.905,Solid Waste,131
39.685,-104.985,Solid Waste,131
39.79,-105.02,Neighborhood Inspection,131
39.685,-104.94500000000001,Neighborhood Inspection,131
39.745,-104.98,Solid Waste,131
39.715,-104.9,Solid Waste,131
39.72,-105.025,Neighborhood Inspection,131
39.74,-104.955,General Information,131
39.715,-105.035,Solid Waste,131
39.77,-104.755,Solid Waste,131
39.68,-104.985,Solid Waste,131
39.745,-104.895,Solid Waste,131
39.78,-105.01,Solid Waste,131
39.78,-105.05,Neighborhood Inspection,131
39.730000000000004,-104.91,Streets & Traffic,131
39.735,-104.925,Streets & Traffic,131
39.735,-105.0,Public Safety (non-emergency),130
39.715,-105.0,Streets & Traffic,130
39.655,-104.935,Solid Waste,130
39.755,-104.895,Solid Waste,130
39.7,-104.965,Neighborhood Inspection,130
39.785000000000004,-104.83500000000001,Solid Waste,130
39.78,-104.745,Solid Waste,130
39.745,-104.94,Solid Waste,130
39.72,-105.025,Streets & Traffic,130
39.765,-104.935,Solid Waste,130
39.755,-104.94,Streets & Traffic,130
39.695,-104.955,Streets & Traffic,130
39.785000000000004,-105.035,Parking & Vehicles,130
39.74,-104.93,Parking & Vehicles,130
39.745,-104.99000000000001,General Information,129
39.745,-105.03,Licensing & Permits,129
39.72,-104.93,Streets & Traffic,129
39.785000000000004,-105.015,Solid Waste,129
39.715,-105.0,Neighborhood Inspection,129
39.745,-104.96000000000001,Encampments,129
39.725,-104.91,Neighborhood Inspection,129
39.685,-104.94,Neighborhood Inspection,129
39.68,-105.045,Neighborhood Inspection,129
39.685,-104.895,Solid Waste,129
39.74,-105.035,Licensing & Permits,129
39.765,-104.905,Neighborhood Inspection,129
39.765,-104.97,Parking & Vehicles,129
39.72,-104.91,Solid Waste,129
39.705,-105.005,Neighborhood Inspection,129
39.730000000000004,-104.905,Streets & Traffic,129
39.79,-104.845,Parking & Vehicles,128
39.74,-104.985,Neighborhood Inspection,128
39.72,-105.03,Streets & Traffic,128
39.78,-104.81,Solid Waste,128
39.76,-104.915,Solid Waste,128
39.705,-104.97500000000001,Solid Waste,128
39.655,-104.93,Streets & Traffic,128
39.79,-104.84,Solid Waste,128
39.715,-105.035,Neighborhood Inspection,128
39.755,-104.98,General Information,128
39.76,-104.97500000000001,Licensing & Permits,128
39.77,-104.905,Streets & Traffic,128
39.71,-104.91,Streets & Traffic,128
39.765,-105.045,Streets & Traffic,128
39.775,-105.0,Streets & Traffic,128
39.775,-104.98,Streets & Traffic,128
39.7,-104.92,Neighborhood Inspection,128
39.76,-105.045,Neighborhood Inspection,128
39.76,-105.01,General Information,128
39.68,-105.05,Neighborhood Inspection,128
39.775,-105.04,Streets & Traffic,128
39.77,-104.95,Neighborhood Inspection,128
39.660000000000004,-104.93,Neighborhood Inspection,128
39.715,-105.0,Encampments,128
39.655,-104.9,Streets & Traffic,128
39.74,-104.95,Parking & Vehicles,128
39.72,-104.925,Streets & Traffic,127
39.67,-105.03,Solid Waste,127
39.745,-104.97500000000001,Public Safety (non-emergency),127
39.77,-105.01,Licensing & Permits,127
39.755,-104.905,Solid Waste,127
39.735,-105.045,Streets & Traffic,127
39.755,-104.97,Streets & Traffic,127
39.765,-104.94500000000001,Solid Waste,127
39.63,-104.895,Streets & Traffic,127
39.76,-104.905,Solid Waste,127
39.660000000000004,-104.9,Streets & Traffic,127
39.69,-105.025,Streets & Traffic,127
39.79,-105.02,Solid Waste,127
39.75,-104.995,Parking & Vehicles,127
39.655,-104.925,Streets & Traffic,127
39.79,-104.885,Solid Waste,127
39.67,-104.99000000000001,Solid Waste,127
39.735,-104.96000000000001,Public Safety (non-emergency),127
39.775,-105.045,Parking & Vehicles,127
39.72,-105.05,Neighborhood Inspection,127
39.755,-104.965,Streets & Traffic,126
39.77,-104.92,Neighborhood Inspection,126
39.745,-104.97,Licensing & Permits,126
39.75,-104.91,Neighborhood Inspection,126
39.68,-105.04,Neighborhood Inspection,126
39.68,-104.98,Neighborhood Inspection,126
39.69,-104.955,Streets & Traffic,126
39.695,-105.0,Streets & Traffic,126
39.67,-104.99000000000001,Streets & Traffic,126
39.72,-104.925,Solid Waste,126
39.74,-104.97,Public Health & Noise,126
39.75,-104.96000000000001,Neighborhood Inspection,126
39.78,-105.01,Neighborhood Inspection,126
39.78,-105.025,Streets & Traffic,126
39.72,-104.955,Parking & Vehicles,126
39.660000000000004,-104.885,Streets & Traffic,126
39.705,-104.92,Neighborhood Inspection,126
39.695,-104.96000000000001,Solid Waste,125
39.76,-104.955,Solid Waste,125
39.74,-104.885,General Information,125
39.715,-104.97500000000001,General Information,125
39.730000000000004,-104.98,Solid Waste,125
39.735,-104.995,General Information,125
39.71,-105.04,Solid Waste,125
39.68,-105.055,Neighborhood Inspection,125
39.660000000000004,-105.025,Streets & Traffic,125
39.725,-104.93,Solid Waste,125
39.685,-104.905,Streets & Traffic,125
39.665,-105.025,General Information,125
39.74,-104.91,Streets & Traffic,125
39.74,-104.885,Public Safety (non-emergency),125
39.725,-104.955,Solid Waste,124
39.775,-105.03,Streets & Traffic,124
39.65,-105.055,Streets & Traffic,124
39.675000000000004,-104.94,Licensing & Permits,124
39.74,-105.05,Parking & Vehicles,124
39.72,-105.025,Solid Waste,124
39.735,-105.035,General Information,124
39.76,-104.91,Solid Waste,124
39.765,-105.02,Streets & Traffic,124
39.735,-104.995,Public Health & Noise,124
39.785000000000004,-104.95,Neighborhood Inspection,124
39.69,-105.035,Neighborhood Inspection,124
39.77,-105.04,Solid Waste,124
39.785000000000004,-104.81,Streets & Traffic,124
39.705,-105.05,Neighborhood Inspection,124
39.64,-104.895,Streets & Traffic,123
39.72,-104.97500000000001,Parks & Trees,123
39.805,-104.885,Solid Waste,123
39.68,-104.98,Solid Waste,123
39.78,-104.96000000000001,Neighborhood Inspection,123
39.785000000000004,-104.85000000000001,Licensing & Permits,123
39.76,-104.985,Parking & Vehicles,123
39.705,-105.04,Solid Waste,123
39.675000000000004,-104.99000000000001,Streets & Traffic,123
39.685,-104.915,Solid Waste,123
39.785000000000004,-104.77,Neighborhood Inspection,123
39.67,-105.04,Solid Waste,123
39.730000000000004,-104.96000000000001,Neighborhood Inspection,123
39.745,-104.985,Public Health & Noise,123
39.68,-105.01,Streets & Traffic,123
39.715,-104.99000000000001,Licensing & Permits,123
39.725,-104.955,Neighborhood Inspection,122
39.72,-104.99000000000001,General Information,122
39.730000000000004,-104.98,Licensing & Permits,122
39.71,-105.03,Solid Waste,122
39.745,-104.99000000000001,Parking & Vehicles,122
39.745,-105.025,Solid Waste,122
39.74,-105.0,Neighborhood Inspection,122
39.68,-104.955,Streets & Traffic,122
39.65,-104.91,Streets & Traffic,122
39.665,-104.935,Streets & Traffic,122
39.805,-104.765,General Information,122
39.67,-105.025,Neighborhood Inspection,122
39.79,-105.01,Solid Waste,122
39.695,-104.955,Solid Waste,122
39.795,-104.83,Solid Waste,121
39.74,-105.04,General Information,121
39.715,-104.99000000000001,General Information,121
39.75,-104.905,Neighborhood Inspection,121
39.68,-105.0,Streets & Traffic,121
39.7,-104.97500000000001,Solid Waste,121
39.75,-104.985,Solid Waste,121
39.77,-104.96000000000001,Neighborhood Inspection,121
39.795,-104.885,Streets & Traffic,121
39.75,-104.92,Streets & Traffic,121
39.755,-105.05,Neighborhood Inspection,121
39.735,-104.955,Licensing & Permits,121
39.7,-104.91,Streets & Traffic,121
39.755,-104.99000000000001,Solid Waste,121
39.745,-104.895,Neighborhood Inspection,121
39.725,-104.98,Public Health & Noise,121
39.765,-104.89,Solid Waste,121
39.74,-104.9,Streets & Traffic,121
39.675000000000004,-104.97,Solid Waste,120
39.735,-104.9,General Information,120
39.78,-104.98,Neighborhood Inspection,120
39.785000000000004,-104.985,Solid Waste,120
39.75,-105.03,Streets & Traffic,120
39.730000000000004,-104.905,Neighborhood Inspection,120
39.725,-104.99000000000001,Licensing & Permits,120
39.74,-104.92,Parking & Vehicles,120
39.7,-105.02,Parks & Trees,120
39.71,-104.995,Public Safety (non-emergency),120
39.730000000000004,-104.935,Public Safety (non-emergency),120
39.7,-104.875,Streets & Traffic,120
39.76,-104.94,Neighborhood Inspection,120
39.730000000000004,-105.015,Streets & Traffic,120
39.715,-105.045,Streets & Traffic,120
39.68,-104.98,Streets & Traffic,120
39.69,-104.94,Streets & Traffic,120
39.71,-104.995,Streets & Traffic,120
39.785000000000004,-105.01,Solid Waste,120
39.715,-104.94500000000001,Neighborhood Inspection,120
39.795,-104.845,Neighborhood Inspection,120
39.65,-104.9,Neighborhood Inspection,120
39.685,-104.94,Licensing & Permits,120
39.72,-104.985,General Information,120
39.675000000000004,-104.97500000000001,Streets & Traffic,119
39.785000000000004,-105.02,Solid Waste,119
39.75,-104.885,Streets & Traffic,119
39.765,-104.97,Licensing & Permits,119
39.755,-105.045,Streets & Traffic,119
39.800000000000004,-104.875,Solid Waste,119
39.735,-104.935,Neighborhood Inspection,119
39.715,-104.995,Parking & Vehicles,119
39.735,-105.04,Parking & Vehicles,119
39.69,-104.93,Solid Waste,119
39.655,-105.055,Streets & Traffic,119
39.775,-105.035,Neighborhood Inspection,119
39.660000000000004,-104.96000000000001,Streets & Traffic,119
39.715,-104.92,Streets & Traffic,119
39.735,-104.97,Parks & Trees,118
39.705,-105.045,General Information,118
39.765,-104.97500000000001,Encampments,118
39.72,-104.95,Public Health & Noise,118
39.735,-105.03,Solid Waste,118
39.715,-104.91,Streets & Traffic,118
39.725,-104.985,Public Health & Noise,118
39.755,-105.035,Solid Waste,118
39.72,-104.94,Solid Waste,118
39.725,-104.96000000000001,Solid Waste,118
39.69,-104.955,Neighborhood Inspection,118
39.7,-104.96000000000001,Solid Waste,118
39.74,-104.965,Public Health & Noise,118
39.67,-104.985,Solid Waste,118
39.745,-104.965,Public Safety (non-emergency),117
39.695,-104.97500000000001,Solid Waste,117
39.68,-104.93,Neighborhood Inspection,117
39.675000000000004,-104.95,Streets & Traffic,117
39.685,-104.985,Streets & Traffic,117
39.775,-104.82000000000001,Solid Waste,117
39.67,-104.95,Solid Waste,117
39.765,-104.98,Encampments,117
39.76,-104.895,Solid Waste,117
39.725,-104.99000000000001,Encampments,117
39.74,-104.89,Streets & Traffic,117
39.705,-105.035,Solid Waste,117
39.74,-105.04,Parking & Vehicles,117
39.745,-104.89,Neighborhood Inspection,117
39.765,-104.94,Solid Waste,116
39.685,-105.02,Solid Waste,116
39.72,-104.98,General Information,116
39.725,-104.925,Streets & Traffic,116
39.68,-104.935,General Information,116
39.75,-104.915,Solid Waste,116
39.755,-105.005,Streets & Traffic,116
39.745,-105.03,General Information,116
39.715,-105.035,Parking & Vehicles,116
39.71,-104.915,Solid Waste,116
39.75,-105.04,Neighborhood Inspection,116
39.78,-105.04,Streets & Traffic,116
39.77,-104.905,Public Safety (non-emergency),116
39.72,-105.03,Parks & Trees,116
39.775,-104.75,Solid Waste,116
39.685,-104.96000000000001,Streets & Traffic,116
39.71,-105.015,Neighborhood Inspection,116
39.76,-104.98,General Information,115
39.76,-105.01,Public Safety (non-emergency),115
39.775,-105.05,Streets & Traffic,115
39.785000000000004,-104.985,Neighborhood Inspection,115
39.72,-104.92,Solid Waste,115
39.74,-104.955,Parking & Vehicles,115
39.745,-104.98,Parking & Vehicles,115
39.76,-105.055,Streets & Traffic,115
39.715,-104.995,Public Safety (non-emergency),115
39.69,-105.04,Solid Waste,115
39.705,-105.025,Streets & Traffic,115
39.730000000000004,-104.95,Solid Waste,115
39.755,-104.925,Streets & Traffic,115
39.71,-105.01,Neighborhood Inspection,115
39.68,-104.94,Neighborhood Inspection,115
39.71,-105.03,General Information,115
39.7,-105.04,Solid Waste,115
39.72,-104.93,Neighborhood Inspection,115
39.660000000000004,-104.86,Public Safety (non-emergency),115
39.705,-105.04,General Information,115
39.78,-105.015,Neighborhood Inspection,115
39.79,-105.04,Solid Waste,114
39.685,-104.915,Neighborhood Inspection,114
39.695,-104.925,Neighborhood Inspection,114
39.71,-104.965,Streets & Traffic,114
39.695,-104.93,Neighborhood Inspection,114
39.69,-104.94,Licensing & Permits,114
39.745,-104.9,Neighborhood Inspection,114
39.730000000000004,-104.91,Solid Waste,114
39.68,-104.94500000000001,Streets & Traffic,114
39.730000000000004,-104.97,Solid Waste,114
39.74,-105.04,Licensing & Permits,114
39.76,-104.92,Streets & Traffic,114
39.735,-105.04,Licensing & Permits,114
39.7,-104.94500000000001,Neighborhood Inspection,114
39.78,-105.01,Streets & Traffic,114
39.675000000000004,-104.92,Encampments,114
39.665,-105.025,Streets & Traffic,114
39.74,-105.05,Public Health & Noise,114
39.775,-104.97500000000001,Streets & Traffic,114
39.705,-105.04,Streets & Traffic,114
39.7,-105.05,Neighborhood Inspection,114
39.715,-104.94500000000001,Parking & Vehicles,114
39.7,-104.915,Streets & Traffic,114
39.675000000000004,-104.92,Streets & Traffic,114
39.72,-104.955,Public Health & Noise,114
39.730000000000004,-104.905,Solid Waste,113
39.76,-104.87,Streets & Traffic,113
39.745,-104.93,Solid Waste,113
39.775,-105.03,Neighborhood Inspection,113
39.75,-105.02,Licensing & Permits,113
39.785000000000004,-105.03,Solid Waste,113
39.77,-104.98,Streets & Traffic,113
39.655,-104.87,Neighborhood Inspection,113
39.79,-105.055,Streets & Traffic,113
39.685,-104.99000000000001,Encampments,113
39.77,-104.92,Solid Waste,113
39.745,-104.895,Streets & Traffic,113
39.660000000000004,-104.94,Parks & Trees,113
39.755,-104.9,Streets & Traffic,113
39.695,-104.985,Licensing & Permits,113
39.755,-104.875,Solid Waste,113
39.730000000000004,-104.995,Parking & Vehicles,112
39.795,-104.81,Solid Waste,112
39.74,-105.05,Licensing & Permits,112
39.72,-104.94500000000001,Parking & Vehicles,112
39.68,-105.05,Solid Waste,112
39.67,-104.96000000000001,General Information,112
39.705,-104.96000000000001,Solid Waste,112
39.78,-104.955,Neighborhood Inspection,112
39.755,-105.025,Public Safety (non-emergency),112
39.75,-104.97500000000001,Parking & Vehicles,112
39.7,-105.025,Solid Waste,112
39.72,-104.97,Streets & Traffic,112
39.79,-105.01,Neighborhood Inspection,112
39.68,-104.995,Solid Waste,112
39.67,-104.905,Streets & Traffic,112
39.68,-104.99000000000001,Licensing & Permits,112
39.695,-104.995,Streets & Traffic,112
39.665,-104.965,Solid Waste,111
39.75,-105.025,Licensing & Permits,111
39.730000000000004,-105.05,Solid Waste,111
39.74,-104.885,Neighborhood Inspection,111
39.765,-104.98,Public Health & Noise,111
39.76,-104.97,General Information,111
39.715,-105.005,Public Health & Noise,111
39.655,-104.875,Streets & Traffic,111
39.765,-104.885,Solid Waste,111
39.67,-104.94500000000001,Solid Waste,111
39.730000000000004,-104.915,Solid Waste,111
39.745,-104.895,General Information,111
39.730000000000004,-104.93,Solid Waste,111
39.765,-104.94,Streets & Traffic,111
39.735,-104.97,Licensing & Permits,111
39.655,-105.055,Public Safety (non-emergency),111
39.74,-104.995,Public Safety (non-emergency),111
39.74,-104.94500000000001,Licensing & Permits,111
39.72,-105.0,Licensing & Permits,111
39.68,-104.97,Solid Waste,111
39.68,-104.96000000000001,Licensing & Permits,111
39.7,-104.91,Licensing & Permits,110
39.745,-104.97,Public Health & Noise,110
39.765,-104.925,Streets & Traffic,110
39.730000000000004,-104.925,Neighborhood Inspection,110
39.800000000000004,-104.79,Streets & Traffic,110
39.74,-104.96000000000001,Public Health & Noise,110
39.72,-104.99000000000001,Public Safety (non-emergency),110
39.655,-104.93,Neighborhood Inspection,110
39.735,-105.04,General Information,110
39.74,-104.91,Neighborhood Inspection,110
39.730000000000004,-105.0,General Information,110
39.79,-104.83500000000001,Neighborhood Inspection,110
39.665,-104.93,Neighborhood Inspection,110
39.77,-104.93,Solid Waste,110
39.685,-105.025,General Information,110
39.69,-105.02,Solid Waste,110
39.775,-104.94,General Information,110
39.730000000000004,-104.97500000000001,Public Health & Noise,110
39.7,-105.025,Streets & Traffic,109
39.695,-105.015,Solid Waste,109
39.735,-105.005,Public Safety (non-emergency),109
39.730000000000004,-104.935,Solid Waste,109
39.715,-105.045,Neighborhood Inspection,109
39.755,-104.99000000000001,Parking & Vehicles,109
39.69,-104.92,Solid Waste,109
39.68,-104.995,Neighborhood Inspection,109
39.735,-104.99000000000001,Encampments,109
39.71,-105.005,Neighborhood Inspection,109
39.67,-104.965,Solid Waste,109
39.74,-104.97500000000001,Public Health & Noise,109
39.71,-105.04,Neighborhood Inspection,109
39.7,-105.015,Neighborhood Inspection,109
39.665,-104.95,Streets & Traffic,109
39.76,-104.955,Neighborhood Inspection,109
39.745,-104.885,Streets & Traffic,109
39.745,-104.995,Encampments,109
39.64,-104.9,Public Safety (non-emergency),108
39.78,-105.035,Solid Waste,108
39.755,-105.025,General Information,108
39.715,-104.985,Public Health & Noise,108
39.67,-104.97,Neighborhood Inspection,108
39.785000000000004,-105.01,Neighborhood Inspection,108
39.68,-104.955,Solid Waste,108
39.705,-104.965,Streets & Traffic,108
39.785000000000004,-104.845,Streets & Traffic,108
39.725,-104.92,Solid Waste,108
39.735,-105.005,Solid Waste,108
39.730000000000004,-104.92,Streets & Traffic,108
39.795,-104.825,Solid Waste,108
39.7,-104.91,Public Safety (non-emergency),108
39.72,-104.995,Licensing & Permits,108
39.745,-104.97,Solid Waste,108
39.75,-104.93,Streets & Traffic,108
39.67,-104.875,Public Safety (non-emergency),108
39.735,-104.95,Parking & Vehicles,108
39.75,-104.97500000000001,General Information,108
39.74,-104.97500000000001,Licensing & Permits,107
39.705,-104.89,Streets & Traffic,107
39.77,-105.02,Licensing & Permits,107
39.77,-104.94500000000001,Solid Waste,107
39.7,-104.96000000000001,Licensing & Permits,107
39.77,-104.98,Licensing & Permits,107
39.725,-105.025,Public Safety (non-emergency),107
39.76,-104.93,Neighborhood Inspection,107
39.75,-104.98,Parking & Vehicles,107
39.725,-105.045,Neighborhood Inspection,107
39.74,-105.03,Public Health & Noise,107
39.785000000000004,-104.745,Solid Waste,107
39.715,-104.94500000000001,Solid Waste,107
39.685,-105.025,Streets & Traffic,107
39.765,-104.95,Neighborhood Inspection,107
39.65,-104.885,Streets & Traffic,107
39.685,-104.93,Neighborhood Inspection,107
39.755,-104.905,Streets & Traffic,107
39.75,-104.89,Streets & Traffic,107
39.735,-105.025,Streets & Traffic,107
39.785000000000004,-104.83500000000001,Neighborhood Inspection,107
39.755,-104.915,Solid Waste,107
39.725,-105.04,Parking & Vehicles,107
39.735,-104.995,Licensing & Permits,107
39.675000000000004,-104.97500000000001,Solid Waste,107
39.735,-104.9,Solid Waste,106
39.69,-104.98,Parking & Vehicles,106
39.71,-104.92,Solid Waste,106
39.645,-104.895,Streets & Traffic,106
39.730000000000004,-104.935,Neighborhood Inspection,106
39.730000000000004,-104.97,Parking & Vehicles,106
39.730000000000004,-104.97,Neighborhood Inspection,106
39.78,-104.74000000000001,Solid Waste,106
39.730000000000004,-104.895,Solid Waste,106
39.76,-104.955,Streets & Traffic,106
39.78,-105.025,Solid Waste,106
39.76,-104.915,Neighborhood Inspection,106
39.78,-104.85000000000001,Public Safety (non-emergency),106
39.675000000000004,-104.915,General Information,106
39.76,-104.985,Public Health & Noise,106
39.725,-104.98,Public Safety (non-emergency),106
39.695,-104.93,Streets & Traffic,106
39.71,-104.92,Neighborhood Inspection,106
39.685,-104.955,Solid Waste,106
39.675000000000004,-104.92,General Information,106
39.78,-105.025,Neighborhood Inspection,106
39.68,-105.035,Streets & Traffic,106
39.715,-104.905,Neighborhood Inspection,105
39.67,-105.045,Neighborhood Inspection,105
39.74,-105.035,Public Safety (non-emergency),105
39.765,-104.92,Streets & Traffic,105
39.695,-105.0,Encampments,105
39.755,-104.925,Neighborhood Inspection,105
39.735,-105.03,Neighborhood Inspection,105
39.74,-104.895,Streets & Traffic,105
39.660000000000004,-105.035,Solid Waste,105
39.71,-105.035,Solid Waste,105
39.695,-104.93,Solid Waste,105
39.675000000000004,-104.915,Encampments,105
39.775,-105.025,Solid Waste,105
39.72,-105.045,Solid Waste,105
39.775,-105.015,Licensing & Permits,105
39.745,-104.965,Licensing & Permits,105
39.71,-105.04,Streets & Traffic,105
39.755,-105.005,General Information,105
39.755,-104.94,Neighborhood Inspection,105
39.730000000000004,-105.015,Licensing & Permits,105
39.715,-104.94,Solid Waste,105
39.76,-104.905,Neighborhood Inspection,105
39.745,-104.96000000000001,Solid Waste,105
39.74,-104.94,Encampments,104
39.755,-105.015,Public Safety (non-emergency),104
39.69,-104.905,Streets & Traffic,104
39.74,-104.955,Licensing & Permits,104
39.735,-104.955,General Information,104
39.755,-105.035,Neighborhood Inspection,104
39.76,-105.005,Licensing & Permits,104
39.68,-104.94,Licensing & Permits,104
39.755,-104.885,Solid Waste,104
39.68,-105.035,Solid Waste,104
39.745,-105.01,Streets & Traffic,104
39.67,-104.97500000000001,Streets & Traffic,104
39.78,-104.74000000000001,Neighborhood Inspection,104
39.735,-105.03,Streets & Traffic,104
39.715,-104.925,Streets & Traffic,104
39.68,-104.94500000000001,Neighborhood Inspection,104
39.67,-104.94,Neighborhood Inspection,104
39.79,-105.015,Neighborhood Inspection,104
39.715,-105.025,Public Safety (non-emergency),104
39.74,-104.92,Licensing & Permits,104
39.775,-104.95,Solid Waste,104
39.78,-105.015,Streets & Traffic,104
39.685,-104.91,Streets & Traffic,104
39.675000000000004,-104.955,Streets & Traffic,104
39.715,-104.92,Solid Waste,104
39.72,-104.93,Solid Waste,104
39.75,-104.91,Solid Waste,103
39.76,-105.01,Public Health & Noise,103
39.730000000000004,-105.005,Streets & Traffic,103
39.765,-104.88,Solid Waste,103
39.755,-104.985,Public Health & Noise,103
39.74,-105.035,General Information,103
39.78,-104.86500000000001,Streets & Traffic,103
39.79,-104.83500000000001,Parking & Vehicles,103
39.765,-104.99000000000001,Public Safety (non-emergency),103
39.735,-104.895,General Information,103
39.67,-104.955,Solid Waste,103
39.715,-104.995,Streets & Traffic,103
39.74,-104.89,General Information,103
39.68,-104.97,Licensing & Permits,103
39.675000000000004,-104.985,Streets & Traffic,103
39.685,-105.03,Solid Waste,103
39.77,-104.95,Streets & Traffic,103
39.69,-105.005,Solid Waste,103
39.71,-105.025,Public Safety (non-emergency),103
39.715,-104.97500000000001,Licensing & Permits,102
39.755,-104.93,Streets & Traffic,102
39.75,-104.97,General Information,102
39.685,-105.05,Neighborhood Inspection,102
39.69,-104.98,Licensing & Permits,102
39.69,-105.05,Neighborhood Inspection,102
39.695,-105.02,Solid Waste,102
39.77,-104.915,Solid Waste,102
39.645,-104.885,Solid Waste,102
39.79,-104.83,Solid Waste,102
39.695,-104.97,Streets & Traffic,102
39.72,-105.0,Solid Waste,102
39.685,-104.98,Solid Waste,102
39.755,-105.025,Parking & Vehicles,102
39.785000000000004,-104.82000000000001,Solid Waste,102
39.7,-104.95,Solid Waste,102
39.75,-104.97,Encampments,102
39.775,-105.035,Solid Waste,102
39.755,-104.94500000000001,Solid Waste,102
39.775,-104.815,Solid Waste,102
39.72,-104.91,Neighborhood Inspection,102
39.660000000000004,-104.94,Streets & Traffic,102
39.67,-105.035,Streets & Traffic,102
39.755,-104.98,Public Health & Noise,102
39.78,-104.955,Streets & Traffic,102
39.665,-104.93,Streets & Traffic,102
39.74,-104.97500000000001,Parking & Vehicles,102
39.76,-105.0,Public Safety (non-emergency),102
39.72,-104.97500000000001,Solid Waste,102
39.730000000000004,-105.035,Neighborhood Inspection,102
39.71,-104.98,General Information,101
39.800000000000004,-104.885,Solid Waste,101
39.755,-105.015,Streets & Traffic,101
39.71,-104.99000000000001,Encampments,101
39.78,-105.045,Parking & Vehicles,101
39.660000000000004,-105.05,Neighborhood Inspection,101
39.775,-105.005,Parking & Vehicles,101
39.675000000000004,-104.97,Streets & Traffic,101
39.67,-104.94500000000001,Streets & Traffic,101
39.71,-104.98,Licensing & Permits,101
39.67,-104.955,Streets & Traffic,101
39.695,-104.91,Streets & Traffic,101
39.79,-104.75,Solid Waste,101
39.76,-105.015,Public Safety (non-emergency),101
39.76,-104.99000000000001,Public Safety (non-emergency),101
39.67,-104.965,Streets & Traffic,101
39.79,-104.825,Solid Waste,101
39.665,-105.08,Streets & Traffic,101
39.79,-105.025,Streets & Traffic,101
39.76,-104.97500000000001,General Information,101
39.765,-105.05,Neighborhood Inspection,101
39.735,-104.905,Solid Waste,101
39.785000000000004,-104.845,General Information,101
39.755,-104.89,Neighborhood Inspection,101
39.7,-105.035,Solid Waste,101
39.685,-105.015,Neighborhood Inspection,101
39.655,-104.915,Encampments,101
39.745,-104.965,General Information,101
39.705,-105.045,Streets & Traffic,101
39.730000000000004,-104.985,Parking & Vehicles,101
39.705,-104.875,General Information,100
39.72,-104.995,General Information,100
39.78,-104.96000000000001,Streets & Traffic,100
39.675000000000004,-104.91,Neighborhood Inspection,100
39.69,-104.925,Neighborhood Inspection,100
39.765,-104.965,Licensing & Permits,100
39.745,-104.97500000000001,Licensing & Permits,100
39.695,-105.005,Parking & Vehicles,100
39.63,-105.10000000000001,Solid Waste,100
39.745,-105.055,Parks & Trees,100
39.7,-105.04,Neighborhood Inspection,100
39.77,-105.05,Parking & Vehicles,100
39.675000000000004,-105.0,Neighborhood Inspection,100
39.685,-105.035,Neighborhood Inspection,100
39.735,-104.95,General Information,100
39.76,-104.985,Encampments,100
39.735,-104.995,Parking & Vehicles,100
39.76,-104.985,Solid Waste,100
39.685,-104.97,Streets & Traffic,100
39.775,-105.01,Streets & Traffic,100
39.72,-105.03,General Information,100
39.675000000000004,-104.99000000000001,Parking & Vehicles,100
39.685,-104.94,Public Safety (non-emergency),100
39.76,-104.925,Neighborhood Inspection,100
39.765,-104.91,Streets & Traffic,100
39.76,-104.9,Public Safety (non-emergency),100
39.77,-105.045,Parking & Vehicles,100
39.7,-104.94,Streets & Traffic,100
39.730000000000004,-104.92,Solid Waste,99
39.795,-104.83500000000001,Solid Waste,99
39.775,-104.77,Solid Waste,99
39.68,-104.99000000000001,Public Safety (non-emergency),99
39.77,-105.03,Parking & Vehicles,99
39.675000000000004,-105.025,Neighborhood Inspection,99
39.715,-104.98,Licensing & Permits,99
39.695,-105.005,Streets & Traffic,99
39.74,-104.905,General Information,99
39.685,-104.97,Solid Waste,99
39.74,-104.995,Neighborhood Inspection,99
39.71,-104.985,General Information,99
39.685,-104.92,Solid Waste,99
39.68,-104.965,Licensing & Permits,99
39.71,-105.01,Solid Waste,99
39.675000000000004,-104.995,Parking & Vehicles,99
39.745,-104.94500000000001,Streets & Traffic,99
39.71,-105.025,General Information,99
39.76,-105.02,Licensing & Permits,99
39.69,-105.045,Neighborhood Inspection,99
39.730000000000004,-105.02,Streets & Traffic,99
39.775,-105.02,Streets & Traffic,99
39.78,-105.05,Solid Waste,99
39.78,-104.83,Solid Waste,98
39.735,-104.97,Encampments,98
39.695,-105.045,Solid Waste,98
39.735,-104.97,Public Safety (non-emergency),98
39.68,-104.925,Streets & Traffic,98
39.785000000000004,-104.8,Streets & Traffic,98
39.7,-105.045,General Information,98
39.755,-105.0,Parking & Vehicles,98
39.78,-104.885,Streets & Traffic,98
39.715,-104.91,General Information,98
39.660000000000004,-104.94,Neighborhood Inspection,98
39.795,-104.78,Solid Waste,98
39.705,-105.015,Solid Waste,98
39.745,-104.885,Solid Waste,97
39.77,-104.97500000000001,Parking & Vehicles,97
39.69,-104.895,Streets & Traffic,97
39.79,-104.765,Solid Waste,97
39.76,-104.97500000000001,Parking & Vehicles,97
39.79,-104.845,Solid Waste,97
39.74,-104.985,Parking & Vehicles,97
39.735,-104.96000000000001,Licensing & Permits,97
39.775,-104.825,Solid Waste,97
39.675000000000004,-104.995,Neighborhood Inspection,97
39.69,-104.925,Solid Waste,97
39.660000000000004,-104.86,Licensing & Permits,97
39.71,-104.925,Streets & Traffic,97
39.755,-105.02,General Information,97
39.74,-104.995,Licensing & Permits,97
39.675000000000004,-105.05,Neighborhood Inspection,97
39.715,-104.895,Streets & Traffic,97
39.79,-104.83500000000001,Solid Waste,97
39.795,-104.885,Solid Waste,97
39.68,-104.995,Streets & Traffic,97
39.735,-105.03,Public Safety (non-emergency),97
39.735,-105.0,General Information,97
39.755,-104.98,Public Safety (non-emergency),97
39.660000000000004,-104.89,Streets & Traffic,97
39.685,-105.02,Streets & Traffic,97
39.695,-104.95,Neighborhood Inspection,97
39.730000000000004,-104.99000000000001,Encampments,97
39.745,-105.02,Neighborhood Inspection,97
39.765,-105.005,Parking & Vehicles,97
39.725,-104.97500000000001,General Information,97
39.745,-104.97500000000001,General Information,97
39.7,-104.95,Neighborhood Inspection,97
39.71,-104.98,Parking & Vehicles,97
39.755,-104.97500000000001,Encampments,97
39.775,-104.76,Solid Waste,96
39.69,-105.05,Solid Waste,96
39.785000000000004,-105.015,Streets & Traffic,96
39.735,-104.9,Public Safety (non-emergency),96
39.68,-105.03,Solid Waste,96
39.78,-104.8,Parking & Vehicles,96
39.77,-104.905,Neighborhood Inspection,96
39.785000000000004,-105.045,Streets & Traffic,96
39.78,-104.815,Solid Waste,96
39.730000000000004,-105.05,General Information,96
39.730000000000004,-105.045,Neighborhood Inspection,96
39.795,-104.765,Solid Waste,96
39.730000000000004,-104.93,Parking & Vehicles,96
39.67,-104.95,Neighborhood Inspection,96
39.75,-105.005,Neighborhood Inspection,96
39.75,-104.97,Parking & Vehicles,96
39.67,-104.935,Neighborhood Inspection,96
39.745,-104.93,Neighborhood Inspection,96
39.725,-104.955,Parking & Vehicles,96
39.76,-104.86500000000001,Streets & Traffic,96
39.74,-104.935,Encampments,96
39.655,-104.905,Public Safety (non-emergency),96
39.72,-104.97500000000001,General Information,96
39.735,-105.025,General Information,96
39.730000000000004,-104.98,Parks & Trees,96
39.69,-105.045,Solid Waste,96
39.72,-104.925,Neighborhood Inspection,96
39.76,-104.97500000000001,Public Safety (non-emergency),96
39.67,-104.87,General Information,95
39.76,-105.015,General Information,95
39.74,-105.0,Public Health & Noise,95
39.72,-105.015,Neighborhood Inspection,95
39.72,-104.96000000000001,Licensing & Permits,95
39.705,-105.025,Solid Waste,95
39.755,-104.92,Solid Waste,95
39.76,-105.015,Public Health & Noise,95
39.775,-104.92,Streets & Traffic,95
39.635,-104.895,Streets & Traffic,95
39.715,-104.93,Neighborhood Inspection,95
39.695,-104.98,Solid Waste,95
39.735,-104.935,Solid Waste,95
39.665,-104.94500000000001,Solid Waste,95
39.685,-105.025,Public Safety (non-emergency),95
39.85,-104.675,Public Health & Noise,95
39.775,-104.765,Solid Waste,95
39.775,-104.905,Streets & Traffic,95
39.705,-105.0,Streets & Traffic,95
39.785000000000004,-104.94,Streets & Traffic,95
39.685,-104.915,Streets & Traffic,95
39.72,-104.98,Licensing & Permits,95
39.67,-104.96000000000001,Solid Waste,95
39.735,-105.035,Streets & Traffic,95
39.655,-105.045,Solid Waste,95
39.785000000000004,-104.76,Solid Waste,95
39.67,-104.92,Streets & Traffic,94
39.7,-105.05,Solid Waste,94
39.735,-105.02,Public Safety (non-emergency),94
39.765,-104.97500000000001,Public Health & Noise,94
39.74,-104.99000000000001,"Clerk, DMV & Elections",94
39.795,-104.9,Streets & Traffic,94
39.68,-105.0,Neighborhood Inspection,94
39.78,-105.05,Parks & Trees,94
39.75,-105.025,Parking & Vehicles,94
39.695,-105.02,Streets & Traffic,94
39.69,-104.985,Parking & Vehicles,94
39.74,-105.005,General Information,94
39.730000000000004,-104.97,General Information,94
39.675000000000004,-104.915,Public Health & Noise,94
39.785000000000004,-104.84,Solid Waste,94
39.655,-104.915,Public Safety (non-emergency),94
39.695,-104.99000000000001,Public Safety (non-emergency),94
39.765,-105.05,Streets & Traffic,94
39.74,-104.905,Licensing & Permits,94
39.74,-104.935,Licensing & Permits,94
39.695,-104.94500000000001,Solid Waste,94
39.765,-105.015,Parking & Vehicles,94
39.715,-104.93,Streets & Traffic,94
39.755,-105.01,Licensing & Permits,94
39.675000000000004,-104.955,Solid Waste,94
39.74,-105.0,General Information,94
39.78,-104.82000000000001,Solid Waste,94
39.730000000000004,-104.96000000000001,Parks & Trees,94
39.730000000000004,-105.035,Streets & Traffic,94
39.69,-105.035,Solid Waste,94
39.730000000000004,-104.915,Neighborhood Inspection,94
39.695,-105.015,Neighborhood Inspection,94
39.68,-104.935,Neighborhood Inspection,94
39.76,-104.885,Solid Waste,94
39.705,-104.91,Streets & Traffic,93
39.67,-104.875,General Information,93
39.78,-104.76,Solid Waste,93
39.75,-104.925,Streets & Traffic,93
39.71,-104.97,Parking & Vehicles,93
39.765,-104.97500000000001,General Information,93
39.76,-104.985,Public Safety (non-emergency),93
39.78,-104.83500000000001,Solid Waste,93
39.765,-104.97500000000001,Public Safety (non-emergency),93
39.785000000000004,-104.95,Solid Waste,93
39.68,-105.005,Streets & Traffic,93
39.74,-104.89,Licensing & Permits,93
39.795,-104.89,Solid Waste,93
39.715,-104.93,Solid Waste,93
39.71,-104.985,Public Safety (non-emergency),93
39.715,-104.935,Neighborhood Inspection,93
39.730000000000004,-105.04,Neighborhood Inspection,93
39.76,-104.91,Streets & Traffic,93
39.755,-105.005,Parking & Vehicles,93
39.655,-104.87,General Information,93
39.785000000000004,-105.015,Neighborhood Inspection,93
39.695,-104.98,Licensing & Permits,93
39.68,-104.985,Public Safety (non-emergency),93
39.76,-104.895,Streets & Traffic,93
39.76,-104.995,Parking & Vehicles,92
39.745,-104.895,Public Health & Noise,92
39.64,-105.055,Streets & Traffic,92
39.855000000000004,-104.675,Neighborhood Inspection,92
39.75,-105.02,Solid Waste,92
39.78,-104.77,Streets & Traffic,92
39.795,-104.8,Solid Waste,92
39.735,-104.94,Licensing & Permits,92
39.72,-105.045,Neighborhood Inspection,92
39.705,-105.03,Streets & Traffic,92
39.74,-105.0,Parking & Vehicles,92
39.735,-104.995,Solid Waste,92
39.77,-104.965,Licensing & Permits,92
39.68,-104.915,Neighborhood Inspection,92
39.735,-105.05,Streets & Traffic,92
39.655,-104.895,General Information,92
39.695,-105.03,Solid Waste,92
39.715,-104.935,Streets & Traffic,92
39.735,-104.895,Public Safety (non-emergency),92
39.7,-104.915,Neighborhood Inspection,92
39.685,-104.935,Neighborhood Inspection,92
39.735,-104.905,Neighborhood Inspection,92
39.7,-105.05,Streets & Traffic,92
39.77,-104.965,Parking & Vehicles,92
39.765,-104.985,Public Safety (non-emergency),91
39.7,-105.025,Licensing & Permits,91
39.75,-104.905,Solid Waste,91
39.74,-104.935,General Information,91
39.74,-104.885,Streets & Traffic,91
39.695,-105.05,Neighborhood Inspection,91
39.685,-105.01,Solid Waste,91
39.68,-104.915,Solid Waste,91
39.76,-105.025,Parking & Vehicles,91
39.775,-104.77,Streets & Traffic,91
39.705,-104.915,Neighborhood Inspection,91
39.765,-104.955,Streets & Traffic,91
39.755,-104.855,Solid Waste,91
39.69,-104.92,Streets & Traffic,91
39.78,-105.02,Streets & Traffic,91
39.75,-104.97500000000001,Public Safety (non-emergency),91
39.7,-104.92,Streets & Traffic,91
39.785000000000004,-104.94500000000001,Streets & Traffic,91
39.67,-104.94500000000001,Neighborhood Inspection,91
39.72,-104.96000000000001,Public Safety (non-emergency),91
39.765,-104.98,Parking & Vehicles,91
39.785000000000004,-104.955,Solid Waste,91
39.79,-105.025,Solid Waste,91
39.725,-104.88,General Information,91
39.755,-105.045,Solid Waste,91
39.77,-104.97500000000001,Public Safety (non-emergency),91
39.725,-104.905,Solid Waste,91
39.785000000000004,-105.04,Streets & Traffic,91
39.74,-104.955,Public Health & Noise,91
39.7,-105.005,Solid Waste,91
39.75,-104.915,Streets & Traffic,91
39.695,-104.985,General Information,91
39.655,-104.96000000000001,Streets & Traffic,91
39.785000000000004,-104.77,Streets & Traffic,91
39.75,-104.89,Solid Waste,91
39.655,-104.905,Streets & Traffic,91
39.660000000000004,-105.05,Solid Waste,90
39.725,-104.915,Solid Waste,90
39.685,-104.94500000000001,Solid Waste,90
39.730000000000004,-104.99000000000001,Public Health & Noise,90
39.7,-104.9,General Information,90
39.730000000000004,-104.93,General Information,90
39.74,-104.885,Solid Waste,90
39.715,-104.95,Licensing & Permits,90
39.785000000000004,-104.83500000000001,Parking & Vehicles,90
39.775,-104.94,Public Safety (non-emergency),90
39.715,-104.925,Solid Waste,90
39.660000000000004,-105.06,Neighborhood Inspection,90
39.75,-104.9,Streets & Traffic,90
39.78,-105.03,Solid Waste,90
39.75,-104.94500000000001,Parks & Trees,90
39.785000000000004,-105.025,Public Safety (non-emergency),90
39.68,-105.045,Solid Waste,90
39.715,-105.03,Streets & Traffic,90
39.695,-104.92,Neighborhood Inspection,90
39.665,-104.925,Neighborhood Inspection,90
39.68,-105.025,Licensing & Permits,90
39.705,-105.0,Parking & Vehicles,90
39.665,-105.07000000000001,Neighborhood Inspection,90
39.74,-104.95,Encampments,90
39.77,-104.845,Neighborhood Inspection,90
39.665,-104.935,Solid Waste,89
39.77,-105.005,Parking & Vehicles,89
39.730000000000004,-104.955,Solid Waste,89
39.77,-105.0,Licensing & Permits,89
39.715,-104.925,Neighborhood Inspection,89
39.800000000000004,-104.77,Public Safety (non-emergency),89
39.745,-105.03,Parking & Vehicles,89
39.65,-104.9,Streets & Traffic,89
39.685,-104.95,Streets & Traffic,89
39.78,-104.85000000000001,Streets & Traffic,89
39.76,-105.02,Solid Waste,89
39.660000000000004,-104.955,Streets & Traffic,89
39.735,-105.04,Public Safety (non-emergency),89
39.72,-104.985,Encampments,89
39.69,-104.985,Licensing & Permits,89
39.745,-104.985,Parking & Vehicles,89
39.68,-104.99000000000001,Solid Waste,89
39.685,-104.99000000000001,Neighborhood Inspection,89
39.71,-104.99000000000001,Licensing & Permits,89
39.735,-105.05,General Information,89
39.745,-104.935,Neighborhood Inspection,89
39.685,-104.985,Licensing & Permits,89
39.735,-104.89,Neighborhood Inspection,89
39.775,-105.035,Licensing & Permits,89
39.675000000000004,-105.03,Solid Waste,89
39.755,-104.91,Streets & Traffic,88
39.715,-105.025,Licensing & Permits,88
39.695,-105.04,Neighborhood Inspection,88
39.67,-105.04,Streets & Traffic,88
39.71,-105.025,Licensing & Permits,88
39.660000000000004,-104.86,Public Health & Noise,88
39.705,-104.985,General Information,88
39.730000000000004,-104.99000000000001,Parking & Vehicles,88
39.705,-105.035,Neighborhood Inspection,88
39.685,-104.94500000000001,Streets & Traffic,88
39.72,-105.035,Streets & Traffic,88
39.67,-105.02,Solid Waste,88
39.695,-104.905,General Information,88
39.775,-104.95,Streets & Traffic,88
39.785000000000004,-104.985,Streets & Traffic,88
39.655,-104.88,Streets & Traffic,88
39.715,-104.98,Public Safety (non-emergency),88
39.86,-104.675,Neighborhood Inspection,88
39.7,-104.91,Public Health & Noise,88
39.675000000000004,-104.985,Solid Waste,88
39.725,-105.005,Encampments,88
39.735,-104.89,Solid Waste,88
39.77,-105.05,General Information,88
39.695,-105.01,General Information,88
39.71,-104.91,Solid Waste,88
39.685,-105.02,Neighborhood Inspection,88
39.765,-104.94500000000001,Neighborhood Inspection,88
39.660000000000004,-105.055,Neighborhood Inspection,88
39.69,-104.94500000000001,Neighborhood Inspection,88
39.785000000000004,-104.805,Solid Waste,88
39.685,-105.03,Streets & Traffic,88
39.695,-105.03,Streets & Traffic,88
39.77,-104.915,Streets & Traffic,87
39.725,-104.92,Streets & Traffic,87
39.745,-104.95,Streets & Traffic,87
39.74,-104.95,General Information,87
39.69,-104.985,General Information,87
39.76,-104.89,Solid Waste,87
39.77,-104.97,Licensing & Permits,87
39.72,-104.97500000000001,Parking & Vehicles,87
39.775,-105.005,Licensing & Permits,87
39.675000000000004,-104.92,Public Safety (non-emergency),87
39.63,-104.89,Streets & Traffic,87
39.735,-104.895,Neighborhood Inspection,87
39.765,-104.93,General Information,87
39.74,-104.94,General Information,87
39.655,-104.925,Neighborhood Inspection,87
39.735,-104.99000000000001,Parking & Vehicles,87
39.685,-104.91,Parks & Trees,87
39.75,-104.97,Licensing & Permits,87
39.705,-105.01,Solid Waste,87
39.78,-104.845,Neighborhood Inspection,87
39.765,-105.03,Parking & Vehicles,87
39.65,-104.885,Neighborhood Inspection,87
39.675000000000004,-104.965,Parking & Vehicles,87
39.735,-105.045,Parks & Trees,87
39.72,-104.99000000000001,Public Health & Noise,87
39.76,-104.95,Neighborhood Inspection,87
39.725,-105.02,Neighborhood Inspection,87
39.75,-104.985,Public Health & Noise,87
39.725,-104.91,Solid Waste,87
39.775,-104.955,Neighborhood Inspection,87
39.7,-104.985,Solid Waste,87
39.77,-105.0,Public Safety (non-emergency),87
39.7,-104.91,Neighborhood Inspection,87
39.72,-104.94500000000001,General Information,87
39.655,-104.9,Public Safety (non-emergency),87
39.735,-105.045,General Information,87
39.655,-105.055,Neighborhood Inspection,87
39.775,-105.005,General Information,87
39.75,-104.985,Parking & Vehicles,87
39.79,-104.89,Solid Waste,87
39.68,-105.02,Streets & Traffic,87
39.7,-105.01,Solid Waste,87
39.665,-104.94,Streets & Traffic,86
39.775,-105.0,Solid Waste,86
39.685,-104.95,Neighborhood Inspection,86
39.74,-105.05,Encampments,86
39.685,-105.05,Solid Waste,86
39.71,-104.985,Parking & Vehicles,86
39.68,-104.94,Public Safety (non-emergency),86
39.665,-105.04,Solid Waste,86
39.77,-104.9,Public Health & Noise,86
39.755,-105.02,Public Safety (non-emergency),86
39.730000000000004,-104.98,Public Health & Noise,86
39.735,-104.94500000000001,Licensing & Permits,86
39.7,-105.02,Solid Waste,86
39.755,-104.93,Neighborhood Inspection,86
39.685,-105.035,Solid Waste,86
39.75,-105.005,Parks & Trees,86
39.65,-104.895,Neighborhood Inspection,86
39.765,-104.92,Neighborhood Inspection,86
39.795,-104.745,Solid Waste,86
39.730000000000004,-105.025,Streets & Traffic,86
39.715,-105.005,Animals,86
39.785000000000004,-104.765,Streets & Traffic,86
39.77,-104.74000000000001,Solid Waste,86
39.655,-104.88,General Information,86
39.695,-105.005,Public Safety (non-emergency),86
39.715,-104.97500000000001,Public Safety (non-emergency),86
39.71,-104.985,Licensing & Permits,86
39.695,-104.925,Solid Waste,86
39.755,-104.97500000000001,Public Health & Noise,86
39.655,-104.875,General Information,86
39.715,-104.97,Streets & Traffic,85
39.7,-104.915,Solid Waste,85
39.77,-104.75,Parking & Vehicles,85
39.735,-104.94,Public Health & Noise,85
39.7,-104.955,Neighborhood Inspection,85
39.755,-104.95,Solid Waste,85
39.665,-105.04,Neighborhood Inspection,85
39.735,-104.885,Neighborhood Inspection,85
39.68,-105.02,Neighborhood Inspection,85
39.76,-104.98,Public Health & Noise,85
39.68,-104.985,Licensing & Permits,85
39.765,-104.965,General Information,85
39.79,-104.815,Solid Waste,85
39.730000000000004,-105.005,General Information,85
39.715,-105.02,Parking & Vehicles,85
39.685,-104.955,Neighborhood Inspection,85
39.665,-105.035,Solid Waste,85
39.67,-104.97,Streets & Traffic,85
39.68,-104.925,Neighborhood Inspection,85
39.72,-104.95,Parking & Vehicles,85
39.74,-104.93,Licensing & Permits,85
39.74,-104.925,Parking & Vehicles,85
39.755,-104.97,Neighborhood Inspection,85
39.76,-104.965,General Information,85
39.660000000000004,-105.035,Neighborhood Inspection,85
39.685,-105.03,Parking & Vehicles,84
39.7,-105.045,Neighborhood Inspection,84
39.74,-104.925,General Information,84
39.67,-105.045,Streets & Traffic,84
39.715,-104.955,Neighborhood Inspection,84
39.74,-104.915,Public Safety (non-emergency),84
39.77,-105.045,General Information,84
39.675000000000004,-105.05,Solid Waste,84
39.765,-104.915,Neighborhood Inspection,84
39.785000000000004,-104.85000000000001,Neighborhood Inspection,84
39.68,-104.935,Public Safety (non-emergency),84
39.715,-105.04,Neighborhood Inspection,84
39.695,-104.94,General Information,84
39.79,-105.015,Solid Waste,84
39.695,-105.005,Encampments,84
39.7,-104.905,Neighborhood Inspection,84
39.725,-105.05,Solid Waste,84
39.695,-104.995,Encampments,84
39.74,-104.915,Licensing & Permits,84
39.76,-104.94500000000001,Neighborhood Inspection,84
39.78,-104.825,Solid Waste,84
39.725,-104.905,Neighborhood Inspection,84
39.765,-104.915,Streets & Traffic,84
39.67,-105.025,Streets & Traffic,84
39.69,-105.025,Licensing & Permits,84
39.72,-105.0,Encampments,84
39.79,-104.775,Neighborhood Inspection,84
39.675000000000004,-104.94500000000001,Neighborhood Inspection,84
39.74,-104.92,General Information,84
39.7,-105.045,Streets & Traffic,84
39.76,-104.95,Streets & Traffic,84
39.765,-104.97500000000001,Parking & Vehicles,84
39.685,-105.015,Solid Waste,84
39.79,-105.04,Streets & Traffic,83
39.665,-105.055,Neighborhood Inspection,83
39.71,-105.005,Solid Waste,83
39.730000000000004,-104.94,General Information,83
39.655,-104.91,Streets & Traffic,83
39.74,-104.94,Solid Waste,83
39.65,-104.89,Parking & Vehicles,83
39.69,-105.01,Neighborhood Inspection,83
39.765,-105.04,Streets & Traffic,83
39.755,-104.92,Streets & Traffic,83
39.69,-104.94500000000001,Solid Waste,83
39.78,-104.755,Solid Waste,83
39.675000000000004,-104.915,Neighborhood Inspection,83
39.745,-104.895,Parking & Vehicles,83
39.74,-104.94500000000001,Parking & Vehicles,83
39.675000000000004,-104.94500000000001,Solid Waste,83
39.800000000000004,-104.87,Solid Waste,83
39.655,-104.905,Licensing & Permits,83
39.660000000000004,-105.025,Public Safety (non-emergency),83
39.78,-104.985,Neighborhood Inspection,83
39.735,-104.97,Public Health & Noise,83
39.765,-104.94,Public Safety (non-emergency),83
39.655,-104.93,Solid Waste,83
39.68,-104.92,Licensing & Permits,83
39.69,-104.94500000000001,Streets & Traffic,83
39.76,-105.025,Public Safety (non-emergency),83
39.735,-104.94500000000001,General Information,83
39.665,-104.9,Streets & Traffic,83
39.76,-104.965,Licensing & Permits,83
39.715,-104.995,General Information,83
39.79,-105.025,Neighborhood Inspection,83
39.71,-104.97,General Information,83
39.655,-104.91,Neighborhood Inspection,83
39.7,-104.98,General Information,83
39.735,-105.045,Parking & Vehicles,83
39.755,-105.02,Licensing & Permits,83
39.68,-104.935,Public Health & Noise,83
39.67,-105.025,Solid Waste,83
39.78,-104.815,Neighborhood Inspection,83
39.69,-104.915,Solid Waste,83
39.735,-104.99000000000001,Solid Waste,83
39.71,-104.97500000000001,Parking & Vehicles,83
39.74,-105.03,Licensing & Permits,82
39.725,-104.9,Streets & Traffic,82
39.730000000000004,-105.045,General Information,82
39.72,-104.915,Solid Waste,82
39.695,-104.95,Solid Waste,82
39.68,-105.04,Parks & Trees,82
39.74,-104.895,Licensing & Permits,82
39.695,-104.915,Streets & Traffic,82
39.735,-104.94500000000001,Parking & Vehicles,82
39.685,-104.925,Solid Waste,82
39.68,-105.015,Streets & Traffic,82
39.75,-104.965,Parking & Vehicles,82
39.730000000000004,-104.99000000000001,Licensing & Permits,82
39.695,-105.045,Neighborhood Inspection,82
39.775,-104.825,Parking & Vehicles,82
39.76,-104.99000000000001,Streets & Traffic,82
39.715,-104.995,Solid Waste,82
39.71,-105.035,Streets & Traffic,82
39.69,-105.03,Solid Waste,82
39.78,-104.98,Public Safety (non-emergency),82
39.7,-105.035,Streets & Traffic,82
39.730000000000004,-105.05,Public Safety (non-emergency),82
39.72,-104.905,Neighborhood Inspection,82
39.755,-104.895,Neighborhood Inspection,82
39.68,-105.01,Solid Waste,82
39.660000000000004,-104.86,Neighborhood Inspection,82
39.78,-105.03,Streets & Traffic,82
39.74,-104.93,General Information,82
39.77,-105.035,Licensing & Permits,82
39.76,-104.9,Neighborhood Inspection,82
39.76,-105.03,Parking & Vehicles,82
39.745,-104.97500000000001,Public Health & Noise,82
39.71,-104.925,Neighborhood Inspection,82
39.785000000000004,-105.025,Public Health & Noise,82
39.785000000000004,-104.99000000000001,Public Safety (non-emergency),81
39.69,-104.935,Solid Waste,81
39.785000000000004,-104.895,Public Safety (non-emergency),81
39.730000000000004,-104.97,Encampments,81
39.865,-104.675,Neighborhood Inspection,81
39.765,-104.905,Public Safety (non-emergency),81
39.775,-104.74000000000001,Streets & Traffic,81
39.645,-104.895,Neighborhood Inspection,81
39.655,-105.045,Neighborhood Inspection,81
39.785000000000004,-104.98,Streets & Traffic,81
39.775,-104.97,Neighborhood Inspection,81
39.660000000000004,-104.935,Neighborhood Inspection,81
39.75,-104.93,Neighborhood Inspection,81
39.78,-104.98,Solid Waste,81
39.755,-104.86500000000001,Solid Waste,81
39.695,-104.935,Public Health & Noise,81
39.660000000000004,-105.045,Streets & Traffic,81
39.755,-105.01,Parks & Trees,81
39.765,-104.965,Parking & Vehicles,81
39.77,-105.015,Parking & Vehicles,81
39.77,-104.75,Solid Waste,81
39.695,-105.025,Public Safety (non-emergency),81
39.695,-105.005,General Information,81
39.715,-105.02,Streets & Traffic,81
39.795,-104.775,Solid Waste,81
39.755,-105.005,Public Safety (non-emergency),81
39.730000000000004,-105.05,Neighborhood Inspection,81
39.67,-104.96000000000001,Parking & Vehicles,81
39.685,-104.955,Parking & Vehicles,81
39.775,-105.05,Licensing & Permits,81
39.79,-105.06,Streets & Traffic,81
39.74,-104.895,General Information,80
39.675000000000004,-104.94,Public Safety (non-emergency),80
39.71,-104.97500000000001,General Information,80
39.745,-104.905,Neighborhood Inspection,80
39.735,-105.005,General Information,80
39.77,-104.97500000000001,Licensing & Permits,80
39.765,-104.98,Solid Waste,80
39.74,-104.94500000000001,General Information,80
39.75,-104.94,Solid Waste,80
39.74,-104.895,Parking & Vehicles,80
39.735,-104.89,Streets & Traffic,80
39.765,-105.02,Parking & Vehicles,80
39.76,-104.96000000000001,Licensing & Permits,80
39.715,-104.95,Neighborhood Inspection,80
39.755,-104.97500000000001,Public Safety (non-emergency),80
39.72,-105.0,Parking & Vehicles,80
39.705,-104.95,Streets & Traffic,80
39.79,-104.81,Streets & Traffic,80
39.695,-104.91,Public Safety (non-emergency),80
39.705,-105.01,Streets & Traffic,80
39.78,-105.0,Streets & Traffic,80
39.685,-105.025,Solid Waste,80
39.655,-104.87,Streets & Traffic,80
39.775,-104.95,Neighborhood Inspection,80
39.765,-105.005,General Information,80
39.7,-105.03,Solid Waste,80
39.795,-104.84,Parking & Vehicles,80
39.715,-104.95,Public Safety (non-emergency),80
39.7,-105.035,Neighborhood Inspection,80
39.67,-105.045,Solid Waste,80
39.65,-104.915,Streets & Traffic,80
39.665,-104.925,Encampments,80
39.76,-104.97500000000001,Parks & Trees,80
39.745,-104.95,Encampments,80
39.71,-105.045,General Information,80
39.705,-105.04,Parking & Vehicles,80
39.665,-104.95,Solid Waste,80
39.68,-104.96000000000001,Public Safety (non-emergency),80
39.675000000000004,-104.91,Encampments,80
39.67,-104.965,Parking & Vehicles,80
39.795,-104.82000000000001,Neighborhood Inspection,80
39.785000000000004,-104.735,Solid Waste,80
39.795,-104.885,Parking & Vehicles,80
39.665,-104.955,Solid Waste,79
39.77,-104.97,Public Safety (non-emergency),79
39.74,-105.005,Public Safety (non-emergency),79
39.74,-104.94,Parking & Vehicles,79
39.635,-105.10000000000001,Streets & Traffic,79
39.74,-104.925,Licensing & Permits,79
39.71,-105.05,Solid Waste,79
39.735,-105.0,Public Health & Noise,79
39.71,-105.025,Public Health & Noise,79
39.77,-105.045,Public Health & Noise,79
39.63,-105.08500000000001,Solid Waste,79
39.68,-105.03,Parking & Vehicles,79
39.735,-104.965,Public Safety (non-emergency),79
39.715,-105.03,Neighborhood Inspection,79
39.68,-104.97,Parking & Vehicles,79
39.730000000000004,-104.95,Parking & Vehicles,79
39.785000000000004,-104.78,Streets & Traffic,79
39.82,-104.77,Licensing & Permits,79
39.665,-104.9,Neighborhood Inspection,79
39.755,-104.965,Licensing & Permits,79
39.705,-104.875,Parking & Vehicles,79
39.68,-104.965,Solid Waste,79
39.74,-104.95,Licensing & Permits,79
39.695,-104.97500000000001,General Information,79
39.765,-104.955,Licensing & Permits,79
39.74,-104.94500000000001,Public Safety (non-emergency),79
39.785000000000004,-104.94,Neighborhood Inspection,79
39.755,-104.89,Streets & Traffic,79
39.785000000000004,-105.035,Licensing & Permits,79
39.735,-104.935,Parks & Trees,79
39.67,-104.94,Public Safety (non-emergency),79
39.75,-105.02,Parking & Vehicles,79
39.715,-105.04,Streets & Traffic,79
39.725,-105.0,Parking & Vehicles,79
39.705,-104.94500000000001,Streets & Traffic,78
39.805,-104.86500000000001,Solid Waste,78
39.755,-105.04,Public Safety (non-emergency),78
39.755,-104.97500000000001,General Information,78
39.775,-105.02,Parking & Vehicles,78
39.715,-104.99000000000001,Public Health & Noise,78
39.775,-104.745,Solid Waste,78
39.64,-104.895,Parks & Trees,78
39.69,-104.915,Neighborhood Inspection,78
39.730000000000004,-105.02,Neighborhood Inspection,78
39.69,-104.97500000000001,Solid Waste,78
39.7,-104.985,Encampments,78
39.785000000000004,-105.055,Streets & Traffic,78
39.78,-104.96000000000001,Public Health & Noise,78
39.735,-105.025,Neighborhood Inspection,78
39.715,-104.91,Solid Waste,78
39.655,-104.915,Neighborhood Inspection,78
39.71,-104.995,Neighborhood Inspection,78
39.76,-104.985,General Information,78
39.74,-104.985,Licensing & Permits,78
39.75,-104.98,Parks & Trees,78
39.69,-104.93,Neighborhood Inspection,78
39.765,-104.895,Streets & Traffic,78
39.685,-105.04,Solid Waste,78
39.735,-104.995,Encampments,78
39.715,-105.01,Encampments,78
39.71,-104.95,Streets & Traffic,78
39.705,-104.985,Licensing & Permits,78
39.695,-104.96000000000001,Licensing & Permits,78
39.76,-104.995,Public Safety (non-emergency),78
39.755,-104.955,Neighborhood Inspection,78
39.725,-104.94500000000001,General Information,78
39.695,-104.915,Parks & Trees,78
39.775,-104.815,Neighborhood Inspection,78
39.800000000000004,-104.765,Streets & Traffic,78
39.685,-104.93,Solid Waste,78
39.75,-104.935,Neighborhood Inspection,78
39.715,-104.94500000000001,General Information,78
39.775,-105.0,Parking & Vehicles,78
39.685,-104.92,Streets & Traffic,77
39.63,-105.04,Solid Waste,77
39.78,-105.035,Neighborhood Inspection,77
39.765,-105.035,Licensing & Permits,77
39.665,-104.94500000000001,Neighborhood Inspection,77
39.715,-105.025,Streets & Traffic,77
39.71,-104.995,Encampments,77
39.745,-104.925,Solid Waste,77
39.655,-104.87,Public Safety (non-emergency),77
39.715,-104.94,Parking & Vehicles,77
39.69,-104.97,Neighborhood Inspection,77
39.75,-105.02,General Information,77
39.79,-104.885,Streets & Traffic,77
39.655,-104.94,Streets & Traffic,77
39.735,-105.045,Public Safety (non-emergency),77
39.67,-104.955,Neighborhood Inspection,77
39.69,-104.93,Streets & Traffic,77
39.675000000000004,-104.96000000000001,Neighborhood Inspection,77
39.775,-104.825,Neighborhood Inspection,77
39.735,-104.965,Licensing & Permits,77
39.64,-104.9,General Information,77
39.775,-104.96000000000001,Streets & Traffic,77
39.76,-104.89,Neighborhood Inspection,77
39.79,-104.96000000000001,Public Safety (non-emergency),77
39.725,-104.97500000000001,Licensing & Permits,77
39.72,-104.92,Streets & Traffic,77
39.74,-105.045,Public Safety (non-emergency),77
39.755,-104.935,Neighborhood Inspection,77
39.725,-104.885,Streets & Traffic,77
39.71,-105.045,Parking & Vehicles,77
39.74,-104.95,Public Safety (non-emergency),77
39.675000000000004,-104.95,Solid Waste,77
39.775,-104.755,Solid Waste,77
39.775,-104.985,Neighborhood Inspection,77
39.82,-104.77,Neighborhood Inspection,76
39.76,-104.94500000000001,Streets & Traffic,76
39.745,-104.895,Public Safety (non-emergency),76
39.79,-104.845,Neighborhood Inspection,76
39.715,-104.98,Public Health & Noise,76
39.715,-104.95,General Information,76
39.730000000000004,-105.03,Neighborhood Inspection,76
39.71,-104.895,Streets & Traffic,76
39.71,-105.03,Public Safety (non-emergency),76
39.77,-104.965,General Information,76
39.745,-104.94,General Information,76
39.735,-104.94,Solid Waste,76
39.725,-104.9,Solid Waste,76
39.7,-105.02,Neighborhood Inspection,76
39.72,-104.985,Public Health & Noise,76
39.75,-105.005,Encampments,76
39.725,-105.045,Streets & Traffic,76
39.72,-104.965,Neighborhood Inspection,76
39.705,-104.98,General Information,76
39.765,-104.995,Streets & Traffic,76
39.715,-104.955,Streets & Traffic,76
39.730000000000004,-104.96000000000001,Solid Waste,76
39.665,-105.08,Neighborhood Inspection,76
39.695,-104.94,Public Safety (non-emergency),76
39.800000000000004,-104.845,Streets & Traffic,76
39.715,-105.045,Parking & Vehicles,76
39.775,-105.045,Public Health & Noise,76
39.675000000000004,-104.99000000000001,Public Safety (non-emergency),76
39.725,-104.965,General Information,76
39.785000000000004,-104.94,Public Safety (non-emergency),76
39.64,-104.9,Streets & Traffic,76
39.735,-104.96000000000001,Public Health & Noise,76
39.68,-105.025,Public Health & Noise,76
39.655,-104.905,Neighborhood Inspection,76
39.76,-104.925,Streets & Traffic,76
39.77,-104.76,Solid Waste,75
39.75,-104.895,Streets & Traffic,75
39.765,-104.93,Streets & Traffic,75
39.715,-104.995,Neighborhood Inspection,75
39.795,-104.755,Solid Waste,75
39.675000000000004,-105.0,Licensing & Permits,75
39.74,-104.885,Public Health & Noise,75
39.765,-104.955,General Information,75
39.735,-105.045,Encampments,75
39.665,-105.075,Neighborhood Inspection,75
39.77,-104.9,Licensing & Permits,75
39.715,-104.97500000000001,Public Health & Noise,75
39.74,-105.03,Parking & Vehicles,75
39.695,-105.01,Streets & Traffic,75
39.7,-105.04,Streets & Traffic,75
39.695,-105.01,Public Safety (non-emergency),75
39.735,-104.965,Public Health & Noise,75
39.745,-104.905,Solid Waste,75
39.745,-104.97,General Information,75
39.68,-105.025,Public Safety (non-emergency),75
39.715,-104.96000000000001,Streets & Traffic,75
39.735,-104.94,Parking & Vehicles,75
39.685,-105.05,Streets & Traffic,75
39.715,-104.935,Solid Waste,75
39.69,-105.03,Neighborhood Inspection,75
39.685,-105.045,Solid Waste,75
39.7,-104.905,Licensing & Permits,75
39.695,-105.04,Streets & Traffic,75
39.660000000000004,-105.025,Neighborhood Inspection,75
39.69,-105.0,Encampments,75
39.74,-104.9,Public Safety (non-emergency),75
39.75,-105.025,General Information,75
39.785000000000004,-104.82000000000001,Streets & Traffic,75
39.695,-104.99000000000001,Licensing & Permits,75
39.77,-105.025,General Information,74
39.7,-105.025,Public Safety (non-emergency),74
39.705,-105.03,Neighborhood Inspection,74
39.730000000000004,-104.94,Parking & Vehicles,74
39.71,-104.925,Solid Waste,74
39.69,-105.01,Solid Waste,74
39.74,-105.025,Streets & Traffic,74
39.71,-105.015,Licensing & Permits,74
39.77,-104.97500000000001,Public Health & Noise,74
39.79,-104.77,Solid Waste,74
39.675000000000004,-104.93,General Information,74
39.715,-104.94,General Information,74
39.67,-104.98,Parking & Vehicles,74
39.785000000000004,-104.935,Public Safety (non-emergency),74
39.695,-104.925,Streets & Traffic,74
39.715,-104.97,Neighborhood Inspection,74
39.715,-105.05,Neighborhood Inspection,74
39.745,-105.04,Streets & Traffic,74
39.660000000000004,-105.025,General Information,74
39.785000000000004,-104.82000000000001,Parking & Vehicles,74
39.78,-104.965,Solid Waste,74
39.72,-105.02,Neighborhood Inspection,74
39.755,-104.91,Neighborhood Inspection,74
39.665,-105.05,Solid Waste,74
39.77,-105.0,General Information,74
39.745,-104.95,Parks & Trees,74
39.725,-105.01,Encampments,74
39.76,-104.92,Neighborhood Inspection,74
39.74,-105.035,Encampments,74
39.800000000000004,-104.87,Streets & Traffic,74
39.72,-104.95,Public Safety (non-emergency),74
39.76,-105.035,Public Health & Noise,74
39.665,-104.94500000000001,Streets & Traffic,74
39.68,-105.015,Neighborhood Inspection,74
39.730000000000004,-105.005,Neighborhood Inspection,74
39.675000000000004,-104.96000000000001,Parking & Vehicles,74
39.725,-104.99000000000001,Solid Waste,74
39.705,-104.985,Public Safety (non-emergency),74
39.665,-105.035,Neighborhood Inspection,74
39.675000000000004,-104.91,Public Safety (non-emergency),74
39.775,-104.745,Neighborhood Inspection,74
39.825,-104.77,Licensing & Permits,74
39.68,-104.935,Encampments,74
39.68,-104.91,Streets & Traffic,74
39.695,-104.91,Parking & Vehicles,73
39.660000000000004,-104.93,Solid Waste,73
39.77,-104.9,Public Safety (non-emergency),73
39.76,-104.97,Licensing & Permits,73
39.715,-105.01,Parking & Vehicles,73
39.730000000000004,-104.94500000000001,Parking & Vehicles,73
39.800000000000004,-104.765,Solid Waste,73
39.775,-105.045,General Information,73
39.775,-104.755,Parking & Vehicles,73
39.74,-104.94,Licensing & Permits,73
39.765,-104.97,General Information,73
39.68,-105.04,Solid Waste,73
39.76,-105.025,Licensing & Permits,73
39.705,-105.03,General Information,73
39.755,-104.915,Neighborhood Inspection,73
39.735,-105.01,Streets & Traffic,73
39.71,-104.94500000000001,Neighborhood Inspection,73
39.78,-104.97,Neighborhood Inspection,73
39.63,-105.105,Solid Waste,73
39.730000000000004,-104.955,Parks & Trees,73
39.68,-104.98,Licensing & Permits,73
39.730000000000004,-104.9,Streets & Traffic,73
39.685,-104.98,Licensing & Permits,73
39.695,-105.02,Neighborhood Inspection,73
39.715,-104.985,Encampments,73
39.68,-104.905,General Information,73
39.705,-105.0,Encampments,73
39.79,-104.845,Streets & Traffic,73
39.745,-104.94,Neighborhood Inspection,73
39.725,-104.995,Public Safety (non-emergency),73
39.71,-105.05,Streets & Traffic,73
39.755,-105.04,General Information,73
39.69,-104.935,Streets & Traffic,73
39.730000000000004,-104.99000000000001,General Information,73
39.72,-104.9,Streets & Traffic,72
39.78,-104.77,Solid Waste,72
39.675000000000004,-104.925,Streets & Traffic,72
39.76,-105.0,General Information,72
39.660000000000004,-104.925,Neighborhood Inspection,72
39.775,-104.955,Solid Waste,72
39.685,-105.01,Neighborhood Inspection,72
39.765,-104.985,Streets & Traffic,72
39.71,-105.0,Neighborhood Inspection,72
39.74,-104.935,Parking & Vehicles,72
39.705,-105.015,Streets & Traffic,72
39.755,-104.875,Neighborhood Inspection,72
39.7,-105.02,Streets & Traffic,72
39.695,-104.935,Streets & Traffic,72
39.730000000000004,-104.92,General Information,72
39.785000000000004,-104.845,Solid Waste,72
39.7,-104.98,Parking & Vehicles,72
39.665,-105.075,Parking & Vehicles,72
39.755,-105.005,Encampments,72
39.76,-105.045,Licensing & Permits,72
39.785000000000004,-105.03,Parking & Vehicles,72
39.665,-105.045,Solid Waste,72
39.69,-105.03,Streets & Traffic,72
39.730000000000004,-104.97,Parks & Trees,72
39.735,-105.035,Parking & Vehicles,72
39.775,-105.02,Licensing & Permits,72
39.76,-104.87,Parking & Vehicles,72
39.68,-104.935,Licensing & Permits,72
39.735,-104.91,Solid Waste,72
39.695,-105.005,Neighborhood Inspection,72
39.76,-104.96000000000001,Parking & Vehicles,72
39.785000000000004,-104.85000000000001,Streets & Traffic,72
39.655,-104.915,Licensing & Permits,72
39.77,-105.04,Licensing & Permits,72
39.765,-104.96000000000001,Licensing & Permits,72
39.795,-104.78,Neighborhood Inspection,72
39.69,-105.015,Streets & Traffic,72
39.77,-104.85000000000001,Public Safety (non-emergency),72
39.785000000000004,-104.965,Streets & Traffic,72
39.75,-104.9,Solid Waste,72
39.730000000000004,-104.995,General Information,72
39.695,-105.03,General Information,72
39.775,-104.885,Streets & Traffic,72
39.76,-105.005,Parks & Trees,72
39.730000000000004,-104.94500000000001,General Information,71
39.775,-105.01,Licensing & Permits,71
39.685,-104.955,Streets & Traffic,71
39.68,-105.02,Public Safety (non-emergency),71
39.705,-105.02,Streets & Traffic,71
39.645,-104.9,Solid Waste,71
39.75,-104.965,Licensing & Permits,71
39.725,-105.0,Public Health & Noise,71
39.68,-105.055,Licensing & Permits,71
39.755,-105.015,Encampments,71
39.675000000000004,-104.985,Licensing & Permits,71
39.730000000000004,-104.94,Solid Waste,71
39.72,-104.91,Streets & Traffic,71
39.77,-104.91,Solid Waste,71
39.74,-104.93,Public Health & Noise,71
39.725,-104.94,General Information,71
39.76,-104.96000000000001,General Information,71
39.77,-104.93,Neighborhood Inspection,71
39.69,-104.95,Neighborhood Inspection,71
39.725,-104.985,Solid Waste,71
39.77,-104.98,Public Safety (non-emergency),71
39.715,-104.895,Solid Waste,71
39.69,-104.99000000000001,Licensing & Permits,71
39.775,-104.805,General Information,71
39.785000000000004,-105.06,Solid Waste,71
39.785000000000004,-104.99000000000001,Streets & Traffic,71
39.705,-104.97,Neighborhood Inspection,71
39.660000000000004,-104.885,Neighborhood Inspection,71
39.715,-105.04,General Information,71
39.775,-104.93,Neighborhood Inspection,71
39.660000000000004,-104.88,Parks & Trees,71
39.730000000000004,-104.99000000000001,Solid Waste,71
39.715,-105.035,Streets & Traffic,71
39.695,-104.91,Neighborhood Inspection,71
39.635,-105.10000000000001,Solid Waste,71
39.695,-105.05,Parking & Vehicles,71
39.74,-104.9,Licensing & Permits,71
39.695,-104.97500000000001,Parks & Trees,71
39.695,-105.01,Public Health & Noise,71
39.785000000000004,-104.85000000000001,Public Safety (non-emergency),71
39.730000000000004,-104.965,Streets & Traffic,71
39.71,-105.055,Streets & Traffic,71
39.800000000000004,-104.86500000000001,Streets & Traffic,71
39.755,-104.965,General Information,71
39.75,-105.0,Solid Waste,71
39.745,-104.94,Parks & Trees,70
39.745,-105.04,Neighborhood Inspection,70
39.705,-105.045,Parking & Vehicles,70
39.71,-104.875,Streets & Traffic,70
39.765,-104.925,General Information,70
39.76,-105.0,Parking & Vehicles,70
39.76,-104.88,Solid Waste,70
39.775,-104.9,Public Safety (non-emergency),70
39.785000000000004,-104.77,Public Safety (non-emergency),70
39.755,-104.895,Streets & Traffic,70
39.715,-104.905,Solid Waste,70
39.7,-104.875,Parking & Vehicles,70
39.765,-104.94500000000001,Streets & Traffic,70
39.67,-104.915,Neighborhood Inspection,70
39.785000000000004,-105.025,Licensing & Permits,70
39.76,-105.035,General Information,70
39.675000000000004,-104.955,Neighborhood Inspection,70
39.775,-104.915,Streets & Traffic,70
39.660000000000004,-104.93,Streets & Traffic,70
39.715,-105.035,General Information,70
39.77,-105.01,General Information,70
39.665,-104.915,Parking & Vehicles,70
39.7,-105.045,Parking & Vehicles,70
39.715,-105.01,Streets & Traffic,70
39.715,-104.91,Public Safety (non-emergency),70
39.660000000000004,-105.045,Solid Waste,70
39.775,-104.94500000000001,Encampments,70
39.660000000000004,-105.065,Neighborhood Inspection,70
39.675000000000004,-105.045,Neighborhood Inspection,70
39.755,-105.015,Neighborhood Inspection,70
39.705,-104.985,Parking & Vehicles,70
39.67,-104.875,Public Health & Noise,70
39.76,-105.005,Public Safety (non-emergency),70
39.69,-105.03,General Information,70
39.655,-104.925,Solid Waste,70
39.79,-104.94,Streets & Traffic,70
39.685,-104.935,Solid Waste,70
39.645,-104.885,Streets & Traffic,70
39.785000000000004,-104.815,Parking & Vehicles,69
39.67,-104.935,Solid Waste,69
39.715,-105.045,Parks & Trees,69
39.78,-104.96000000000001,Public Safety (non-emergency),69
39.69,-104.99000000000001,Solid Waste,69
39.705,-104.97,General Information,69
39.77,-104.91,Neighborhood Inspection,69
39.675000000000004,-104.935,Streets & Traffic,69
39.69,-105.015,Solid Waste,69
39.72,-105.05,Streets & Traffic,69
39.63,-105.095,Solid Waste,69
39.685,-104.9,Solid Waste,69
39.63,-105.10000000000001,Streets & Traffic,69
39.72,-104.89,Streets & Traffic,69
39.745,-104.965,Public Health & Noise,69
39.695,-104.935,Public Safety (non-emergency),69
39.75,-104.99000000000001,Parking & Vehicles,69
39.705,-104.97500000000001,General Information,69
39.765,-105.035,Parking & Vehicles,69
39.675000000000004,-104.965,Solid Waste,69
39.79,-104.83500000000001,Streets & Traffic,69
39.730000000000004,-105.04,Streets & Traffic,69
39.645,-104.91,Streets & Traffic,69
39.77,-105.045,Public Safety (non-emergency),69
39.755,-104.995,General Information,69
39.715,-104.915,Parks & Trees,69
39.675000000000004,-104.985,Parking & Vehicles,69
39.755,-105.03,Parking & Vehicles,69
39.715,-104.9,Streets & Traffic,69
39.67,-105.03,Streets & Traffic,69
39.655,-105.065,General Information,69
39.725,-105.05,Neighborhood Inspection,69
39.67,-104.97500000000001,Neighborhood Inspection,69
39.76,-105.02,General Information,69
39.715,-104.99000000000001,Encampments,69
39.76,-104.98,Public Safety (non-emergency),69
39.685,-105.045,Neighborhood Inspection,69
39.730000000000004,-104.96000000000001,General Information,69
39.65,-105.055,Neighborhood Inspection,69
39.695,-105.025,Solid Waste,69
39.775,-104.83,Solid Waste,69
39.7,-104.965,General Information,68
39.765,-105.02,Licensing & Permits,68
39.785000000000004,-104.8,Solid Waste,68
39.655,-104.895,Streets & Traffic,68
39.735,-104.91,Parks & Trees,68
39.74,-104.9,Parking & Vehicles,68
39.765,-104.92,General Information,68
39.660000000000004,-104.935,Streets & Traffic,68
39.795,-104.84,Neighborhood Inspection,68
39.775,-105.025,Licensing & Permits,68
39.675000000000004,-105.025,Public Safety (non-emergency),68
39.78,-104.815,Parking & Vehicles,68
39.64,-105.055,Solid Waste,68
39.755,-105.05,Streets & Traffic,68
39.765,-104.935,Neighborhood Inspection,68
39.65,-104.885,Solid Waste,68
39.725,-104.99000000000001,Parking & Vehicles,68
39.745,-104.96000000000001,General Information,68
39.64,-105.05,Solid Waste,68
39.755,-105.04,Parking & Vehicles,68
39.705,-105.035,Streets & Traffic,68
39.675000000000004,-104.99000000000001,General Information,68
39.77,-105.015,General Information,68
39.82,-104.77,Public Safety (non-emergency),68
39.745,-104.955,Streets & Traffic,68
39.76,-105.025,General Information,68
39.705,-105.0,Public Safety (non-emergency),68
39.75,-104.885,Solid Waste,68
39.730000000000004,-105.045,Parking & Vehicles,68
39.69,-105.045,Streets & Traffic,68
39.74,-105.0,Licensing & Permits,68
39.76,-104.875,Streets & Traffic,68
39.675000000000004,-105.045,Solid Waste,68
39.71,-104.89,Licensing & Permits,68
39.75,-104.97500000000001,Public Health & Noise,68
39.77,-104.96000000000001,Solid Waste,68
39.74,-104.89,Public Health & Noise,68
39.71,-104.96000000000001,Neighborhood Inspection,68
39.665,-105.025,Neighborhood Inspection,68
39.72,-105.02,Solid Waste,68
39.77,-105.005,Animals,68
39.660000000000004,-105.065,Streets & Traffic,68
39.725,-104.925,Solid Waste,68
39.735,-104.885,Solid Waste,68
39.735,-105.005,Licensing & Permits,68
39.705,-104.98,Parking & Vehicles,68
39.695,-105.05,Streets & Traffic,68
39.660000000000004,-104.915,Streets & Traffic,67
39.730000000000004,-104.92,Parking & Vehicles,67
39.675000000000004,-104.91,General Information,67
39.74,-104.915,Public Health & Noise,67
39.76,-104.935,General Information,67
39.795,-104.88,Solid Waste,67
39.800000000000004,-104.77,Neighborhood Inspection,67
39.705,-104.94500000000001,Neighborhood Inspection,67
39.655,-104.9,Neighborhood Inspection,67
39.72,-104.935,Streets & Traffic,67
39.7,-104.97500000000001,Parks & Trees,67
39.74,-105.04,Public Health & Noise,67
39.725,-105.04,General Information,67
39.795,-104.86,Licensing & Permits,67
39.71,-104.89,General Information,67
39.785000000000004,-104.84,Neighborhood Inspection,67
39.79,-105.035,Solid Waste,67
39.79,-104.84,Parking & Vehicles,67
39.730000000000004,-104.935,General Information,67
39.675000000000004,-104.94,Solid Waste,67
39.695,-104.91,General Information,67
39.72,-105.03,Parking & Vehicles,67
39.67,-104.95,Streets & Traffic,67
39.725,-104.97,Parking & Vehicles,67
39.79,-105.045,Solid Waste,67
39.76,-104.9,Public Health & Noise,67
39.730000000000004,-105.035,General Information,67
39.715,-104.97,Solid Waste,67
39.655,-104.935,Neighborhood Inspection,67
39.72,-104.955,General Information,67
39.7,-104.94500000000001,Streets & Traffic,67
39.76,-105.03,General Information,67
39.765,-105.0,Encampments,67
39.77,-104.98,Public Health & Noise,67
39.74,-105.035,Public Health & Noise,67
39.69,-105.01,Streets & Traffic,67
39.79,-104.96000000000001,Streets & Traffic,67
39.76,-105.03,Licensing & Permits,67
39.675000000000004,-104.99000000000001,Licensing & Permits,66
39.74,-105.05,Animals,66
39.725,-105.055,Streets & Traffic,66
39.775,-104.755,Streets & Traffic,66
39.74,-104.99000000000001,Parks & Trees,66
39.665,-104.93,Solid Waste,66
39.745,-104.89,Streets & Traffic,66
39.695,-105.01,Licensing & Permits,66
39.75,-105.04,Parking & Vehicles,66
39.68,-104.96000000000001,Public Health & Noise,66
39.725,-105.03,Neighborhood Inspection,66
39.79,-104.95,Solid Waste,66
39.715,-105.0,Licensing & Permits,66
39.76,-104.9,General Information,66
39.730000000000004,-104.94,Public Health & Noise,66
39.675000000000004,-104.915,Public Safety (non-emergency),66
39.74,-105.045,Licensing & Permits,66
39.655,-104.9,Public Health & Noise,66
39.7,-104.985,Parking & Vehicles,66
39.675000000000004,-105.04,Solid Waste,66
39.705,-104.91,Neighborhood Inspection,66
39.71,-104.905,Neighborhood Inspection,66
39.675000000000004,-104.97,Parking & Vehicles,66
39.71,-104.93,Streets & Traffic,66
39.795,-104.845,Parking & Vehicles,66
39.765,-105.025,Public Safety (non-emergency),66
39.67,-104.935,Streets & Traffic,66
39.71,-104.99000000000001,Solid Waste,66
39.725,-104.96000000000001,Parking & Vehicles,66
39.685,-104.985,Parking & Vehicles,66
39.85,-104.675,Licensing & Permits,66
39.765,-104.96000000000001,Parking & Vehicles,66
39.71,-104.96000000000001,Solid Waste,66
39.745,-105.045,Streets & Traffic,66
39.755,-104.9,Parking & Vehicles,66
39.71,-104.89,Public Safety (non-emergency),66
39.75,-105.005,Parking & Vehicles,66
39.755,-105.025,Public Health & Noise,66
39.785000000000004,-105.03,Neighborhood Inspection,66
39.725,-104.93,Neighborhood Inspection,66
39.77,-104.955,Neighborhood Inspection,66
39.775,-105.045,Public Safety (non-emergency),66
39.675000000000004,-104.935,Solid Waste,66
39.730000000000004,-104.995,Licensing & Permits,66
39.660000000000004,-105.045,Neighborhood Inspection,66
39.78,-105.03,Neighborhood Inspection,66
39.665,-104.95,Neighborhood Inspection,66
39.785000000000004,-104.815,Solid Waste,66
39.755,-104.9,General Information,65
39.78,-104.77,Neighborhood Inspection,65
39.755,-104.96000000000001,Licensing & Permits,65
39.7,-105.015,Solid Waste,65
39.745,-104.97500000000001,Parking & Vehicles,65
39.79,-104.98,Streets & Traffic,65
39.735,-104.92,Parking & Vehicles,65
39.78,-105.005,Streets & Traffic,65
39.69,-104.94,Public Health & Noise,65
39.64,-104.9,Public Health & Noise,65
39.77,-104.9,Streets & Traffic,65
39.675000000000004,-104.915,Parking & Vehicles,65
39.77,-105.005,General Information,65
39.74,-105.005,Neighborhood Inspection,65
39.685,-105.02,Parking & Vehicles,65
39.725,-104.985,Parks & Trees,65
39.795,-104.815,Parking & Vehicles,65
39.785000000000004,-104.95,Streets & Traffic,65
39.735,-104.955,Public Safety (non-emergency),65
39.63,-105.03,Solid Waste,65
39.705,-104.96000000000001,Licensing & Permits,65
39.74,-104.89,Parking & Vehicles,65
39.705,-104.95,Neighborhood Inspection,65
39.785000000000004,-104.96000000000001,Streets & Traffic,65
39.775,-105.015,General Information,65
39.74,-104.91,Public Safety (non-emergency),65
39.74,-105.055,Streets & Traffic,65
39.730000000000004,-105.0,Public Health & Noise,65
39.78,-104.955,Parking & Vehicles,65
39.72,-104.995,Public Safety (non-emergency),65
39.725,-104.95,Parking & Vehicles,65
39.745,-104.99000000000001,Encampments,65
39.765,-104.935,Streets & Traffic,65
39.78,-105.02,Parking & Vehicles,65
39.765,-104.925,Licensing & Permits,65
39.72,-105.025,Public Safety (non-emergency),65
39.735,-104.895,Parking & Vehicles,65
39.67,-104.98,Streets & Traffic,65
39.755,-104.87,Solid Waste,65
39.69,-104.895,Neighborhood Inspection,65
39.660000000000004,-104.955,Solid Waste,65
39.745,-104.915,Parks & Trees,65
39.775,-104.75,General Information,65
39.725,-104.97,General Information,65
39.78,-104.985,General Information,65
39.745,-105.0,Licensing & Permits,65
39.695,-105.0,Licensing & Permits,65
39.67,-104.91,Streets & Traffic,65
39.68,-104.965,Parking & Vehicles,65
39.665,-105.07000000000001,Solid Waste,65
39.645,-104.9,Streets & Traffic,65
39.715,-105.01,Solid Waste,65
39.7,-105.0,Streets & Traffic,65
39.78,-104.775,Neighborhood Inspection,65
39.7,-104.94500000000001,Solid Waste,65
39.78,-104.89,Licensing & Permits,65
39.675000000000004,-105.025,Streets & Traffic,65
39.75,-105.005,General Information,65
39.725,-105.03,Solid Waste,65
39.78,-104.735,Solid Waste,65
39.765,-105.02,General Information,65
39.685,-104.95,Solid Waste,65
39.71,-105.04,General Information,65
39.67,-104.96000000000001,Public Safety (non-emergency),64
39.785000000000004,-104.955,Streets & Traffic,64
39.715,-104.95,Parks & Trees,64
39.77,-104.91,Streets & Traffic,64
39.785000000000004,-105.03,Streets & Traffic,64
39.765,-104.95,Streets & Traffic,64
39.78,-105.05,Streets & Traffic,64
39.785000000000004,-105.01,Streets & Traffic,64
39.77,-105.01,Parking & Vehicles,64
39.76,-104.995,Neighborhood Inspection,64
39.705,-105.0,Neighborhood Inspection,64
39.78,-105.005,Public Safety (non-emergency),64
39.795,-104.74000000000001,Solid Waste,64
39.765,-104.89,Parking & Vehicles,64
39.705,-105.005,Streets & Traffic,64
39.655,-105.035,Solid Waste,64
39.725,-105.035,Parking & Vehicles,64
39.730000000000004,-105.03,Streets & Traffic,64
39.755,-104.97,Licensing & Permits,64
39.72,-105.025,General Information,64
39.795,-104.805,Solid Waste,64
39.67,-105.035,Parking & Vehicles,64
39.625,-104.89,Streets & Traffic,64
39.79,-104.985,General Information,64
39.77,-105.025,Licensing & Permits,64
39.72,-105.05,Animals,64
39.74,-104.94500000000001,Public Health & Noise,64
39.75,-104.98,Animals,64
39.77,-105.035,General Information,64
39.78,-104.825,Parking & Vehicles,64
39.665,-104.915,Neighborhood Inspection,64
39.69,-105.04,Neighborhood Inspection,64
39.79,-104.895,Solid Waste,64
39.755,-104.955,Streets & Traffic,64
39.655,-104.875,Neighborhood Inspection,64
39.665,-105.03,Neighborhood Inspection,64
39.64,-104.885,Streets & Traffic,64
39.635,-105.045,Solid Waste,64
39.67,-105.05,Solid Waste,64
39.660000000000004,-105.035,Streets & Traffic,64
39.795,-104.895,Solid Waste,63
39.785000000000004,-104.94,Licensing & Permits,63
39.735,-104.895,Solid Waste,63
39.785000000000004,-104.755,Streets & Traffic,63
39.675000000000004,-104.94500000000001,Streets & Traffic,63
39.675000000000004,-105.03,Streets & Traffic,63
39.755,-104.955,Solid Waste,63
39.74,-104.91,Solid Waste,63
39.65,-104.915,Neighborhood Inspection,63
39.655,-104.88,Neighborhood Inspection,63
39.79,-105.005,Streets & Traffic,63
39.7,-105.05,Public Safety (non-emergency),63
39.765,-104.895,Solid Waste,63
39.785000000000004,-104.845,Neighborhood Inspection,63
39.715,-105.02,General Information,63
39.77,-105.03,General Information,63
39.69,-105.025,Public Safety (non-emergency),63
39.72,-104.9,Public Health & Noise,63
39.785000000000004,-104.77,Licensing & Permits,63
39.78,-104.955,General Information,63
39.77,-104.94500000000001,Streets & Traffic,63
39.69,-104.965,Streets & Traffic,63
39.660000000000004,-105.04,Solid Waste,63
39.660000000000004,-104.95,Solid Waste,63
39.695,-104.985,Public Safety (non-emergency),63
39.68,-105.04,Streets & Traffic,63
39.775,-104.86500000000001,Streets & Traffic,63
39.71,-104.91,Neighborhood Inspection,63
39.705,-104.87,General Information,63
39.68,-104.905,Streets & Traffic,63
39.665,-105.06,Solid Waste,63
39.71,-104.94,Neighborhood Inspection,63
39.71,-104.97,Licensing & Permits,63
39.63,-104.91,General Information,63
39.76,-104.99000000000001,Neighborhood Inspection,63
39.63,-104.91,Public Safety (non-emergency),63
39.775,-104.74000000000001,Neighborhood Inspection,63
39.67,-104.94,General Information,63
39.76,-105.02,Parking & Vehicles,63
39.67,-104.98,Neighborhood Inspection,63
39.76,-104.94500000000001,Parking & Vehicles,63
39.77,-104.925,Public Safety (non-emergency),63
39.705,-104.905,Streets & Traffic,63
39.71,-105.035,General Information,63
39.695,-104.905,Public Health & Noise,63
39.72,-105.025,Licensing & Permits,63
39.77,-105.005,Public Health & Noise,63
39.78,-104.815,Streets & Traffic,63
39.76,-104.935,Parking & Vehicles,63
39.730000000000004,-105.04,General Information,63
39.76,-105.04,General Information,63
39.685,-104.99000000000001,Public Safety (non-emergency),63
39.805,-104.765,Public Safety (non-emergency),63
39.74,-105.0,Solid Waste,62
39.730000000000004,-104.965,Parks & Trees,62
39.77,-104.96000000000001,Streets & Traffic,62
39.65,-104.91,Neighborhood Inspection,62
39.675000000000004,-104.97500000000001,Licensing & Permits,62
39.730000000000004,-105.045,Streets & Traffic,62
39.785000000000004,-105.025,Solid Waste,62
39.725,-104.98,Encampments,62
39.67,-104.97,Solid Waste,62
39.745,-104.97500000000001,Solid Waste,62
39.730000000000004,-105.025,Solid Waste,62
39.67,-104.99000000000001,General Information,62
39.735,-105.025,Solid Waste,62
39.77,-104.92,Streets & Traffic,62
39.71,-104.87,General Information,62
39.800000000000004,-104.86500000000001,Solid Waste,62
39.755,-104.9,Neighborhood Inspection,62
39.745,-104.91,Neighborhood Inspection,62
39.72,-105.03,Animals,62
39.795,-104.855,Encampments,62
39.725,-105.025,Streets & Traffic,62
39.705,-104.875,Public Safety (non-emergency),62
39.69,-104.98,General Information,62
39.76,-105.04,Licensing & Permits,62
39.76,-104.995,General Information,62
39.68,-104.93,Licensing & Permits,62
39.67,-104.96000000000001,Licensing & Permits,62
39.765,-104.985,Neighborhood Inspection,62
39.745,-105.025,General Information,62
39.725,-104.96000000000001,General Information,62
39.735,-104.92,General Information,62
39.74,-104.905,Parking & Vehicles,62
39.795,-104.83500000000001,Neighborhood Inspection,62
39.68,-104.97,General Information,62
39.685,-105.025,Public Health & Noise,62
39.75,-105.03,General Information,62
39.765,-105.03,Licensing & Permits,62
39.745,-104.955,Parks & Trees,62
39.665,-105.065,Solid Waste,62
39.67,-104.94,Licensing & Permits,62
39.665,-105.075,Solid Waste,62
39.765,-104.99000000000001,Parking & Vehicles,62
39.69,-104.99000000000001,Public Safety (non-emergency),62
39.755,-105.045,Neighborhood Inspection,62
39.68,-104.99000000000001,General Information,62
39.735,-104.895,Public Health & Noise,62
39.78,-104.83500000000001,Neighborhood Inspection,62
39.69,-104.935,Parking & Vehicles,62
39.72,-105.05,Parking & Vehicles,62
39.755,-105.045,Parks & Trees,62
39.75,-104.96000000000001,Parks & Trees,62
39.705,-104.925,Neighborhood Inspection,62
39.79,-105.025,Licensing & Permits,62
39.665,-104.895,Solid Waste,62
39.735,-104.96000000000001,Animals,62
39.71,-105.005,Licensing & Permits,62
39.785000000000004,-104.84,General Information,62
39.785000000000004,-104.8,General Information,62
39.645,-104.88,Solid Waste,62
39.795,-104.75,Solid Waste,61
39.67,-105.03,Parking & Vehicles,61
39.695,-105.015,Public Safety (non-emergency),61
39.77,-104.91,Parks & Trees,61
39.79,-105.02,Streets & Traffic,61
39.665,-104.96000000000001,Streets & Traffic,61
39.745,-105.0,Public Safety (non-emergency),61
39.665,-105.055,Streets & Traffic,61
39.655,-104.895,Public Safety (non-emergency),61
39.77,-105.035,Parking & Vehicles,61
39.660000000000004,-105.04,Neighborhood Inspection,61
39.7,-105.03,Streets & Traffic,61
39.675000000000004,-104.98,Parks & Trees,61
39.765,-105.01,General Information,61
39.715,-105.025,Parking & Vehicles,61
39.755,-104.995,Parking & Vehicles,61
39.75,-104.96000000000001,General Information,61
39.68,-105.05,Streets & Traffic,61
39.72,-104.98,Public Safety (non-emergency),61
39.765,-104.89,Public Safety (non-emergency),61
39.77,-104.97,General Information,61
39.72,-105.04,General Information,61
39.735,-104.885,General Information,61
39.645,-104.905,Solid Waste,61
39.71,-105.015,Solid Waste,61
39.65,-104.905,Streets & Traffic,61
39.79,-104.83,Neighborhood Inspection,61
39.765,-104.98,Public Safety (non-emergency),61
39.775,-104.77,Parking & Vehicles,61
39.77,-104.98,Encampments,61
39.635,-105.05,Streets & Traffic,61
39.665,-104.965,Neighborhood Inspection,61
39.785000000000004,-105.06,Neighborhood Inspection,61
39.660000000000004,-104.895,Solid Waste,61
39.755,-104.905,Parking & Vehicles,61
39.705,-104.89,Licensing & Permits,61
39.695,-105.025,General Information,61
39.78,-104.84,General Information,61
39.695,-104.905,Streets & Traffic,61
39.685,-104.985,Public Safety (non-emergency),61
39.67,-104.98,Solid Waste,61
39.765,-104.93,Neighborhood Inspection,61
39.745,-104.94500000000001,Solid Waste,61
39.75,-104.915,Neighborhood Inspection,61
39.75,-104.97,Public Safety (non-emergency),61
39.76,-104.995,Licensing & Permits,61
39.725,-105.055,Public Safety (non-emergency),61
39.72,-104.97500000000001,Licensing & Permits,61
39.65,-104.89,Neighborhood Inspection,61
39.730000000000004,-105.005,Public Safety (non-emergency),60
39.75,-105.02,Parks & Trees,60
39.785000000000004,-105.055,Neighborhood Inspection,60
39.775,-105.02,General Information,60
39.76,-104.87,Neighborhood Inspection,60
39.665,-105.06,Neighborhood Inspection,60
39.735,-104.895,Streets & Traffic,60
39.67,-104.905,Parks & Trees,60
39.735,-104.885,Streets & Traffic,60
39.675000000000004,-105.055,Streets & Traffic,60
39.72,-104.97,Neighborhood Inspection,60
39.65,-104.92,Solid Waste,60
39.745,-104.995,Solid Waste,60
39.765,-104.91,Parking & Vehicles,60
39.625,-104.9,Neighborhood Inspection,60
39.71,-105.03,Parking & Vehicles,60
39.75,-105.04,General Information,60
39.76,-104.98,Encampments,60
39.730000000000004,-105.005,Encampments,60
39.74,-104.905,Public Safety (non-emergency),60
39.735,-104.905,General Information,60
39.615,-105.06,Solid Waste,60
39.665,-105.07000000000001,Parking & Vehicles,60
39.74,-105.03,Parks & Trees,60
39.685,-104.91,Solid Waste,60
39.67,-104.99000000000001,Parking & Vehicles,60
39.77,-104.94500000000001,Licensing & Permits,60
39.775,-104.985,Solid Waste,60
39.775,-104.75,Streets & Traffic,60
39.675000000000004,-104.94,General Information,60
39.655,-104.89,General Information,60
39.765,-105.05,Parks & Trees,60
39.76,-104.885,Parks & Trees,60
39.76,-104.92,General Information,60
39.77,-104.97500000000001,General Information,60
39.67,-105.05,Streets & Traffic,60
39.660000000000004,-104.91,Solid Waste,60
39.71,-104.985,Public Health & Noise,60
39.795,-104.76,Solid Waste,60
39.660000000000004,-105.06,Parking & Vehicles,60
39.755,-105.01,Public Safety (non-emergency),60
39.72,-104.95,General Information,60
39.68,-104.935,Solid Waste,60
39.77,-105.025,Public Safety (non-emergency),60
39.660000000000004,-104.895,Streets & Traffic,60
39.75,-104.965,General Information,60
39.74,-105.045,General Information,60
39.765,-104.985,Encampments,60
39.68,-105.045,Streets & Traffic,60
39.74,-105.015,Streets & Traffic,60
39.71,-104.99000000000001,General Information,60
39.715,-105.04,Parking & Vehicles,60
39.765,-105.015,Licensing & Permits,60
39.715,-105.035,Animals,59
39.775,-104.94500000000001,Streets & Traffic,59
39.755,-105.01,General Information,59
39.625,-104.905,Neighborhood Inspection,59
39.67,-105.025,Public Safety (non-emergency),59
39.7,-105.03,General Information,59
39.63,-104.9,Streets & Traffic,59
39.765,-104.91,Neighborhood Inspection,59
39.755,-104.95,Streets & Traffic,59
39.745,-104.965,Parking & Vehicles,59
39.685,-104.965,Neighborhood Inspection,59
39.755,-104.94500000000001,Streets & Traffic,59
39.775,-104.915,Encampments,59
39.755,-105.005,Public Health & Noise,59
39.7,-105.01,Streets & Traffic,59
39.765,-104.95,General Information,59
39.785000000000004,-104.765,General Information,59
39.730000000000004,-105.045,Public Health & Noise,59
39.755,-104.995,Solid Waste,59
39.665,-105.045,Neighborhood Inspection,59
39.775,-104.755,Neighborhood Inspection,59
39.725,-104.995,General Information,59
39.705,-104.87,Parking & Vehicles,59
39.75,-104.895,Neighborhood Inspection,59
39.69,-105.045,Parking & Vehicles,59
39.71,-104.94500000000001,Parking & Vehicles,59
39.705,-104.91,Solid Waste,59
39.785000000000004,-104.89,Licensing & Permits,59
39.78,-104.985,Parking & Vehicles,59
39.775,-105.015,Parking & Vehicles,59
39.685,-105.04,Neighborhood Inspection,59
39.685,-104.895,Streets & Traffic,59
39.665,-105.02,Neighborhood Inspection,59
39.705,-105.025,Licensing & Permits,59
39.75,-105.03,Parking & Vehicles,59
39.715,-105.025,General Information,59
39.76,-104.97,Animals,59
39.65,-104.895,Solid Waste,59
39.74,-104.995,Solid Waste,59
39.705,-105.03,Animals,59
39.735,-104.935,General Information,59
39.725,-104.955,Licensing & Permits,59
39.765,-105.035,General Information,59
39.69,-105.05,Streets & Traffic,59
39.76,-104.91,Neighborhood Inspection,59
39.69,-104.97,Streets & Traffic,59
39.77,-105.04,Parking & Vehicles,59
39.635,-104.89,Solid Waste,59
39.74,-104.99000000000001,Encampments,59
39.730000000000004,-104.95,General Information,59
39.695,-104.9,Streets & Traffic,59
39.735,-104.915,General Information,59
39.755,-104.9,Public Safety (non-emergency),59
39.730000000000004,-105.035,Public Safety (non-emergency),59
39.74,-104.895,Public Health & Noise,59
39.75,-105.005,Public Health & Noise,59
39.660000000000004,-104.925,Streets & Traffic,59
39.63,-104.895,Neighborhood Inspection,59
39.71,-104.955,Solid Waste,59
39.660000000000004,-104.89,Solid Waste,59
39.72,-104.97,Solid Waste,59
39.725,-104.96000000000001,Parks & Trees,59
39.71,-105.0,Licensing & Permits,59
39.69,-105.0,Parks & Trees,58
39.77,-105.015,Public Safety (non-emergency),58
39.755,-104.97,General Information,58
39.69,-104.95,Solid Waste,58
39.665,-104.925,Streets & Traffic,58
39.76,-104.97,Parking & Vehicles,58
39.67,-104.915,Solid Waste,58
39.655,-104.9,General Information,58
39.660000000000004,-104.85000000000001,Public Safety (non-emergency),58
39.79,-105.045,Streets & Traffic,58
39.76,-105.0,Encampments,58
39.655,-105.04,Solid Waste,58
39.75,-104.99000000000001,Solid Waste,58
39.68,-105.01,Neighborhood Inspection,58
39.665,-105.065,Neighborhood Inspection,58
39.675000000000004,-104.94,Public Health & Noise,58
39.77,-104.85000000000001,Licensing & Permits,58
39.71,-105.03,Animals,58
39.77,-104.995,Streets & Traffic,58
39.72,-105.03,Public Safety (non-emergency),58
39.765,-105.005,Public Safety (non-emergency),58
39.765,-104.995,Public Safety (non-emergency),58
39.62,-105.065,Solid Waste,58
39.755,-105.035,Public Safety (non-emergency),58
39.725,-104.88,Public Safety (non-emergency),58
39.65,-104.915,Licensing & Permits,58
39.730000000000004,-104.965,Neighborhood Inspection,58
39.635,-104.9,Streets & Traffic,58
39.735,-104.915,Parking & Vehicles,58
39.685,-104.89,Parking & Vehicles,58
39.7,-104.89,General Information,58
39.725,-104.99000000000001,General Information,58
39.735,-105.04,Parks & Trees,58
39.765,-104.94500000000001,General Information,58
39.76,-104.895,Neighborhood Inspection,58
39.72,-104.905,Licensing & Permits,58
39.735,-105.0,Encampments,58
39.755,-104.875,Streets & Traffic,58
39.65,-104.89,Streets & Traffic,58
39.765,-104.9,Licensing & Permits,58
39.79,-105.06,Solid Waste,58
39.795,-104.83,Parking & Vehicles,58
39.625,-104.895,Licensing & Permits,58
39.78,-105.04,General Information,58
39.705,-105.05,Streets & Traffic,58
39.765,-105.05,General Information,58
39.705,-104.97500000000001,Parks & Trees,58
39.705,-104.875,Streets & Traffic,58
39.725,-105.03,Streets & Traffic,58
39.725,-104.935,Neighborhood Inspection,58
39.655,-104.87,Licensing & Permits,58
39.74,-104.915,Parks & Trees,58
39.745,-105.045,Solid Waste,58
39.65,-104.915,Encampments,58
39.730000000000004,-105.025,Licensing & Permits,58
39.785000000000004,-104.98,Public Safety (non-emergency),58
39.785000000000004,-104.775,Licensing & Permits,58
39.775,-104.94,Licensing & Permits,58
39.660000000000004,-104.855,Public Health & Noise,57
39.705,-104.94500000000001,Solid Waste,57
39.71,-105.02,General Information,57
39.785000000000004,-104.76,Streets & Traffic,57
39.805,-104.88,Neighborhood Inspection,57
39.765,-105.055,Streets & Traffic,57
39.645,-104.885,General Information,57
39.745,-104.96000000000001,Licensing & Permits,57
39.63,-105.105,Neighborhood Inspection,57
39.715,-105.005,Streets & Traffic,57
39.77,-104.755,Streets & Traffic,57
39.675000000000004,-104.935,Parking & Vehicles,57
39.660000000000004,-105.035,Parking & Vehicles,57
39.755,-105.04,Public Health & Noise,57
39.755,-105.01,Encampments,57
39.715,-105.03,Parking & Vehicles,57
39.715,-104.92,Neighborhood Inspection,57
39.765,-105.015,General Information,57
39.68,-105.03,General Information,57
39.775,-104.82000000000001,Neighborhood Inspection,57
39.775,-104.99000000000001,Public Safety (non-emergency),57
39.645,-104.89,Solid Waste,57
39.660000000000004,-104.925,Solid Waste,57
39.71,-105.005,Parking & Vehicles,57
39.67,-104.985,Licensing & Permits,57
39.72,-104.895,Streets & Traffic,57
39.69,-104.94,General Information,57
39.77,-105.02,Parking & Vehicles,57
39.78,-104.935,Neighborhood Inspection,57
39.7,-104.97500000000001,Parking & Vehicles,57
39.795,-104.815,Neighborhood Inspection,57
39.81,-104.78,Public Safety (non-emergency),57
39.725,-105.04,Animals,57
39.725,-105.02,Encampments,57
39.655,-104.92,Neighborhood Inspection,57
39.69,-105.015,Neighborhood Inspection,57
39.67,-104.87,Public Safety (non-emergency),57
39.675000000000004,-105.05,Streets & Traffic,57
39.695,-104.98,Parking & Vehicles,57
39.79,-104.82000000000001,Parking & Vehicles,57
39.785000000000004,-104.92,Streets & Traffic,57
39.76,-104.965,Parking & Vehicles,57
39.72,-105.025,Parking & Vehicles,57
39.79,-104.86500000000001,Streets & Traffic,57
39.785000000000004,-105.005,Streets & Traffic,57
39.76,-104.905,General Information,57
39.77,-105.05,Licensing & Permits,57
39.705,-104.89,General Information,57
39.715,-105.025,Public Health & Noise,57
39.69,-105.005,Streets & Traffic,56
39.655,-104.875,Public Safety (non-emergency),56
39.745,-104.96000000000001,Parking & Vehicles,56
39.755,-104.96000000000001,General Information,56
39.78,-104.965,Neighborhood Inspection,56
39.755,-104.985,Animals,56
39.79,-105.02,Parking & Vehicles,56
39.665,-105.02,Solid Waste,56
39.735,-104.935,Parking & Vehicles,56
39.765,-105.025,Parking & Vehicles,56
39.695,-104.89,Streets & Traffic,56
39.655,-104.915,Public Health & Noise,56
39.685,-104.895,General Information,56
39.725,-104.895,Solid Waste,56
39.79,-104.985,Neighborhood Inspection,56
39.75,-105.005,Public Safety (non-emergency),56
39.69,-105.03,Public Safety (non-emergency),56
39.72,-105.045,Streets & Traffic,56
39.695,-105.005,Public Health & Noise,56
39.635,-105.05,Solid Waste,56
39.64,-105.05,Neighborhood Inspection,56
39.76,-104.995,Encampments,56
39.72,-104.98,Public Health & Noise,56
39.660000000000004,-104.9,Solid Waste,56
39.685,-104.935,General Information,56
39.69,-105.02,Neighborhood Inspection,56
39.74,-104.94500000000001,Encampments,56
39.76,-105.0,Neighborhood Inspection,56
39.735,-104.89,General Information,56
39.675000000000004,-105.035,Parking & Vehicles,56
39.705,-105.045,Public Safety (non-emergency),56
39.735,-104.94,Animals,56
39.68,-104.96000000000001,General Information,56
39.730000000000004,-105.05,Parking & Vehicles,56
39.755,-104.895,Parks & Trees,56
39.730000000000004,-105.0,Encampments,56
39.675000000000004,-104.96000000000001,General Information,56
39.675000000000004,-105.06,Neighborhood Inspection,56
39.72,-104.98,Encampments,56
39.775,-105.0,Public Safety (non-emergency),56
39.7,-104.97,Streets & Traffic,56
39.785000000000004,-104.81,Neighborhood Inspection,56
39.76,-104.89,Public Safety (non-emergency),56
39.675000000000004,-104.925,Licensing & Permits,56
39.68,-104.98,General Information,56
39.675000000000004,-105.0,Streets & Traffic,56
39.76,-104.94500000000001,Licensing & Permits,56
39.765,-105.0,Parks & Trees,56
39.69,-105.005,Neighborhood Inspection,56
39.72,-105.035,Parking & Vehicles,56
39.730000000000004,-104.97,Public Safety (non-emergency),56
39.685,-104.9,Streets & Traffic,56
39.7,-104.925,Solid Waste,56
39.69,-104.995,Streets & Traffic,56
39.795,-104.83500000000001,Parking & Vehicles,56
39.77,-104.9,Neighborhood Inspection,56
39.685,-105.025,Parking & Vehicles,56
39.745,-104.96000000000001,Public Safety (non-emergency),56
39.765,-104.95,Licensing & Permits,56
39.78,-104.83,Parking & Vehicles,55
39.675000000000004,-104.92,Public Health & Noise,55
39.735,-104.965,Solid Waste,55
39.665,-105.065,Parking & Vehicles,55
39.685,-104.97500000000001,General Information,55
39.77,-105.05,Public Health & Noise,55
39.730000000000004,-105.03,General Information,55
39.765,-104.97500000000001,Animals,55
39.725,-104.995,Licensing & Permits,55
39.655,-104.87,Public Health & Noise,55
39.730000000000004,-104.955,General Information,55
39.715,-104.95,Public Health & Noise,55
39.7,-105.05,Licensing & Permits,55
39.715,-104.91,Public Health & Noise,55
39.705,-105.025,Public Safety (non-emergency),55
39.730000000000004,-104.92,Parks & Trees,55
39.78,-104.965,Streets & Traffic,55
39.705,-104.955,Streets & Traffic,55
39.69,-105.04,Streets & Traffic,55
39.675000000000004,-105.06,General Information,55
39.685,-104.985,General Information,55
39.745,-104.97,Parking & Vehicles,55
39.705,-104.955,Solid Waste,55
39.68,-104.97500000000001,Parking & Vehicles,55
39.72,-105.04,Parking & Vehicles,55
39.745,-105.03,Public Safety (non-emergency),55
39.7,-104.93,General Information,55
39.745,-105.005,Neighborhood Inspection,55
39.76,-105.005,Public Health & Noise,55
39.755,-104.94,General Information,55
39.77,-105.03,Licensing & Permits,55
39.74,-105.015,Neighborhood Inspection,55
39.665,-105.08,Parking & Vehicles,55
39.76,-105.05,Parking & Vehicles,55
39.78,-104.74000000000001,Streets & Traffic,55
39.685,-104.965,Streets & Traffic,55
39.745,-105.0,Parking & Vehicles,55
39.79,-104.985,Streets & Traffic,55
39.655,-104.88,Public Safety (non-emergency),55
39.705,-104.89,Public Safety (non-emergency),55
39.695,-105.025,Licensing & Permits,55
39.79,-104.76,Solid Waste,55
39.78,-104.98,General Information,55
39.665,-105.03,Streets & Traffic,55
39.775,-105.05,General Information,55
39.7,-105.04,General Information,55
39.67,-104.965,General Information,55
39.76,-104.965,Animals,55
39.77,-104.915,Neighborhood Inspection,55
39.75,-105.035,General Information,55
39.71,-105.03,Licensing & Permits,55
39.71,-105.01,Public Safety (non-emergency),55
39.64,-105.035,Streets & Traffic,55
39.765,-104.93,Public Health & Noise,55
39.785000000000004,-104.96000000000001,Neighborhood Inspection,55
39.775,-104.765,Parking & Vehicles,55
39.795,-104.77,Solid Waste,55
39.625,-105.10000000000001,Solid Waste,55
39.730000000000004,-104.9,General Information,55
39.735,-105.005,Neighborhood Inspection,55
39.655,-104.905,Public Health & Noise,55
39.67,-104.985,General Information,55
39.665,-104.94,Public Health & Noise,55
39.7,-104.985,Licensing & Permits,54
39.65,-104.88,Solid Waste,54
39.72,-104.925,General Information,54
39.765,-104.915,Parking & Vehicles,54
39.730000000000004,-104.925,General Information,54
39.775,-105.01,General Information,54
39.795,-104.83,Neighborhood Inspection,54
39.79,-105.06,Neighborhood Inspection,54
39.775,-104.81,Neighborhood Inspection,54
39.705,-105.02,Parking & Vehicles,54
39.71,-104.905,Solid Waste,54
39.765,-105.025,Encampments,54
39.76,-105.05,General Information,54
39.675000000000004,-105.035,General Information,54
39.730000000000004,-104.895,Streets & Traffic,54
39.735,-104.9,Public Health & Noise,54
39.705,-104.965,Parking & Vehicles,54
39.745,-104.92,Neighborhood Inspection,54
39.655,-105.06,General Information,54
39.730000000000004,-104.91,Neighborhood Inspection,54
39.78,-105.045,General Information,54
39.78,-104.755,Streets & Traffic,54
39.705,-104.905,Neighborhood Inspection,54
39.655,-104.9,Licensing & Permits,54
39.675000000000004,-104.995,Solid Waste,54
39.67,-105.05,Neighborhood Inspection,54
39.725,-104.94,Parking & Vehicles,54
39.76,-104.86500000000001,Public Health & Noise,54
39.685,-104.935,Streets & Traffic,54
39.755,-105.05,General Information,54
39.74,-104.995,Parking & Vehicles,54
39.795,-104.775,Parking & Vehicles,54
39.68,-104.995,Parking & Vehicles,54
39.695,-104.935,Neighborhood Inspection,54
39.78,-105.05,Parking & Vehicles,54
39.785000000000004,-104.95,Animals,54
39.76,-105.0,Public Health & Noise,54
39.625,-104.895,Public Safety (non-emergency),54
39.78,-104.765,Solid Waste,54
39.72,-104.935,Solid Waste,54
39.675000000000004,-104.91,Solid Waste,54
39.79,-105.025,Public Health & Noise,54
39.725,-105.02,Licensing & Permits,54
39.76,-104.93,General Information,54
39.705,-105.035,General Information,54
39.76,-105.0,Licensing & Permits,54
39.685,-104.925,Streets & Traffic,54
39.75,-104.925,Neighborhood Inspection,54
39.695,-104.94,Public Health & Noise,54
39.7,-104.97500000000001,General Information,54
39.755,-104.85000000000001,General Information,54
39.745,-105.025,Public Safety (non-emergency),54
39.785000000000004,-104.74000000000001,Solid Waste,54
39.795,-104.735,Solid Waste,54
39.755,-104.93,General Information,54
39.735,-104.98,Animals,54
39.755,-105.015,Licensing & Permits,54
39.775,-104.955,Public Safety (non-emergency),54
39.745,-104.94500000000001,Neighborhood Inspection,54
39.79,-105.045,Neighborhood Inspection,54
39.69,-104.91,Streets & Traffic,54
39.68,-104.925,Public Safety (non-emergency),54
39.725,-105.045,Parking & Vehicles,54
39.79,-104.84,Streets & Traffic,53
39.775,-104.98,Parking & Vehicles,53
39.78,-104.75,Solid Waste,53
39.775,-105.005,Public Safety (non-emergency),53
39.725,-104.97500000000001,Public Safety (non-emergency),53
39.755,-104.87,Streets & Traffic,53
39.665,-105.025,Solid Waste,53
39.78,-104.86,Neighborhood Inspection,53
39.69,-105.05,Parking & Vehicles,53
39.7,-105.02,General Information,53
39.765,-105.025,Licensing & Permits,53
39.79,-104.84,Neighborhood Inspection,53
39.725,-104.935,General Information,53
39.71,-104.94500000000001,Solid Waste,53
39.77,-105.035,Public Health & Noise,53
39.655,-104.885,Licensing & Permits,53
39.755,-104.885,Streets & Traffic,53
39.825,-104.77,Public Safety (non-emergency),53
39.69,-104.895,Solid Waste,53
39.705,-104.89,Parking & Vehicles,53
39.72,-104.93,General Information,53
39.735,-105.05,Parking & Vehicles,53
39.72,-104.97500000000001,Encampments,53
39.665,-105.055,Parking & Vehicles,53
39.765,-104.95,Parking & Vehicles,53
39.730000000000004,-105.01,Public Safety (non-emergency),53
39.68,-105.035,Parking & Vehicles,53
39.77,-104.955,Solid Waste,53
39.7,-104.925,Neighborhood Inspection,53
39.785000000000004,-104.955,Neighborhood Inspection,53
39.71,-104.99000000000001,Parking & Vehicles,53
39.725,-104.985,Parking & Vehicles,53
39.755,-105.02,Public Health & Noise,53
39.68,-104.985,General Information,53
39.77,-104.75,Neighborhood Inspection,53
39.725,-105.0,General Information,53
39.695,-104.93,Parking & Vehicles,53
39.755,-105.035,General Information,53
39.7,-104.92,Parking & Vehicles,53
39.72,-104.9,General Information,53
39.63,-105.035,Solid Waste,53
39.64,-104.905,Solid Waste,53
39.755,-104.9,Solid Waste,53
39.745,-104.885,Neighborhood Inspection,53
39.72,-104.88,Streets & Traffic,53
39.795,-104.82000000000001,Parking & Vehicles,53
39.785000000000004,-104.755,Solid Waste,53
39.765,-105.0,Neighborhood Inspection,53
39.69,-104.985,Public Safety (non-emergency),53
39.660000000000004,-104.885,Solid Waste,53
39.625,-104.905,Streets & Traffic,53
39.675000000000004,-104.96000000000001,Solid Waste,53
39.685,-105.035,Streets & Traffic,53
39.71,-104.94500000000001,General Information,53
39.775,-104.8,Licensing & Permits,53
39.765,-104.97,Public Safety (non-emergency),53
39.745,-105.05,Solid Waste,53
39.63,-105.095,Parking & Vehicles,53
39.765,-104.905,General Information,53
39.755,-104.86,Solid Waste,52
39.705,-104.915,Public Safety (non-emergency),52
39.705,-105.05,General Information,52
39.74,-104.95,Public Health & Noise,52
39.735,-105.005,Parks & Trees,52
39.685,-104.97500000000001,Parking & Vehicles,52
39.64,-105.05,Streets & Traffic,52
39.77,-105.035,Public Safety (non-emergency),52
39.655,-104.89,Streets & Traffic,52
39.660000000000004,-104.85000000000001,Public Health & Noise,52
39.67,-105.025,Parking & Vehicles,52
39.75,-104.9,General Information,52
39.72,-104.915,Neighborhood Inspection,52
39.660000000000004,-104.85000000000001,General Information,52
39.72,-105.035,Public Safety (non-emergency),52
39.78,-105.03,Parking & Vehicles,52
39.69,-104.98,Public Health & Noise,52
39.68,-104.91,Neighborhood Inspection,52
39.69,-105.025,Solid Waste,52
39.67,-105.055,Streets & Traffic,52
39.76,-104.94,Public Safety (non-emergency),52
39.75,-104.965,Encampments,52
39.775,-104.765,Streets & Traffic,52
39.660000000000004,-104.89,Neighborhood Inspection,52
39.665,-105.035,Streets & Traffic,52
39.675000000000004,-104.985,General Information,52
39.685,-104.98,General Information,52
39.79,-105.02,General Information,52
39.63,-105.04,Neighborhood Inspection,52
39.665,-105.055,Solid Waste,52
39.745,-104.9,General Information,52
39.645,-104.915,Streets & Traffic,52
39.765,-104.91,General Information,52
39.765,-104.915,General Information,52
39.65,-104.915,Public Safety (non-emergency),52
39.805,-104.77,Public Safety (non-emergency),52
39.77,-105.02,General Information,52
39.775,-104.925,Neighborhood Inspection,52
39.705,-104.985,Encampments,52
39.665,-104.94,Licensing & Permits,52
39.7,-105.045,Animals,52
39.76,-104.99000000000001,Licensing & Permits,52
39.7,-105.005,Streets & Traffic,52
39.76,-104.965,Parks & Trees,52
39.77,-104.925,Streets & Traffic,52
39.765,-104.92,Parking & Vehicles,52
39.67,-104.99000000000001,Licensing & Permits,52
39.695,-104.98,Public Health & Noise,52
39.775,-104.75,Parking & Vehicles,52
39.78,-104.83500000000001,Parking & Vehicles,52
39.78,-104.735,Streets & Traffic,52
39.745,-104.96000000000001,Parks & Trees,52
39.77,-104.97,Animals,52
39.7,-104.875,Solid Waste,52
39.76,-104.885,Neighborhood Inspection,51
39.7,-104.88,General Information,51
39.7,-105.05,General Information,51
39.72,-105.04,Animals,51
39.74,-104.915,General Information,51
39.68,-104.99000000000001,Parking & Vehicles,51
39.69,-104.895,Parking & Vehicles,51
39.75,-104.91,Parking & Vehicles,51
39.78,-104.81,Streets & Traffic,51
39.695,-104.94,Licensing & Permits,51
39.705,-104.905,Solid Waste,51
39.775,-104.805,Public Safety (non-emergency),51
39.645,-104.91,Solid Waste,51
39.7,-105.055,Neighborhood Inspection,51
39.765,-104.96000000000001,General Information,51
39.72,-104.965,Solid Waste,51
39.79,-104.775,Public Safety (non-emergency),51
39.72,-104.9,Neighborhood Inspection,51
39.69,-104.985,Parks & Trees,51
39.67,-104.94,Public Health & Noise,51
39.695,-104.97,Parks & Trees,51
39.65,-104.89,Encampments,51
39.665,-105.07000000000001,Streets & Traffic,51
39.69,-104.915,Parks & Trees,51
39.730000000000004,-105.035,Animals,51
39.660000000000004,-105.065,Parking & Vehicles,51
39.705,-105.045,Public Health & Noise,51
39.660000000000004,-105.055,Solid Waste,51
39.63,-105.10000000000001,Neighborhood Inspection,51
39.695,-104.965,General Information,51
39.78,-105.02,General Information,51
39.675000000000004,-105.035,Streets & Traffic,51
39.685,-104.925,Neighborhood Inspection,51
39.625,-104.9,Streets & Traffic,51
39.765,-104.93,Public Safety (non-emergency),51
39.77,-104.98,Parking & Vehicles,51
39.775,-104.825,Streets & Traffic,51
39.705,-104.875,Public Health & Noise,51
39.715,-104.91,Neighborhood Inspection,51
39.785000000000004,-104.98,Neighborhood Inspection,51
39.795,-104.81,Neighborhood Inspection,51
39.755,-105.03,Licensing & Permits,51
39.785000000000004,-104.765,Public Safety (non-emergency),51
39.7,-104.985,Public Safety (non-emergency),51
39.730000000000004,-105.04,Parking & Vehicles,51
39.71,-104.925,Public Health & Noise,51
39.735,-105.035,Licensing & Permits,51
39.7,-105.025,Public Health & Noise,51
39.705,-105.015,General Information,51
39.755,-105.03,General Information,51
39.74,-104.935,Public Safety (non-emergency),51
39.72,-104.905,Public Safety (non-emergency),51
39.67,-105.02,Neighborhood Inspection,51
39.7,-104.9,Public Health & Noise,51
39.715,-105.02,Animals,51
39.77,-104.925,Neighborhood Inspection,51
39.79,-104.985,Solid Waste,51
39.735,-105.03,Animals,51
39.77,-105.025,Parking & Vehicles,51
39.765,-104.9,Public Safety (non-emergency),51
39.77,-105.005,Public Safety (non-emergency),51
39.72,-105.04,Encampments,51
39.785000000000004,-105.005,Neighborhood Inspection,51
39.795,-104.765,Streets & Traffic,51
39.65,-105.04,Solid Waste,51
39.68,-104.925,Licensing & Permits,51
39.725,-105.035,General Information,51
39.775,-104.96000000000001,Neighborhood Inspection,50
39.78,-104.775,Solid Waste,50
39.675000000000004,-104.99000000000001,Public Health & Noise,50
39.72,-105.015,Licensing & Permits,50
39.695,-104.96000000000001,Public Health & Noise,50
39.76,-104.97500000000001,Animals,50
39.745,-105.05,Streets & Traffic,50
39.78,-104.74000000000001,Parking & Vehicles,50
39.785000000000004,-105.02,Licensing & Permits,50
39.67,-105.04,Parking & Vehicles,50
39.68,-104.935,Parking & Vehicles,50
39.76,-104.87,Licensing & Permits,50
39.79,-105.025,Public Safety (non-emergency),50
39.78,-104.8,Streets & Traffic,50
39.65,-104.91,Solid Waste,50
39.78,-104.97,Streets & Traffic,50
39.785000000000004,-104.81,Licensing & Permits,50
39.78,-104.82000000000001,Parking & Vehicles,50
39.79,-105.04,Neighborhood Inspection,50
39.68,-104.92,Public Safety (non-emergency),50
39.76,-104.86500000000001,General Information,50
39.755,-104.9,Parks & Trees,50
39.67,-105.075,Solid Waste,50
39.705,-105.02,General Information,50
39.71,-105.005,Public Safety (non-emergency),50
39.775,-104.815,Parking & Vehicles,50
39.77,-104.905,Solid Waste,50
39.660000000000004,-104.88,Neighborhood Inspection,50
39.765,-104.9,Neighborhood Inspection,50
39.775,-104.82000000000001,General Information,50
39.7,-104.915,Parking & Vehicles,50
39.785000000000004,-104.845,Public Safety (non-emergency),50
39.785000000000004,-104.94500000000001,Neighborhood Inspection,50
39.74,-105.005,Licensing & Permits,50
39.635,-105.105,Solid Waste,50
39.715,-105.04,Animals,50
39.625,-105.105,Solid Waste,50
39.765,-104.905,Parking & Vehicles,50
39.64,-104.91,Neighborhood Inspection,50
39.675000000000004,-104.91,Streets & Traffic,50
39.76,-105.0,Parks & Trees,50
39.77,-105.055,Streets & Traffic,50
39.730000000000004,-105.04,Encampments,50
39.71,-104.985,Encampments,50
39.76,-105.045,Parking & Vehicles,50
39.730000000000004,-105.04,Public Safety (non-emergency),50
39.745,-104.95,Public Safety (non-emergency),50
39.735,-105.02,General Information,50
39.68,-104.985,Parking & Vehicles,50
39.76,-105.04,Parking & Vehicles,50
39.675000000000004,-105.045,Streets & Traffic,50
39.695,-105.03,Neighborhood Inspection,50
39.765,-105.0,Solid Waste,50
39.795,-104.825,Parking & Vehicles,50
39.775,-104.76,Neighborhood Inspection,50
39.685,-105.02,Animals,50
39.725,-104.955,General Information,50
39.78,-105.01,Animals,50
39.68,-104.905,Public Health & Noise,49
39.7,-104.985,General Information,49
39.695,-104.9,General Information,49
39.645,-105.055,Streets & Traffic,49
39.7,-104.93,Public Safety (non-emergency),49
39.695,-104.96000000000001,Parking & Vehicles,49
39.76,-104.905,Parking & Vehicles,49
39.76,-105.005,General Information,49
39.78,-104.745,General Information,49
39.755,-105.035,Animals,49
39.74,-104.905,Public Health & Noise,49
39.68,-104.92,General Information,49
39.78,-105.04,Licensing & Permits,49
39.76,-104.94,Parking & Vehicles,49
39.685,-105.02,General Information,49
39.775,-104.85000000000001,Neighborhood Inspection,49
39.675000000000004,-105.05,Parking & Vehicles,49
39.745,-104.95,General Information,49
39.685,-104.99000000000001,Licensing & Permits,49
39.77,-104.965,Animals,49
39.67,-104.905,Neighborhood Inspection,49
39.655,-104.875,Public Health & Noise,49
39.660000000000004,-104.91,Streets & Traffic,49
39.745,-105.055,Streets & Traffic,49
39.765,-104.905,Licensing & Permits,49
39.730000000000004,-105.04,Animals,49
39.7,-105.0,Neighborhood Inspection,49
39.79,-105.035,Streets & Traffic,49
39.79,-104.81,Solid Waste,49
39.77,-105.0,Public Health & Noise,49
39.695,-104.92,Parks & Trees,49
39.7,-105.045,Public Safety (non-emergency),49
39.715,-105.045,General Information,49
39.76,-105.035,Parking & Vehicles,49
39.76,-104.94500000000001,General Information,49
39.665,-104.97,Solid Waste,49
39.655,-105.055,Public Health & Noise,49
39.625,-105.105,Neighborhood Inspection,49
39.695,-104.98,General Information,49
39.75,-104.905,Parking & Vehicles,49
39.69,-104.99000000000001,Parking & Vehicles,49
39.79,-104.83,General Information,49
39.775,-105.055,Neighborhood Inspection,49
39.735,-105.035,Animals,49
39.74,-105.04,Animals,49
39.765,-105.025,General Information,49
39.78,-105.045,Public Safety (non-emergency),49
39.79,-105.035,Parking & Vehicles,49
39.785000000000004,-105.025,Parking & Vehicles,49
39.72,-105.02,Streets & Traffic,49
39.74,-104.985,Solid Waste,49
39.71,-105.01,Parking & Vehicles,49
39.695,-104.915,Neighborhood Inspection,49
39.715,-104.95,Parking & Vehicles,49
39.695,-105.055,Streets & Traffic,49
39.665,-104.9,Solid Waste,49
39.7,-105.025,General Information,49
39.660000000000004,-104.9,General Information,49
39.705,-104.915,Solid Waste,49
39.705,-105.04,Licensing & Permits,48
39.655,-104.94,Solid Waste,48
39.755,-104.95,Neighborhood Inspection,48
39.785000000000004,-104.77,Public Health & Noise,48
39.705,-105.02,Public Health & Noise,48
39.675000000000004,-104.925,Neighborhood Inspection,48
39.79,-104.98,Neighborhood Inspection,48
39.78,-105.035,General Information,48
39.800000000000004,-104.765,General Information,48
39.765,-104.955,Parking & Vehicles,48
39.79,-105.015,Parks & Trees,48
39.67,-104.91,Solid Waste,48
39.735,-105.05,Licensing & Permits,48
39.765,-104.93,Licensing & Permits,48
39.65,-104.925,Neighborhood Inspection,48
39.675000000000004,-105.04,Streets & Traffic,48
39.685,-105.04,Parking & Vehicles,48
39.775,-104.755,Animals,48
39.715,-104.94500000000001,Public Safety (non-emergency),48
39.75,-104.91,General Information,48
39.755,-104.965,Parking & Vehicles,48
39.665,-104.92,Encampments,48
39.685,-105.045,Parking & Vehicles,48
39.705,-104.91,General Information,48
39.75,-104.895,Parks & Trees,48
39.71,-105.02,Licensing & Permits,48
39.735,-105.025,Public Health & Noise,48
39.705,-104.97500000000001,Parking & Vehicles,48
39.775,-105.0,Licensing & Permits,48
39.74,-104.9,General Information,48
39.69,-104.92,General Information,48
39.7,-104.96000000000001,Parking & Vehicles,48
39.695,-105.025,Public Health & Noise,48
39.705,-105.02,Animals,48
39.72,-105.05,Public Safety (non-emergency),48
39.69,-105.035,Streets & Traffic,48
39.785000000000004,-104.885,Public Safety (non-emergency),48
39.72,-104.94,General Information,48
39.785000000000004,-105.01,Parking & Vehicles,48
39.660000000000004,-104.905,Streets & Traffic,48
39.635,-105.08500000000001,Public Safety (non-emergency),48
39.725,-104.94,Public Safety (non-emergency),48
39.78,-104.83,Streets & Traffic,48
39.76,-104.94,General Information,48
39.81,-104.77,Public Safety (non-emergency),48
39.730000000000004,-105.005,Parking & Vehicles,48
39.775,-105.0,General Information,48
39.78,-104.96000000000001,General Information,48
39.7,-104.88,Public Safety (non-emergency),48
39.665,-104.94,Public Safety (non-emergency),48
39.685,-104.98,Public Health & Noise,48
39.660000000000004,-104.94,Solid Waste,48
39.705,-105.04,Public Safety (non-emergency),48
39.78,-105.05,General Information,48
39.815,-104.77,Streets & Traffic,48
39.795,-104.845,General Information,48
39.795,-104.97,Streets & Traffic,48
39.71,-104.93,Licensing & Permits,48
39.75,-105.02,Public Safety (non-emergency),48
39.78,-104.815,General Information,48
39.705,-104.89,Public Health & Noise,48
39.665,-105.08,Public Safety (non-emergency),48
39.685,-104.99000000000001,Streets & Traffic,48
39.725,-105.005,Streets & Traffic,47
39.68,-104.93,Public Safety (non-emergency),47
39.705,-105.01,General Information,47
39.78,-105.035,Licensing & Permits,47
39.715,-105.05,Streets & Traffic,47
39.730000000000004,-105.05,Streets & Traffic,47
39.68,-104.99000000000001,Public Health & Noise,47
39.78,-104.95,Solid Waste,47
39.74,-104.91,Parking & Vehicles,47
39.78,-105.005,Neighborhood Inspection,47
39.615,-105.09,Licensing & Permits,47
39.775,-104.83500000000001,General Information,47
39.69,-105.02,Streets & Traffic,47
39.665,-104.935,Public Safety (non-emergency),47
39.775,-104.76,Parking & Vehicles,47
39.68,-104.94500000000001,Solid Waste,47
39.785000000000004,-105.04,Parking & Vehicles,47
39.655,-104.89,Public Safety (non-emergency),47
39.655,-105.06,Neighborhood Inspection,47
39.785000000000004,-104.84,Parking & Vehicles,47
39.775,-105.015,Public Health & Noise,47
39.65,-104.885,Public Safety (non-emergency),47
39.77,-104.86500000000001,Streets & Traffic,47
39.785000000000004,-104.845,Public Health & Noise,47
39.68,-104.925,Solid Waste,47
39.68,-104.915,Public Safety (non-emergency),47
39.730000000000004,-104.93,Public Safety (non-emergency),47
39.76,-104.955,Licensing & Permits,47
39.685,-104.89,Solid Waste,47
39.78,-105.05,Encampments,47
39.725,-104.97500000000001,Encampments,47
39.71,-104.915,Licensing & Permits,47
39.675000000000004,-104.97,General Information,47
39.695,-105.045,Streets & Traffic,47
39.745,-104.905,Public Safety (non-emergency),47
39.77,-104.93,Licensing & Permits,47
39.69,-104.97,Solid Waste,47
39.68,-104.955,General Information,47
39.79,-104.965,Streets & Traffic,47
39.695,-105.035,Solid Waste,47
39.65,-104.9,Solid Waste,47
39.775,-104.95,Licensing & Permits,47
39.71,-105.025,Parking & Vehicles,47
39.745,-105.025,Public Health & Noise,47
39.795,-104.815,Streets & Traffic,47
39.775,-104.8,General Information,47
39.77,-105.02,Public Safety (non-emergency),47
39.675000000000004,-104.94,Encampments,47
39.715,-104.91,Parking & Vehicles,47
39.78,-105.025,Parking & Vehicles,47
39.71,-104.95,Solid Waste,47
39.765,-105.045,Parking & Vehicles,47
39.665,-104.96000000000001,Solid Waste,47
39.795,-104.765,Parking & Vehicles,47
39.78,-104.78,Solid Waste,47
39.74,-105.04,Encampments,47
39.69,-104.925,Streets & Traffic,47
39.76,-104.86500000000001,Public Safety (non-emergency),47
39.7,-104.915,Public Safety (non-emergency),47
39.72,-104.99000000000001,Encampments,47
39.705,-105.045,Animals,47
39.77,-104.94500000000001,Neighborhood Inspection,47
39.785000000000004,-104.805,Parking & Vehicles,47
39.79,-104.825,Streets & Traffic,47
39.685,-104.94,Encampments,47
39.74,-105.035,Animals,47
39.77,-104.92,Parking & Vehicles,47
39.705,-104.965,General Information,47
39.765,-104.96000000000001,Public Safety (non-emergency),47
39.64,-104.905,Neighborhood Inspection,47
39.725,-104.885,Parks & Trees,47
39.765,-105.015,Public Safety (non-emergency),47
39.76,-104.885,Streets & Traffic,47
39.72,-104.97,Parks & Trees,46
39.77,-104.94500000000001,Encampments,46
39.86,-104.675,Licensing & Permits,46
39.745,-104.92,Parks & Trees,46
39.775,-104.845,Streets & Traffic,46
39.645,-104.925,Streets & Traffic,46
39.67,-104.97500000000001,Public Safety (non-emergency),46
39.68,-105.055,Public Health & Noise,46
39.68,-105.005,Neighborhood Inspection,46
39.685,-104.97,Parking & Vehicles,46
39.72,-105.055,Streets & Traffic,46
39.79,-104.83,Streets & Traffic,46
39.72,-105.035,General Information,46
39.79,-105.055,Solid Waste,46
39.735,-104.97500000000001,Animals,46
39.72,-104.96000000000001,Public Health & Noise,46
39.665,-104.94,Solid Waste,46
39.655,-104.905,Parks & Trees,46
39.765,-105.01,Public Safety (non-emergency),46
39.79,-104.825,Neighborhood Inspection,46
39.78,-105.015,General Information,46
39.755,-105.035,Public Health & Noise,46
39.705,-105.005,Parking & Vehicles,46
39.71,-104.98,Public Health & Noise,46
39.71,-104.92,General Information,46
39.695,-105.015,Parking & Vehicles,46
39.68,-104.94500000000001,Public Safety (non-emergency),46
39.665,-104.895,Neighborhood Inspection,46
39.76,-104.965,Public Safety (non-emergency),46
39.71,-104.97500000000001,Parks & Trees,46
39.775,-104.985,Streets & Traffic,46
39.78,-104.98,Licensing & Permits,46
39.675000000000004,-104.935,General Information,46
39.725,-105.035,Animals,46
39.71,-104.99000000000001,Public Health & Noise,46
39.77,-104.745,Parking & Vehicles,46
39.755,-104.9,Public Health & Noise,46
39.785000000000004,-105.015,General Information,46
39.72,-104.905,Solid Waste,46
39.79,-104.78,Neighborhood Inspection,46
39.69,-104.94,Parking & Vehicles,46
39.75,-104.9,Parking & Vehicles,46
39.725,-104.94500000000001,Parking & Vehicles,46
39.65,-104.925,Streets & Traffic,46
39.77,-104.97,Public Health & Noise,46
39.68,-104.91,Solid Waste,46
39.705,-104.92,Public Safety (non-emergency),46
39.730000000000004,-105.05,Public Health & Noise,46
39.71,-104.98,Public Safety (non-emergency),46
39.755,-104.925,General Information,46
39.7,-104.91,General Information,46
39.785000000000004,-105.035,General Information,46
39.71,-105.02,Parking & Vehicles,46
39.745,-104.89,General Information,46
39.785000000000004,-104.83500000000001,Streets & Traffic,46
39.725,-105.045,General Information,46
39.76,-105.01,Encampments,46
39.705,-104.87,Streets & Traffic,46
39.67,-104.87,Public Health & Noise,46
39.755,-104.94500000000001,Licensing & Permits,46
39.65,-104.885,Licensing & Permits,46
39.775,-105.04,General Information,46
39.78,-104.965,General Information,46
39.775,-105.025,General Information,46
39.745,-104.91,Parks & Trees,46
39.730000000000004,-104.935,Parking & Vehicles,46
39.645,-104.9,Neighborhood Inspection,46
39.79,-104.82000000000001,Neighborhood Inspection,46
39.725,-104.925,General Information,46
39.730000000000004,-105.03,Animals,46
39.660000000000004,-105.07000000000001,Parks & Trees,46
39.78,-105.04,Parking & Vehicles,46
39.74,-104.925,Public Health & Noise,46
39.68,-105.025,General Information,46
39.775,-104.955,Streets & Traffic,46
39.785000000000004,-105.04,General Information,46
39.685,-104.91,Neighborhood Inspection,46
39.715,-105.005,Encampments,46
39.75,-105.025,Public Safety (non-emergency),46
39.685,-104.895,Neighborhood Inspection,46
39.78,-105.045,Licensing & Permits,46
39.775,-104.815,Streets & Traffic,46
39.77,-104.985,Streets & Traffic,46
39.78,-105.045,Parks & Trees,46
39.78,-105.05,Public Safety (non-emergency),46
39.665,-105.03,Solid Waste,45
39.765,-104.965,Public Health & Noise,45
39.695,-104.9,Public Safety (non-emergency),45
39.685,-104.93,Streets & Traffic,45
39.68,-105.015,Solid Waste,45
39.705,-104.93,General Information,45
39.71,-104.97500000000001,Licensing & Permits,45
39.71,-104.965,General Information,45
39.755,-105.035,Parking & Vehicles,45
39.785000000000004,-104.82000000000001,General Information,45
39.68,-105.02,Solid Waste,45
39.730000000000004,-105.035,Parking & Vehicles,45
39.655,-104.92,Streets & Traffic,45
39.72,-104.995,Animals,45
39.65,-105.055,Public Safety (non-emergency),45
39.695,-104.92,Solid Waste,45
39.785000000000004,-104.765,Solid Waste,45
39.685,-104.96000000000001,Public Safety (non-emergency),45
39.645,-104.89,Neighborhood Inspection,45
39.735,-105.005,Public Health & Noise,45
39.72,-104.9,Licensing & Permits,45
39.67,-104.99000000000001,Public Safety (non-emergency),45
39.78,-105.025,General Information,45
39.705,-104.96000000000001,General Information,45
39.65,-104.885,Parking & Vehicles,45
39.785000000000004,-105.015,Parking & Vehicles,45
39.735,-105.005,Parking & Vehicles,45
39.765,-105.05,Animals,45
39.655,-105.055,General Information,45
39.63,-105.09,Public Safety (non-emergency),45
39.655,-104.895,Parking & Vehicles,45
39.735,-104.955,Public Health & Noise,45
39.78,-104.985,Public Safety (non-emergency),45
39.715,-105.01,Neighborhood Inspection,45
39.79,-104.815,Animals,45
39.730000000000004,-104.905,General Information,45
39.68,-104.93,Solid Waste,45
39.675000000000004,-105.03,Parking & Vehicles,45
39.69,-104.9,Solid Waste,45
39.745,-104.985,Solid Waste,45
39.71,-104.995,Licensing & Permits,45
39.730000000000004,-104.965,Solid Waste,45
39.785000000000004,-104.965,Neighborhood Inspection,45
39.660000000000004,-104.935,Solid Waste,45
39.785000000000004,-104.84,Streets & Traffic,45
39.72,-104.92,Neighborhood Inspection,45
39.62,-105.06,Streets & Traffic,45
39.72,-104.875,Streets & Traffic,45
39.705,-105.01,Parking & Vehicles,45
39.655,-104.885,Solid Waste,45
39.78,-104.825,Streets & Traffic,45
39.77,-104.745,Solid Waste,45
39.76,-104.97500000000001,Public Health & Noise,45
39.705,-105.04,Animals,45
39.795,-104.83500000000001,General Information,45
39.64,-104.885,Neighborhood Inspection,45
39.72,-105.045,General Information,45
39.735,-104.95,Licensing & Permits,45
39.71,-105.035,Public Health & Noise,45
39.705,-105.04,Public Health & Noise,45
39.79,-104.985,Parking & Vehicles,45
39.715,-105.03,General Information,45
39.725,-104.96000000000001,Public Safety (non-emergency),45
39.655,-105.05,Neighborhood Inspection,45
39.78,-104.85000000000001,Neighborhood Inspection,45
39.655,-104.885,Public Safety (non-emergency),45
39.735,-104.89,Parks & Trees,45
39.655,-105.065,Public Safety (non-emergency),45
39.765,-104.98,General Information,45
39.68,-104.98,Public Safety (non-emergency),45
39.735,-105.05,Parks & Trees,45
39.74,-104.995,General Information,44
39.74,-104.995,Encampments,44
39.78,-104.985,Animals,44
39.785000000000004,-104.95,General Information,44
39.76,-104.955,General Information,44
39.695,-104.96000000000001,General Information,44
39.67,-104.97,Parking & Vehicles,44
39.74,-104.995,Public Health & Noise,44
39.72,-104.94500000000001,Licensing & Permits,44
39.74,-104.93,Public Safety (non-emergency),44
39.68,-104.95,Solid Waste,44
39.745,-105.03,Animals,44
39.76,-105.035,Public Safety (non-emergency),44
39.78,-104.925,Encampments,44
39.675000000000004,-104.905,Neighborhood Inspection,44
39.68,-104.94500000000001,General Information,44
39.68,-104.925,Parking & Vehicles,44
39.77,-104.925,Encampments,44
39.76,-104.87,General Information,44
39.730000000000004,-105.03,Public Safety (non-emergency),44
39.660000000000004,-105.055,Parking & Vehicles,44
39.72,-105.02,Parking & Vehicles,44
39.75,-104.885,Public Safety (non-emergency),44
39.685,-104.91,General Information,44
39.800000000000004,-104.755,Streets & Traffic,44
39.7,-104.94,Neighborhood Inspection,44
39.67,-104.915,Parks & Trees,44
39.67,-104.86500000000001,Streets & Traffic,44
39.785000000000004,-104.95,Public Health & Noise,44
39.785000000000004,-104.95,Parking & Vehicles,44
39.725,-105.05,Parking & Vehicles,44
39.64,-104.905,General Information,44
39.655,-104.895,Neighborhood Inspection,44
39.755,-105.045,General Information,44
39.655,-105.065,Animals,44
39.76,-105.025,Parks & Trees,44
39.735,-105.05,Public Health & Noise,44
39.665,-104.915,Public Health & Noise,44
39.775,-104.93,Licensing & Permits,44
39.785000000000004,-104.98,Solid Waste,44
39.68,-104.97500000000001,General Information,44
39.68,-104.915,Licensing & Permits,44
39.675000000000004,-104.915,Licensing & Permits,44
39.675000000000004,-104.905,General Information,44
39.775,-104.915,Public Safety (non-emergency),44
39.705,-105.015,Parking & Vehicles,44
39.775,-104.74000000000001,General Information,44
39.78,-105.02,Licensing & Permits,44
39.64,-104.9,Parking & Vehicles,44
39.71,-104.87,Encampments,44
39.715,-104.905,General Information,44
39.85,-104.675,Neighborhood Inspection,44
39.665,-104.885,Solid Waste,44
39.64,-104.895,Licensing & Permits,44
39.74,-104.92,Public Safety (non-emergency),44
39.775,-105.05,Parking & Vehicles,44
39.78,-104.82000000000001,Streets & Traffic,44
39.765,-105.045,Licensing & Permits,44
39.730000000000004,-105.05,Encampments,44
39.75,-105.03,Licensing & Permits,44
39.730000000000004,-105.025,Public Safety (non-emergency),44
39.775,-104.98,Neighborhood Inspection,44
39.77,-104.74000000000001,Neighborhood Inspection,44
39.78,-104.77,Parking & Vehicles,44
39.685,-104.895,Public Safety (non-emergency),44
39.655,-105.065,Parking & Vehicles,44
39.775,-104.76,Streets & Traffic,44
39.68,-104.98,Parking & Vehicles,44
39.72,-104.97500000000001,Public Safety (non-emergency),44
39.765,-105.03,General Information,44
39.72,-104.955,Solid Waste,44
39.775,-105.015,Animals,44
39.785000000000004,-105.02,Parking & Vehicles,44
39.765,-104.93,Parking & Vehicles,44
39.63,-104.91,Parking & Vehicles,44
39.72,-104.96000000000001,General Information,44
39.715,-104.94,Public Safety (non-emergency),44
39.785000000000004,-104.96000000000001,Public Safety (non-emergency),44
39.705,-104.92,Solid Waste,44
39.77,-104.925,General Information,44
39.71,-105.015,Public Safety (non-emergency),44
39.865,-104.675,Licensing & Permits,44
39.75,-104.92,Licensing & Permits,44
39.7,-105.04,Parking & Vehicles,44
39.660000000000004,-104.875,Streets & Traffic,44
39.7,-104.92,Solid Waste,44
39.64,-104.905,Public Safety (non-emergency),43
39.725,-104.95,General Information,43
39.665,-104.955,Streets & Traffic,43
39.72,-104.91,General Information,43
39.775,-104.74000000000001,Parking & Vehicles,43
39.815,-104.77,Public Safety (non-emergency),43
39.675000000000004,-104.905,Solid Waste,43
39.730000000000004,-105.005,Licensing & Permits,43
39.78,-104.86500000000001,Neighborhood Inspection,43
39.765,-104.985,General Information,43
39.775,-104.77,Neighborhood Inspection,43
39.745,-104.925,Neighborhood Inspection,43
39.79,-104.8,Streets & Traffic,43
39.7,-104.995,Encampments,43
39.775,-104.81,General Information,43
39.655,-104.92,Solid Waste,43
39.665,-105.06,Parking & Vehicles,43
39.675000000000004,-104.965,General Information,43
39.735,-105.045,Licensing & Permits,43
39.765,-104.925,Parking & Vehicles,43
39.82,-104.775,Public Safety (non-emergency),43
39.75,-105.005,Licensing & Permits,43
39.76,-105.01,Parks & Trees,43
39.78,-104.84,Neighborhood Inspection,43
39.77,-105.0,Animals,43
39.7,-104.97500000000001,Licensing & Permits,43
39.660000000000004,-105.05,Parking & Vehicles,43
39.72,-105.05,Licensing & Permits,43
39.74,-104.955,Animals,43
39.72,-105.045,Parking & Vehicles,43
39.695,-105.025,Parking & Vehicles,43
39.655,-104.89,Parking & Vehicles,43
39.63,-105.095,Streets & Traffic,43
39.77,-104.98,General Information,43
39.78,-104.84,Streets & Traffic,43
39.730000000000004,-105.03,Parking & Vehicles,43
39.705,-105.045,Encampments,43
39.675000000000004,-104.93,Public Health & Noise,43
39.730000000000004,-105.005,Public Health & Noise,43
39.795,-104.815,General Information,43
39.74,-104.985,"Clerk, DMV & Elections",43
39.715,-105.025,Animals,43
39.785000000000004,-104.775,Neighborhood Inspection,43
39.665,-104.885,Streets & Traffic,43
39.635,-105.045,Neighborhood Inspection,43
39.765,-104.99000000000001,Streets & Traffic,43
39.730000000000004,-104.92,Licensing & Permits,43
39.730000000000004,-104.935,Licensing & Permits,43
39.72,-105.025,Public Health & Noise,43
39.745,-104.95,Neighborhood Inspection,43
39.765,-104.92,Parks & Trees,43
39.695,-105.005,Animals,43
39.77,-105.01,Public Safety (non-emergency),43
39.730000000000004,-104.9,Neighborhood Inspection,43
39.735,-104.94500000000001,Public Safety (non-emergency),43
39.78,-104.845,Licensing & Permits,43
39.78,-104.83,General Information,43
39.64,-105.05,Parking & Vehicles,43
39.72,-105.0,Public Safety (non-emergency),43
39.71,-105.03,Public Health & Noise,43
39.785000000000004,-104.86,Neighborhood Inspection,43
39.695,-104.995,Neighborhood Inspection,43
39.655,-105.065,Public Health & Noise,43
39.775,-104.81,Solid Waste,43
39.725,-105.045,Animals,43
39.685,-105.035,Animals,43
39.625,-105.095,Public Safety (non-emergency),43
39.78,-104.885,Public Safety (non-emergency),43
39.695,-105.035,Parks & Trees,43
39.795,-104.815,Animals,43
39.71,-105.0,Encampments,43
39.660000000000004,-105.03,Public Safety (non-emergency),43
39.79,-104.795,Streets & Traffic,43
39.75,-105.0,Encampments,42
39.75,-104.92,Neighborhood Inspection,42
39.78,-104.885,Neighborhood Inspection,42
39.7,-104.875,General Information,42
39.665,-105.02,General Information,42
39.69,-104.9,Neighborhood Inspection,42
39.635,-105.05,Neighborhood Inspection,42
39.625,-105.10000000000001,Neighborhood Inspection,42
39.665,-105.025,Parking & Vehicles,42
39.71,-105.045,Public Safety (non-emergency),42
39.83,-104.77,Streets & Traffic,42
39.74,-104.96000000000001,Animals,42
39.74,-105.01,Encampments,42
39.705,-104.88,General Information,42
39.77,-104.85000000000001,Neighborhood Inspection,42
39.78,-104.965,Public Safety (non-emergency),42
39.775,-104.995,Neighborhood Inspection,42
39.730000000000004,-104.965,General Information,42
39.730000000000004,-105.045,Animals,42
39.785000000000004,-105.025,Encampments,42
39.74,-104.91,General Information,42
39.805,-104.88,Streets & Traffic,42
39.69,-105.05,General Information,42
39.72,-104.965,Parks & Trees,42
39.655,-105.055,Licensing & Permits,42
39.660000000000004,-104.88,Solid Waste,42
39.75,-104.895,Parking & Vehicles,42
39.785000000000004,-104.785,Public Safety (non-emergency),42
39.665,-104.915,Public Safety (non-emergency),42
39.705,-104.885,General Information,42
39.78,-104.82000000000001,Neighborhood Inspection,42
39.78,-105.0,Neighborhood Inspection,42
39.68,-104.97500000000001,Licensing & Permits,42
39.76,-104.995,Public Health & Noise,42
39.625,-104.91,Public Safety (non-emergency),42
39.765,-104.89,General Information,42
39.71,-105.01,General Information,42
39.79,-104.95,Neighborhood Inspection,42
39.635,-105.08,Streets & Traffic,42
39.775,-104.98,Public Safety (non-emergency),42
39.71,-105.045,Animals,42
39.7,-105.05,Parking & Vehicles,42
39.72,-105.0,General Information,42
39.795,-104.82000000000001,General Information,42
39.63,-104.91,Streets & Traffic,42
39.675000000000004,-104.97500000000001,Parking & Vehicles,42
39.660000000000004,-104.94,General Information,42
39.765,-104.96000000000001,Animals,42
39.77,-105.04,General Information,42
39.76,-104.92,Parking & Vehicles,42
39.755,-104.97,Parking & Vehicles,42
39.665,-104.915,General Information,42
39.665,-104.9,Parking & Vehicles,42
39.725,-104.89,Streets & Traffic,42
39.68,-104.915,General Information,42
39.78,-104.86500000000001,Licensing & Permits,42
39.725,-104.93,General Information,42
39.78,-105.015,Licensing & Permits,42
39.65,-105.065,Streets & Traffic,42
39.685,-105.025,Animals,42
39.745,-105.055,General Information,42
39.775,-104.98,Solid Waste,42
39.71,-104.925,Licensing & Permits,42
39.795,-104.77,Streets & Traffic,42
39.735,-105.035,Public Health & Noise,42
39.725,-105.035,Licensing & Permits,42
39.79,-105.015,Streets & Traffic,42
39.75,-104.97,Animals,42
39.785000000000004,-104.83,Solid Waste,42
39.775,-104.8,Neighborhood Inspection,42
39.755,-104.89,Parking & Vehicles,42
39.795,-104.83,General Information,42
39.76,-104.925,General Information,42
39.765,-104.97,Animals,42
39.67,-104.99000000000001,Encampments,42
39.765,-104.94,Licensing & Permits,42
39.735,-105.01,Encampments,42
39.655,-104.89,Neighborhood Inspection,42
39.775,-104.97,Licensing & Permits,42
39.755,-104.93,Licensing & Permits,42
39.615,-105.07000000000001,Solid Waste,42
39.775,-104.76,General Information,42
39.69,-105.055,Streets & Traffic,42
39.785000000000004,-104.815,Streets & Traffic,42
39.660000000000004,-105.03,General Information,42
39.775,-104.765,Animals,42
39.63,-105.03,Streets & Traffic,42
39.74,-105.025,Neighborhood Inspection,42
39.705,-104.92,Licensing & Permits,42
39.645,-105.06,Solid Waste,42
39.715,-105.04,Public Health & Noise,42
39.71,-104.89,Public Health & Noise,42
39.705,-104.915,General Information,42
39.775,-105.005,Public Health & Noise,41
39.730000000000004,-104.935,Public Health & Noise,41
39.635,-105.09,Public Safety (non-emergency),41
39.7,-104.965,Parking & Vehicles,41
39.77,-104.995,Neighborhood Inspection,41
39.64,-104.9,Animals,41
39.75,-104.995,Animals,41
39.64,-104.885,Solid Waste,41
39.71,-104.93,Public Safety (non-emergency),41
39.755,-104.925,Parking & Vehicles,41
39.76,-104.875,Solid Waste,41
39.675000000000004,-105.06,Parking & Vehicles,41
39.71,-105.035,Public Safety (non-emergency),41
39.69,-105.025,General Information,41
39.65,-105.06,Neighborhood Inspection,41
39.79,-105.055,Neighborhood Inspection,41
39.71,-105.035,Parking & Vehicles,41
39.68,-105.055,Public Safety (non-emergency),41
39.695,-105.04,Animals,41
39.665,-104.895,Streets & Traffic,41
39.665,-104.935,General Information,41
39.655,-104.93,General Information,41
39.68,-105.03,Animals,41
39.74,-104.885,Licensing & Permits,41
39.75,-104.965,Public Safety (non-emergency),41
39.655,-104.915,General Information,41
39.705,-104.99000000000001,Neighborhood Inspection,41
39.71,-105.025,Animals,41
39.785000000000004,-105.02,General Information,41
39.64,-104.89,General Information,41
39.695,-104.99000000000001,Parking & Vehicles,41
39.655,-104.91,Public Safety (non-emergency),41
39.775,-105.03,General Information,41
39.775,-104.94500000000001,Neighborhood Inspection,41
39.76,-104.94,Licensing & Permits,41
39.7,-104.93,Public Health & Noise,41
39.755,-104.86500000000001,Streets & Traffic,41
39.77,-104.95,General Information,41
39.705,-104.925,Public Safety (non-emergency),41
39.735,-104.915,Public Safety (non-emergency),41
39.76,-104.86500000000001,Solid Waste,41
39.78,-104.845,General Information,41
39.77,-105.04,Public Safety (non-emergency),41
39.79,-104.74000000000001,Solid Waste,41
39.685,-105.01,Parking & Vehicles,41
39.79,-104.845,General Information,41
39.665,-104.89,Solid Waste,41
39.68,-105.015,Public Safety (non-emergency),41
39.74,-104.97,Animals,41
39.64,-104.9,Neighborhood Inspection,41
39.75,-105.025,Public Health & Noise,41
39.735,-105.015,Streets & Traffic,41
39.675000000000004,-105.02,Solid Waste,41
39.660000000000004,-105.06,Solid Waste,41
39.78,-104.805,Parking & Vehicles,41
39.775,-104.955,Licensing & Permits,41
39.72,-105.05,General Information,41
39.715,-105.05,General Information,41
39.645,-104.895,Solid Waste,41
39.715,-104.99000000000001,Parks & Trees,41
39.715,-104.94500000000001,Licensing & Permits,41
39.695,-105.02,General Information,41
39.730000000000004,-104.98,Animals,41
39.695,-104.995,Licensing & Permits,41
39.735,-104.935,Public Safety (non-emergency),41
39.64,-104.895,Neighborhood Inspection,41
39.745,-105.04,Licensing & Permits,41
39.74,-104.97,Parks & Trees,41
39.755,-104.855,Parking & Vehicles,41
39.765,-105.04,Parking & Vehicles,41
39.7,-104.895,Solid Waste,41
39.76,-105.02,Encampments,41
39.715,-104.94500000000001,Public Health & Noise,41
39.675000000000004,-104.95,Neighborhood Inspection,41
39.79,-104.88,Solid Waste,41
39.725,-104.97,Licensing & Permits,41
39.785000000000004,-104.8,Public Safety (non-emergency),41
39.735,-105.03,Public Health & Noise,41
39.715,-105.02,Licensing & Permits,41
39.72,-105.03,Licensing & Permits,41
39.79,-104.97500000000001,Neighborhood Inspection,41
39.655,-104.92,Encampments,41
39.695,-104.99000000000001,Public Health & Noise,41
39.7,-104.98,Licensing & Permits,41
39.79,-105.01,Streets & Traffic,41
39.68,-104.96000000000001,Parking & Vehicles,41
39.675000000000004,-104.935,Public Safety (non-emergency),41
39.695,-104.94,Solid Waste,41
39.735,-104.925,General Information,41
39.69,-104.925,Licensing & Permits,41
39.685,-104.915,General Information,41
39.655,-104.885,Parks & Trees,41
39.730000000000004,-104.955,Parking & Vehicles,40
39.675000000000004,-104.92,Parking & Vehicles,40
39.74,-104.965,Animals,40
39.765,-104.885,Streets & Traffic,40
39.79,-104.825,General Information,40
39.655,-104.905,Encampments,40
39.735,-104.89,Animals,40
39.765,-104.995,General Information,40
39.78,-105.01,Parking & Vehicles,40
39.685,-105.03,General Information,40
39.76,-104.965,Public Health & Noise,40
39.72,-104.895,Solid Waste,40
39.735,-104.885,Public Safety (non-emergency),40
39.785000000000004,-104.89,Public Safety (non-emergency),40
39.785000000000004,-104.895,Neighborhood Inspection,40
39.765,-104.965,Public Safety (non-emergency),40
39.77,-105.03,Public Health & Noise,40
39.7,-104.87,Solid Waste,40
39.775,-104.845,Neighborhood Inspection,40
39.7,-104.9,Public Safety (non-emergency),40
39.68,-104.92,Encampments,40
39.76,-104.99000000000001,Public Health & Noise,40
39.660000000000004,-104.855,General Information,40
39.765,-105.05,Parking & Vehicles,40
39.7,-105.0,Parking & Vehicles,40
39.625,-105.095,Streets & Traffic,40
39.695,-104.99000000000001,General Information,40
39.68,-104.965,Public Safety (non-emergency),40
39.7,-105.045,Public Health & Noise,40
39.72,-104.93,Parks & Trees,40
39.725,-105.05,Streets & Traffic,40
39.725,-104.94,Parks & Trees,40
39.76,-104.97,Public Health & Noise,40
39.795,-104.81,Parking & Vehicles,40
39.62,-105.06,Solid Waste,40
39.68,-104.905,Public Safety (non-emergency),40
39.795,-104.83,Streets & Traffic,40
39.72,-104.98,Animals,40
39.63,-105.03,Neighborhood Inspection,40
39.725,-105.045,Licensing & Permits,40
39.72,-105.05,Public Health & Noise,40
39.705,-104.95,Solid Waste,40
39.795,-104.805,Parks & Trees,40
39.7,-105.015,Streets & Traffic,40
39.775,-105.04,Parking & Vehicles,40
39.75,-104.995,Encampments,40
39.735,-104.965,Encampments,40
39.730000000000004,-105.05,Animals,40
39.7,-104.925,Streets & Traffic,40
39.78,-104.895,Licensing & Permits,40
39.785000000000004,-104.845,Parking & Vehicles,40
39.755,-105.01,Solid Waste,40
39.800000000000004,-104.905,Streets & Traffic,40
39.715,-105.015,Solid Waste,40
39.625,-105.095,Parking & Vehicles,40
39.695,-104.94500000000001,General Information,40
39.730000000000004,-105.05,Licensing & Permits,40
39.685,-104.94,General Information,40
39.785000000000004,-104.775,Streets & Traffic,40
39.685,-105.01,Streets & Traffic,40
39.79,-104.85000000000001,Licensing & Permits,40
39.63,-104.885,Streets & Traffic,40
39.68,-104.9,Streets & Traffic,40
39.69,-105.02,Animals,40
39.675000000000004,-104.995,Public Safety (non-emergency),40
39.69,-104.98,Public Safety (non-emergency),40
39.71,-104.87,Parking & Vehicles,40
39.79,-104.745,Solid Waste,40
39.795,-104.845,Streets & Traffic,40
39.695,-105.02,Parking & Vehicles,40
39.68,-105.025,Solid Waste,40
39.63,-105.035,Public Safety (non-emergency),40
39.695,-105.05,Animals,40
39.765,-104.92,Licensing & Permits,40
39.775,-105.025,Parking & Vehicles,40
39.67,-105.025,General Information,40
39.63,-104.895,Licensing & Permits,40
39.730000000000004,-105.015,Encampments,40
39.78,-104.85000000000001,Licensing & Permits,40
39.665,-105.05,Neighborhood Inspection,40
39.71,-104.87,Public Safety (non-emergency),40
39.67,-105.035,General Information,40
39.655,-104.895,Public Health & Noise,40
39.705,-104.885,Solid Waste,40
39.655,-104.91,Solid Waste,40
39.74,-104.91,Licensing & Permits,40
39.71,-105.02,Public Health & Noise,40
39.730000000000004,-104.97500000000001,Animals,40
39.785000000000004,-105.02,Streets & Traffic,40
39.71,-104.97,Public Health & Noise,40
39.7,-105.04,Public Health & Noise,40
39.785000000000004,-104.985,General Information,39
39.775,-104.99000000000001,Neighborhood Inspection,39
39.72,-104.995,Public Health & Noise,39
39.72,-105.015,Encampments,39
39.71,-105.015,Public Health & Noise,39
39.735,-105.055,Public Safety (non-emergency),39
39.69,-104.9,Streets & Traffic,39
39.785000000000004,-104.93,Encampments,39
39.7,-105.03,Public Safety (non-emergency),39
39.795,-104.765,Licensing & Permits,39
39.745,-105.04,General Information,39
39.725,-104.925,Neighborhood Inspection,39
39.76,-104.9,Licensing & Permits,39
39.65,-104.905,Solid Waste,39
39.71,-105.05,Public Safety (non-emergency),39
39.635,-105.035,Public Safety (non-emergency),39
39.735,-105.0,Animals,39
39.735,-104.95,Public Safety (non-emergency),39
39.745,-104.99000000000001,Solid Waste,39
39.775,-105.035,Public Safety (non-emergency),39
39.72,-105.025,Animals,39
39.735,-105.04,Animals,39
39.725,-104.95,Licensing & Permits,39
39.735,-104.91,Neighborhood Inspection,39
39.775,-104.95,Public Safety (non-emergency),39
39.78,-104.745,Neighborhood Inspection,39
39.685,-104.9,Neighborhood Inspection,39
39.67,-105.08,Streets & Traffic,39
39.735,-104.93,Parking & Vehicles,39
39.735,-105.02,Licensing & Permits,39
39.75,-104.935,Licensing & Permits,39
39.77,-104.845,Licensing & Permits,39
39.705,-104.94,Parks & Trees,39
39.78,-104.955,Public Safety (non-emergency),39
39.685,-104.99000000000001,Parking & Vehicles,39
39.725,-105.04,Public Health & Noise,39
39.785000000000004,-104.98,Licensing & Permits,39
39.715,-105.015,Encampments,39
39.79,-104.825,Parking & Vehicles,39
39.76,-105.045,General Information,39
39.785000000000004,-104.885,Solid Waste,39
39.75,-104.985,Animals,39
39.765,-104.94500000000001,Licensing & Permits,39
39.74,-104.915,Parking & Vehicles,39
39.78,-104.84,Public Health & Noise,39
39.76,-105.04,Public Safety (non-emergency),39
39.635,-105.035,Streets & Traffic,39
39.68,-104.94,Public Health & Noise,39
39.745,-105.04,Public Safety (non-emergency),39
39.765,-104.925,Public Safety (non-emergency),39
39.785000000000004,-104.81,Public Safety (non-emergency),39
39.705,-105.03,Public Safety (non-emergency),39
39.78,-104.815,Animals,39
39.64,-104.905,Parks & Trees,39
39.67,-104.96000000000001,Public Health & Noise,39
39.76,-104.86500000000001,Neighborhood Inspection,39
39.63,-105.04,Streets & Traffic,39
39.785000000000004,-104.88,Neighborhood Inspection,39
39.64,-104.89,Solid Waste,39
39.765,-104.935,General Information,39
39.695,-104.97,Solid Waste,39
39.745,-104.89,Public Safety (non-emergency),39
39.67,-104.96000000000001,Parks & Trees,39
39.75,-104.91,Licensing & Permits,39
39.71,-104.905,Public Safety (non-emergency),39
39.715,-104.905,Licensing & Permits,39
39.675000000000004,-104.925,General Information,39
39.655,-105.065,Streets & Traffic,39
39.755,-104.94,Licensing & Permits,39
39.655,-104.88,Solid Waste,39
39.725,-104.98,Parks & Trees,39
39.655,-104.86500000000001,Streets & Traffic,39
39.76,-104.97,Public Safety (non-emergency),39
39.685,-104.98,Parking & Vehicles,39
39.665,-104.925,Licensing & Permits,39
39.78,-104.96000000000001,Parking & Vehicles,39
39.75,-104.905,General Information,39
39.785000000000004,-104.94,Encampments,39
39.68,-105.005,Public Safety (non-emergency),39
39.705,-104.86500000000001,Public Safety (non-emergency),39
39.785000000000004,-104.985,Parking & Vehicles,39
39.77,-105.025,Animals,39
39.69,-105.005,Parks & Trees,39
39.655,-104.875,Parks & Trees,39
39.755,-104.855,Streets & Traffic,39
39.71,-105.005,General Information,39
39.705,-104.99000000000001,Licensing & Permits,39
39.75,-104.895,General Information,39
39.715,-105.05,Parking & Vehicles,39
39.635,-105.105,Streets & Traffic,39
39.665,-104.925,Solid Waste,39
39.79,-105.025,Parking & Vehicles,39
39.76,-104.88,Streets & Traffic,39
39.715,-105.04,Public Safety (non-emergency),39
39.765,-104.89,Neighborhood Inspection,39
39.65,-105.055,General Information,39
39.77,-104.91,Public Safety (non-emergency),39
39.72,-104.96000000000001,Solid Waste,39
39.665,-104.955,Neighborhood Inspection,39
39.75,-105.01,Neighborhood Inspection,39
39.785000000000004,-104.895,Licensing & Permits,39
39.800000000000004,-104.77,Licensing & Permits,39
39.705,-104.88,Parking & Vehicles,39
39.655,-105.04,Neighborhood Inspection,39
39.745,-104.935,General Information,39
39.635,-105.10000000000001,Neighborhood Inspection,39
39.77,-105.04,Public Health & Noise,39
39.725,-104.995,Encampments,39
39.705,-104.885,Parking & Vehicles,39
39.665,-104.915,Solid Waste,38
39.695,-104.97500000000001,Licensing & Permits,38
39.76,-104.96000000000001,Animals,38
39.660000000000004,-105.05,Streets & Traffic,38
39.745,-104.95,Solid Waste,38
39.665,-104.93,General Information,38
39.69,-104.985,Public Health & Noise,38
39.725,-104.94500000000001,Parks & Trees,38
39.730000000000004,-105.005,Solid Waste,38
39.785000000000004,-105.005,Parking & Vehicles,38
39.735,-105.035,Encampments,38
39.775,-105.03,Licensing & Permits,38
39.795,-104.775,General Information,38
39.775,-104.8,Public Safety (non-emergency),38
39.7,-105.005,General Information,38
39.795,-104.86,Encampments,38
39.765,-105.0,Public Safety (non-emergency),38
39.69,-105.03,Animals,38
39.7,-104.96000000000001,General Information,38
39.675000000000004,-104.915,Solid Waste,38
39.660000000000004,-104.9,Licensing & Permits,38
39.665,-104.97,Streets & Traffic,38
39.81,-104.88,Solid Waste,38
39.725,-104.98,Animals,38
39.65,-105.055,Solid Waste,38
39.730000000000004,-104.97,Public Health & Noise,38
39.75,-104.885,Neighborhood Inspection,38
39.635,-105.095,Streets & Traffic,38
39.63,-105.095,General Information,38
39.69,-104.96000000000001,General Information,38
39.685,-104.935,Public Safety (non-emergency),38
39.78,-104.905,Public Safety (non-emergency),38
39.78,-104.825,Neighborhood Inspection,38
39.725,-104.895,Parks & Trees,38
39.765,-105.01,Public Health & Noise,38
39.74,-104.98,Animals,38
39.685,-105.05,General Information,38
39.79,-104.755,Solid Waste,38
39.795,-104.795,Solid Waste,38
39.685,-105.015,Streets & Traffic,38
39.76,-104.96000000000001,Taxes & Property,38
39.735,-105.015,Neighborhood Inspection,38
39.725,-104.9,Parks & Trees,38
39.685,-104.935,Parking & Vehicles,38
39.775,-105.005,Animals,38
39.71,-105.035,Licensing & Permits,38
39.71,-104.94500000000001,Public Safety (non-emergency),38
39.74,-104.92,Public Health & Noise,38
39.705,-105.01,Animals,38
39.745,-104.89,Parking & Vehicles,38
39.785000000000004,-104.96000000000001,General Information,38
39.77,-104.905,Licensing & Permits,38
39.730000000000004,-104.95,Licensing & Permits,38
39.675000000000004,-104.97500000000001,General Information,38
39.775,-104.82000000000001,Parking & Vehicles,38
39.730000000000004,-105.02,Licensing & Permits,38
39.775,-104.955,General Information,38
39.72,-104.95,Solid Waste,38
39.715,-105.045,Animals,38
39.625,-104.905,Public Safety (non-emergency),38
39.695,-105.045,General Information,38
39.78,-104.895,Neighborhood Inspection,38
39.660000000000004,-104.96000000000001,Solid Waste,38
39.685,-104.94500000000001,General Information,38
39.67,-105.03,General Information,38
39.715,-104.98,Animals,38
39.785000000000004,-104.81,Solid Waste,38
39.735,-105.03,Licensing & Permits,38
39.77,-105.015,Licensing & Permits,38
39.67,-105.08,Solid Waste,38
39.79,-104.805,Streets & Traffic,38
39.660000000000004,-105.045,Parking & Vehicles,38
39.685,-105.035,Parks & Trees,38
39.76,-104.97,Parks & Trees,38
39.695,-105.05,Public Safety (non-emergency),38
39.695,-104.905,Public Safety (non-emergency),38
39.71,-105.05,Animals,38
39.7,-105.02,Animals,38
39.785000000000004,-104.985,Public Safety (non-emergency),38
39.775,-104.925,Licensing & Permits,38
39.74,-104.94,Public Health & Noise,38
39.785000000000004,-104.86500000000001,Streets & Traffic,38
39.72,-105.04,Parks & Trees,38
39.71,-105.04,Public Safety (non-emergency),38
39.685,-104.895,Parking & Vehicles,38
39.705,-104.91,Licensing & Permits,38
39.78,-104.92,Encampments,38
39.775,-104.765,General Information,38
39.695,-105.045,Animals,38
39.72,-105.045,Animals,38
39.74,-104.99000000000001,Taxes & Property,38
39.76,-104.95,General Information,38
39.715,-104.995,Public Health & Noise,38
39.765,-104.94,Public Health & Noise,38
39.68,-104.97500000000001,Public Safety (non-emergency),38
39.775,-104.82000000000001,Animals,38
39.625,-104.9,Licensing & Permits,38
39.69,-105.02,General Information,38
39.715,-104.955,Licensing & Permits,38
39.78,-104.745,Parking & Vehicles,38
39.745,-104.94500000000001,Parks & Trees,38
39.69,-104.97500000000001,General Information,38
39.660000000000004,-104.94500000000001,Neighborhood Inspection,38
39.655,-104.885,General Information,38
39.775,-104.755,General Information,38
39.775,-104.9,General Information,38
39.78,-104.98,Parks & Trees,38
39.71,-104.94,Licensing & Permits,38
39.72,-104.935,Parks & Trees,38
39.72,-105.035,Animals,38
39.755,-104.915,General Information,38
39.665,-104.96000000000001,Neighborhood Inspection,38
39.78,-104.81,Parking & Vehicles,37
39.730000000000004,-104.92,Public Safety (non-emergency),37
39.745,-104.93,Parking & Vehicles,37
39.71,-104.905,Parks & Trees,37
39.765,-105.045,General Information,37
39.775,-104.795,Public Safety (non-emergency),37
39.660000000000004,-105.065,Solid Waste,37
39.74,-104.925,Public Safety (non-emergency),37
39.785000000000004,-105.01,Public Safety (non-emergency),37
39.65,-105.06,Solid Waste,37
39.75,-104.925,General Information,37
39.775,-105.02,Public Health & Noise,37
39.77,-105.03,Public Safety (non-emergency),37
39.7,-105.025,Parking & Vehicles,37
39.78,-104.845,Public Safety (non-emergency),37
39.660000000000004,-105.06,Streets & Traffic,37
39.755,-105.035,Licensing & Permits,37
39.795,-104.76,Streets & Traffic,37
39.785000000000004,-105.035,Public Safety (non-emergency),37
39.78,-104.75,Parking & Vehicles,37
39.735,-104.89,Public Safety (non-emergency),37
39.67,-104.935,Parking & Vehicles,37
39.665,-104.905,Neighborhood Inspection,37
39.71,-105.02,Public Safety (non-emergency),37
39.79,-105.015,General Information,37
39.69,-105.025,Public Health & Noise,37
39.775,-104.75,Licensing & Permits,37
39.725,-104.895,Streets & Traffic,37
39.67,-104.99000000000001,Public Health & Noise,37
39.765,-104.965,Animals,37
39.74,-105.045,Public Health & Noise,37
39.69,-104.965,Solid Waste,37
39.730000000000004,-104.915,Parking & Vehicles,37
39.665,-104.875,Streets & Traffic,37
39.79,-104.84,General Information,37
39.77,-104.965,Public Health & Noise,37
39.755,-104.965,Public Health & Noise,37
39.665,-105.065,Streets & Traffic,37
39.78,-104.775,Streets & Traffic,37
39.63,-105.11,Neighborhood Inspection,37
39.72,-105.035,Public Health & Noise,37
39.695,-104.985,Public Health & Noise,37
39.730000000000004,-104.91,General Information,37
39.800000000000004,-104.885,Streets & Traffic,37
39.765,-105.05,Licensing & Permits,37
39.765,-105.0,Streets & Traffic,37
39.855000000000004,-104.675,Licensing & Permits,37
39.76,-104.97500000000001,Encampments,37
39.71,-104.94500000000001,Public Health & Noise,37
39.76,-104.91,General Information,37
39.76,-104.875,Neighborhood Inspection,37
39.69,-104.985,Encampments,37
39.78,-104.77,Licensing & Permits,37
39.685,-104.89,Streets & Traffic,37
39.78,-105.05,Licensing & Permits,37
39.77,-104.91,Licensing & Permits,37
39.755,-104.855,General Information,37
39.65,-104.89,General Information,37
39.785000000000004,-104.83500000000001,General Information,37
39.675000000000004,-104.925,Public Health & Noise,37
39.755,-105.025,Encampments,37
39.645,-104.89,Streets & Traffic,37
39.725,-104.905,General Information,37
39.67,-104.94500000000001,General Information,37
39.65,-105.065,Public Safety (non-emergency),37
39.675000000000004,-105.055,Neighborhood Inspection,37
39.7,-105.045,Licensing & Permits,37
39.68,-105.02,Parking & Vehicles,37
39.77,-104.965,Public Safety (non-emergency),37
39.730000000000004,-104.94500000000001,Licensing & Permits,37
39.65,-104.925,Solid Waste,37
39.77,-104.735,Solid Waste,37
39.725,-105.04,Public Safety (non-emergency),37
39.675000000000004,-104.93,Streets & Traffic,37
39.795,-104.775,Streets & Traffic,37
39.71,-104.94500000000001,Parks & Trees,37
39.730000000000004,-104.905,Public Safety (non-emergency),37
39.745,-104.9,Parks & Trees,37
39.79,-104.82000000000001,Streets & Traffic,37
39.695,-105.015,Public Health & Noise,37
39.75,-104.935,General Information,37
39.785000000000004,-105.025,General Information,37
39.785000000000004,-104.955,General Information,37
39.675000000000004,-104.93,Public Safety (non-emergency),37
39.660000000000004,-104.85000000000001,Neighborhood Inspection,37
39.69,-104.905,Neighborhood Inspection,37
39.695,-104.925,Parking & Vehicles,37
39.695,-105.045,Parking & Vehicles,37
39.78,-105.005,General Information,37
39.64,-105.035,Licensing & Permits,37
39.725,-104.965,Licensing & Permits,37
39.785000000000004,-105.055,Parking & Vehicles,37
39.78,-105.025,Licensing & Permits,37
39.665,-105.045,Streets & Traffic,37
39.635,-104.9,Public Safety (non-emergency),37
39.68,-104.9,Parking & Vehicles,37
39.660000000000004,-104.885,Parks & Trees,37
39.68,-105.005,Parking & Vehicles,37
39.675000000000004,-104.955,General Information,37
39.795,-104.825,Neighborhood Inspection,37
39.75,-104.9,Neighborhood Inspection,37
39.665,-105.025,Licensing & Permits,37
39.745,-105.04,Solid Waste,37
39.745,-105.045,Neighborhood Inspection,37
39.755,-104.88,Solid Waste,37
39.730000000000004,-105.015,Public Safety (non-emergency),37
39.71,-104.93,Neighborhood Inspection,37
39.705,-105.05,Parking & Vehicles,36
39.715,-104.97500000000001,Animals,36
39.800000000000004,-104.77,General Information,36
39.715,-105.015,Public Safety (non-emergency),36
39.635,-105.08,Public Safety (non-emergency),36
39.655,-104.905,Parking & Vehicles,36
39.725,-105.025,Neighborhood Inspection,36
39.69,-105.01,General Information,36
39.775,-104.76,Licensing & Permits,36
39.78,-104.84,Animals,36
39.76,-105.02,Public Safety (non-emergency),36
39.775,-105.045,Parks & Trees,36
39.7,-105.005,Public Health & Noise,36
39.695,-105.05,General Information,36
39.785000000000004,-104.985,Encampments,36
39.775,-104.76,Animals,36
39.625,-104.885,Streets & Traffic,36
39.74,-104.9,Public Health & Noise,36
39.74,-105.055,Public Safety (non-emergency),36
39.685,-105.015,Parking & Vehicles,36
39.675000000000004,-104.96000000000001,Public Safety (non-emergency),36
39.77,-104.76,Streets & Traffic,36
39.705,-104.915,Licensing & Permits,36
39.655,-104.92,Parking & Vehicles,36
39.735,-105.02,Parking & Vehicles,36
39.660000000000004,-104.94500000000001,Solid Waste,36
39.68,-105.02,Licensing & Permits,36
39.725,-104.915,Parks & Trees,36
39.715,-104.92,General Information,36
39.75,-104.995,Parks & Trees,36
39.72,-104.96000000000001,Parking & Vehicles,36
39.675000000000004,-105.05,General Information,36
39.74,-105.03,Animals,36
39.755,-105.055,Streets & Traffic,36
39.72,-104.98,Parks & Trees,36
39.76,-104.9,Parking & Vehicles,36
39.735,-104.89,Parking & Vehicles,36
39.72,-104.895,Public Safety (non-emergency),36
39.735,-105.03,Parking & Vehicles,36
39.665,-104.935,Licensing & Permits,36
39.635,-105.11,Licensing & Permits,36
39.79,-104.76,Streets & Traffic,36
39.725,-104.965,Parks & Trees,36
39.72,-104.905,General Information,36
39.74,-105.055,Neighborhood Inspection,36
39.78,-104.82000000000001,General Information,36
39.695,-104.935,Animals,36
39.755,-104.915,Parking & Vehicles,36
39.71,-104.925,General Information,36
39.765,-104.94500000000001,Animals,36
39.655,-105.055,Parks & Trees,36
39.74,-104.885,Parking & Vehicles,36
39.67,-104.895,Streets & Traffic,36
39.685,-104.905,Solid Waste,36
39.695,-104.915,General Information,36
39.660000000000004,-104.855,Public Safety (non-emergency),36
39.660000000000004,-105.04,Streets & Traffic,36
39.775,-105.055,Streets & Traffic,36
39.68,-104.93,Parking & Vehicles,36
39.695,-105.04,Parking & Vehicles,36
39.725,-104.92,Neighborhood Inspection,36
39.625,-104.905,Licensing & Permits,36
39.665,-104.91,Solid Waste,36
39.7,-105.03,Parking & Vehicles,36
39.695,-105.035,Streets & Traffic,36
39.735,-104.93,General Information,36
39.675000000000004,-105.06,Solid Waste,36
39.78,-105.04,Public Safety (non-emergency),36
39.775,-104.99000000000001,Streets & Traffic,36
39.65,-105.065,Parking & Vehicles,36
39.74,-105.0,Parks & Trees,36
39.745,-105.055,Neighborhood Inspection,36
39.695,-105.0,Solid Waste,36
39.785000000000004,-105.055,Parks & Trees,36
39.67,-105.045,Parking & Vehicles,36
39.745,-104.96000000000001,Public Health & Noise,36
39.68,-104.965,General Information,36
39.77,-104.92,General Information,36
39.785000000000004,-104.965,Solid Waste,36
39.77,-104.745,Neighborhood Inspection,36
39.715,-105.035,Public Health & Noise,36
39.7,-104.97,Neighborhood Inspection,36
39.785000000000004,-105.01,Licensing & Permits,36
39.745,-105.035,General Information,36
39.68,-105.055,Encampments,36
39.755,-104.94500000000001,General Information,36
39.71,-104.965,Parking & Vehicles,36
39.775,-105.035,General Information,36
39.71,-105.05,General Information,36
39.68,-105.01,Parks & Trees,36
39.775,-104.745,Parking & Vehicles,36
39.77,-105.01,Public Health & Noise,36
39.745,-104.92,General Information,36
39.730000000000004,-104.915,General Information,36
39.65,-104.88,Streets & Traffic,36
39.715,-104.91,Animals,36
39.775,-104.83500000000001,Public Safety (non-emergency),36
39.72,-105.0,Public Health & Noise,36
39.775,-104.825,General Information,36
39.71,-105.0,Solid Waste,36
39.76,-105.015,Animals,36
39.77,-104.94500000000001,Public Health & Noise,36
39.745,-104.895,Licensing & Permits,36
39.765,-104.95,Animals,36
39.665,-104.94500000000001,General Information,36
39.785000000000004,-104.83,Neighborhood Inspection,36
39.75,-104.96000000000001,Licensing & Permits,36
39.795,-104.8,Neighborhood Inspection,36
39.7,-104.955,General Information,36
39.705,-104.885,Streets & Traffic,36
39.660000000000004,-104.86500000000001,General Information,36
39.635,-105.035,General Information,35
39.730000000000004,-104.925,Parking & Vehicles,35
39.685,-104.985,Public Health & Noise,35
39.72,-105.045,Parks & Trees,35
39.725,-104.88,Solid Waste,35
39.79,-105.005,Solid Waste,35
39.765,-104.935,Licensing & Permits,35
39.78,-104.955,Animals,35
39.785000000000004,-105.06,Streets & Traffic,35
39.79,-104.83500000000001,Public Health & Noise,35
39.665,-104.89,Streets & Traffic,35
39.735,-105.04,Encampments,35
39.660000000000004,-105.025,Public Health & Noise,35
39.7,-104.915,General Information,35
39.725,-105.04,Licensing & Permits,35
39.74,-104.96000000000001,Parks & Trees,35
39.78,-104.88,Public Safety (non-emergency),35
39.775,-104.75,Public Safety (non-emergency),35
39.705,-105.035,Public Health & Noise,35
39.76,-105.005,Encampments,35
39.765,-105.04,General Information,35
39.78,-104.84,Public Safety (non-emergency),35
39.77,-104.85000000000001,Streets & Traffic,35
39.775,-104.95,General Information,35
39.795,-104.88,Streets & Traffic,35
39.74,-105.0,Encampments,35
39.785000000000004,-105.01,General Information,35
39.665,-104.89,Neighborhood Inspection,35
39.755,-104.91,General Information,35
39.7,-105.04,Animals,35
39.665,-104.925,General Information,35
39.715,-104.9,Parks & Trees,35
39.705,-104.965,Licensing & Permits,35
39.715,-105.03,Public Safety (non-emergency),35
39.765,-105.04,Public Safety (non-emergency),35
39.785000000000004,-104.78,Solid Waste,35
39.645,-104.905,Streets & Traffic,35
39.685,-105.005,Public Health & Noise,35
39.675000000000004,-105.0,Parking & Vehicles,35
39.685,-105.04,Streets & Traffic,35
39.775,-104.985,Encampments,35
39.69,-104.94500000000001,General Information,35
39.785000000000004,-105.04,Licensing & Permits,35
39.795,-104.775,Neighborhood Inspection,35
39.795,-104.84,Streets & Traffic,35
39.79,-105.015,Parking & Vehicles,35
39.775,-104.88,Neighborhood Inspection,35
39.7,-105.005,Animals,35
39.79,-105.04,Licensing & Permits,35
39.78,-104.95,General Information,35
39.725,-104.97500000000001,Public Health & Noise,35
39.675000000000004,-104.96000000000001,Licensing & Permits,35
39.685,-105.04,General Information,35
39.75,-104.965,Public Health & Noise,35
39.675000000000004,-105.015,Solid Waste,35
39.72,-105.035,Licensing & Permits,35
39.69,-104.955,General Information,35
39.695,-105.02,Animals,35
39.645,-105.055,Parks & Trees,35
39.795,-104.84,Public Health & Noise,35
39.67,-105.03,Animals,35
39.685,-104.97,General Information,35
39.71,-104.995,Public Health & Noise,35
39.695,-105.055,Neighborhood Inspection,35
39.675000000000004,-104.98,Solid Waste,35
39.765,-105.035,Public Safety (non-emergency),35
39.785000000000004,-105.055,Solid Waste,35
39.72,-104.965,General Information,35
39.785000000000004,-104.935,General Information,35
39.705,-105.025,Animals,35
39.78,-104.885,Solid Waste,35
39.65,-104.895,Parking & Vehicles,35
39.71,-104.915,General Information,35
39.69,-105.01,Parks & Trees,35
39.625,-105.095,General Information,35
39.775,-105.01,Parks & Trees,35
39.72,-104.99000000000001,Animals,35
39.78,-104.765,General Information,35
39.785000000000004,-104.895,Parking & Vehicles,35
39.755,-105.015,Parking & Vehicles,35
39.660000000000004,-104.905,Parks & Trees,35
39.725,-104.91,General Information,35
39.7,-105.01,Animals,35
39.685,-105.045,Streets & Traffic,35
39.775,-105.025,Public Safety (non-emergency),35
39.78,-104.86,Streets & Traffic,35
39.665,-104.89,Parking & Vehicles,35
39.79,-104.95,Public Health & Noise,35
39.730000000000004,-104.995,Animals,35
39.730000000000004,-104.93,Licensing & Permits,35
39.75,-105.035,Licensing & Permits,35
39.69,-105.025,Parking & Vehicles,35
39.69,-104.915,General Information,35
39.775,-104.75,Animals,34
39.665,-104.94,Parking & Vehicles,34
39.745,-104.94,Public Safety (non-emergency),34
39.78,-105.01,General Information,34
39.660000000000004,-104.935,General Information,34
39.755,-104.93,Parking & Vehicles,34
39.68,-105.05,Parking & Vehicles,34
39.695,-104.965,Licensing & Permits,34
39.68,-104.965,Public Health & Noise,34
39.735,-104.91,General Information,34
39.79,-104.815,Streets & Traffic,34
39.775,-104.83,Streets & Traffic,34
39.745,-104.905,Licensing & Permits,34
39.775,-104.75,Neighborhood Inspection,34
39.65,-104.93,Streets & Traffic,34
39.615,-105.065,Solid Waste,34
39.75,-105.015,Streets & Traffic,34
39.705,-104.99000000000001,Public Safety (non-emergency),34
39.695,-105.045,Public Safety (non-emergency),34
39.785000000000004,-104.95,Public Safety (non-emergency),34
39.78,-104.89,Neighborhood Inspection,34
39.715,-105.035,Licensing & Permits,34
39.655,-104.935,Streets & Traffic,34
39.655,-104.88,Public Health & Noise,34
39.775,-104.94500000000001,Solid Waste,34
39.660000000000004,-104.905,Solid Waste,34
39.775,-104.995,Streets & Traffic,34
39.745,-104.885,General Information,34
39.705,-105.03,Parking & Vehicles,34
39.76,-104.98,Animals,34
39.695,-104.97500000000001,Public Safety (non-emergency),34
39.75,-105.02,Public Health & Noise,34
39.755,-104.905,General Information,34
39.79,-104.86500000000001,Neighborhood Inspection,34
39.765,-105.02,Public Safety (non-emergency),34
39.685,-105.045,Animals,34
39.735,-105.045,Animals,34
39.795,-104.85000000000001,Licensing & Permits,34
39.76,-105.03,Public Safety (non-emergency),34
39.74,-105.005,Public Health & Noise,34
39.7,-105.03,Neighborhood Inspection,34
39.76,-104.915,General Information,34
39.675000000000004,-104.91,Public Health & Noise,34
39.71,-104.915,Parks & Trees,34
39.775,-104.9,Encampments,34
39.695,-105.04,General Information,34
39.71,-105.04,Parking & Vehicles,34
39.765,-105.04,Licensing & Permits,34
39.705,-105.0,Licensing & Permits,34
39.705,-104.98,Public Safety (non-emergency),34
39.74,-104.99000000000001,Animals,34
39.77,-104.94500000000001,General Information,34
39.64,-105.05,General Information,34
39.745,-105.025,Parking & Vehicles,34
39.755,-104.97500000000001,Parks & Trees,34
39.745,-105.035,Public Safety (non-emergency),34
39.74,-104.895,Encampments,34
39.63,-105.035,Neighborhood Inspection,34
39.735,-104.895,Licensing & Permits,34
39.695,-104.905,Licensing & Permits,34
39.76,-105.05,Licensing & Permits,34
39.65,-104.93,Solid Waste,34
39.785000000000004,-104.855,Licensing & Permits,34
39.660000000000004,-104.965,Solid Waste,34
39.695,-105.01,Parking & Vehicles,34
39.705,-105.02,Licensing & Permits,34
39.77,-104.97500000000001,Solid Waste,34
39.63,-105.035,Streets & Traffic,34
39.715,-105.015,Streets & Traffic,34
39.745,-105.03,Public Health & Noise,34
39.72,-104.94500000000001,Public Safety (non-emergency),34
39.75,-104.96000000000001,Parking & Vehicles,34
39.675000000000004,-104.92,Licensing & Permits,34
39.665,-105.02,Streets & Traffic,34
39.71,-104.93,Public Health & Noise,34
39.63,-104.9,Public Safety (non-emergency),34
39.745,-104.98,Animals,34
39.695,-104.98,Encampments,34
39.755,-105.03,Animals,34
39.695,-105.0,Parking & Vehicles,34
39.765,-104.88,Streets & Traffic,34
39.71,-104.97,Public Safety (non-emergency),34
39.69,-105.015,Animals,34
39.785000000000004,-104.765,Parking & Vehicles,34
39.77,-104.91,General Information,34
39.785000000000004,-104.89,Solid Waste,34
39.69,-104.94,Solid Waste,34
39.635,-105.04,Neighborhood Inspection,34
39.71,-104.915,Public Safety (non-emergency),34
39.77,-105.055,Neighborhood Inspection,34
39.695,-104.925,Licensing & Permits,34
39.775,-104.92,Public Safety (non-emergency),34
39.69,-104.95,General Information,34
39.795,-104.795,Parking & Vehicles,34
39.78,-104.83,Neighborhood Inspection,34
39.78,-104.985,Public Health & Noise,34
39.7,-104.925,Public Safety (non-emergency),34
39.675000000000004,-104.905,Public Safety (non-emergency),34
39.715,-105.035,Public Safety (non-emergency),34
39.715,-104.92,Parking & Vehicles,34
39.615,-105.06,Streets & Traffic,34
39.74,-104.89,Animals,34
39.765,-104.925,Animals,33
39.685,-104.935,Licensing & Permits,33
39.68,-104.92,Public Health & Noise,33
39.745,-104.915,General Information,33
39.775,-104.83,Parking & Vehicles,33
39.78,-105.03,Parks & Trees,33
39.75,-105.03,Animals,33
39.76,-104.915,Parking & Vehicles,33
39.71,-104.995,General Information,33
39.77,-105.02,Public Health & Noise,33
39.800000000000004,-104.88,Neighborhood Inspection,33
39.69,-105.04,General Information,33
39.765,-104.955,Taxes & Property,33
39.695,-104.92,General Information,33
39.68,-105.01,Encampments,33
39.79,-104.77,Parking & Vehicles,33
39.76,-105.025,Encampments,33
39.69,-104.965,Neighborhood Inspection,33
39.68,-105.04,General Information,33
39.68,-105.035,General Information,33
39.785000000000004,-104.895,Streets & Traffic,33
39.78,-104.94,Streets & Traffic,33
39.67,-104.875,Animals,33
39.69,-105.02,Parking & Vehicles,33
39.730000000000004,-104.99000000000001,Parks & Trees,33
39.795,-104.82000000000001,Animals,33
39.63,-104.89,Neighborhood Inspection,33
39.77,-104.915,General Information,33
39.785000000000004,-104.885,General Information,33
39.755,-104.935,Parking & Vehicles,33
39.785000000000004,-104.86,Licensing & Permits,33
39.755,-104.96000000000001,Animals,33
39.685,-104.935,Public Health & Noise,33
39.63,-105.09,Licensing & Permits,33
39.7,-104.905,Animals,33
39.77,-104.75,Streets & Traffic,33
39.755,-104.96000000000001,Parking & Vehicles,33
39.755,-104.915,Licensing & Permits,33
39.795,-104.775,Public Safety (non-emergency),33
39.705,-104.87,Neighborhood Inspection,33
39.775,-104.81,Public Health & Noise,33
39.665,-104.95,General Information,33
39.735,-105.025,Licensing & Permits,33
39.775,-105.0,Encampments,33
39.77,-105.005,Parks & Trees,33
39.795,-104.815,Public Safety (non-emergency),33
39.69,-104.905,Solid Waste,33
39.74,-104.89,Encampments,33
39.77,-104.75,Licensing & Permits,33
39.79,-105.04,Parking & Vehicles,33
39.71,-104.94,General Information,33
39.63,-104.91,Neighborhood Inspection,33
39.695,-104.91,Licensing & Permits,33
39.75,-105.04,Licensing & Permits,33
39.69,-105.005,General Information,33
39.68,-104.985,Encampments,33
39.730000000000004,-104.97,Licensing & Permits,33
39.675000000000004,-104.91,Parking & Vehicles,33
39.79,-104.77,Streets & Traffic,33
39.7,-104.995,Streets & Traffic,33
39.69,-104.93,General Information,33
39.705,-105.005,General Information,33
39.795,-104.85000000000001,Neighborhood Inspection,33
39.71,-104.905,General Information,33
39.63,-105.095,Neighborhood Inspection,33
39.785000000000004,-105.045,Solid Waste,33
39.795,-104.8,Streets & Traffic,33
39.685,-105.035,Parking & Vehicles,33
39.705,-105.035,Licensing & Permits,33
39.695,-104.925,General Information,33
39.775,-104.85000000000001,Public Safety (non-emergency),33
39.730000000000004,-105.025,Parking & Vehicles,33
39.64,-104.9,Licensing & Permits,33
39.800000000000004,-104.885,Neighborhood Inspection,33
39.7,-105.035,Encampments,33
39.825,-104.775,Licensing & Permits,33
39.78,-105.035,Parking & Vehicles,33
39.730000000000004,-105.04,Public Health & Noise,33
39.69,-104.9,Parking & Vehicles,33
39.735,-104.94500000000001,Public Health & Noise,33
39.79,-105.01,General Information,33
39.695,-104.98,Public Safety (non-emergency),33
39.785000000000004,-104.795,General Information,33
39.735,-104.9,Parking & Vehicles,33
39.665,-105.02,Public Health & Noise,33
39.79,-104.845,Animals,33
39.755,-104.89,General Information,33
39.615,-105.095,Streets & Traffic,33
39.69,-104.935,Encampments,33
39.715,-104.93,General Information,33
39.77,-104.925,Licensing & Permits,33
39.745,-105.05,Neighborhood Inspection,33
39.660000000000004,-105.025,Solid Waste,33
39.765,-104.915,Licensing & Permits,33
39.655,-104.905,General Information,33
39.765,-104.93,Animals,33
39.76,-104.905,Public Safety (non-emergency),33
39.725,-104.935,Parks & Trees,33
39.77,-105.025,Public Health & Noise,33
39.795,-104.74000000000001,Licensing & Permits,33
39.76,-105.045,Public Safety (non-emergency),33
39.805,-104.87,Streets & Traffic,33
39.75,-104.94,Neighborhood Inspection,33
39.78,-104.96000000000001,Licensing & Permits,33
39.675000000000004,-104.985,Public Safety (non-emergency),33
39.695,-105.01,Animals,33
39.67,-104.965,Public Health & Noise,33
39.615,-105.09,Neighborhood Inspection,33
39.695,-105.015,General Information,33
39.685,-104.94500000000001,Licensing & Permits,33
39.78,-104.95,Streets & Traffic,33
39.79,-104.97,Neighborhood Inspection,33
39.665,-104.905,Streets & Traffic,33
39.68,-105.02,General Information,33
39.75,-104.97,Public Health & Noise,33
39.7,-105.03,Animals,33
39.785000000000004,-104.81,Public Health & Noise,33
39.765,-105.025,Parks & Trees,33
39.75,-104.905,Public Safety (non-emergency),33
39.79,-105.035,Neighborhood Inspection,33
39.785000000000004,-104.79,Streets & Traffic,33
39.785000000000004,-104.985,Public Health & Noise,33
39.7,-105.015,Parking & Vehicles,33
39.745,-104.94,Encampments,33
39.74,-105.02,Streets & Traffic,33
39.785000000000004,-105.045,Neighborhood Inspection,32
39.815,-104.775,Neighborhood Inspection,32
39.695,-104.92,Parking & Vehicles,32
39.79,-104.885,Parking & Vehicles,32
39.76,-105.03,Public Health & Noise,32
39.785000000000004,-104.795,Public Safety (non-emergency),32
39.730000000000004,-104.895,Parking & Vehicles,32
39.775,-104.91,Licensing & Permits,32
39.655,-104.895,Solid Waste,32
39.76,-105.0,Animals,32
39.645,-105.065,Solid Waste,32
39.68,-105.05,Animals,32
39.755,-104.885,Neighborhood Inspection,32
39.735,-105.03,Encampments,32
39.77,-104.97500000000001,Encampments,32
39.775,-104.83,Neighborhood Inspection,32
39.69,-104.96000000000001,Parking & Vehicles,32
39.635,-104.91,General Information,32
39.79,-104.84,Public Safety (non-emergency),32
39.715,-104.97,Parking & Vehicles,32
39.7,-104.875,Public Safety (non-emergency),32
39.775,-104.81,Licensing & Permits,32
39.775,-104.93,Encampments,32
39.755,-104.935,General Information,32
39.78,-104.965,Parking & Vehicles,32
39.79,-104.98,Licensing & Permits,32
39.795,-104.77,Licensing & Permits,32
39.68,-104.94500000000001,Public Health & Noise,32
39.7,-104.94,Solid Waste,32
39.76,-104.905,Licensing & Permits,32
39.75,-104.89,Neighborhood Inspection,32
39.765,-105.015,Animals,32
39.71,-105.045,Public Health & Noise,32
39.685,-104.97,Licensing & Permits,32
39.765,-104.9,Public Health & Noise,32
39.675000000000004,-104.875,Public Health & Noise,32
39.765,-104.935,Parking & Vehicles,32
39.775,-104.76,Public Safety (non-emergency),32
39.755,-105.015,General Information,32
39.78,-105.035,Parks & Trees,32
39.67,-104.925,Encampments,32
39.685,-105.05,Parking & Vehicles,32
39.7,-105.01,Parking & Vehicles,32
39.67,-104.875,Parking & Vehicles,32
39.645,-104.88,General Information,32
39.69,-105.035,General Information,32
39.665,-104.885,Parking & Vehicles,32
39.745,-104.93,Licensing & Permits,32
39.775,-104.94,Public Health & Noise,32
39.775,-105.015,Public Safety (non-emergency),32
39.745,-104.97,Animals,32
39.795,-104.82000000000001,Public Health & Noise,32
39.79,-104.97500000000001,Streets & Traffic,32
39.71,-105.02,Animals,32
39.765,-104.985,Public Health & Noise,32
39.765,-104.96000000000001,Parks & Trees,32
39.775,-104.74000000000001,Animals,32
39.795,-104.81,Public Safety (non-emergency),32
39.675000000000004,-105.02,Neighborhood Inspection,32
39.725,-104.905,Parking & Vehicles,32
39.725,-105.035,Public Health & Noise,32
39.625,-105.095,Neighborhood Inspection,32
39.79,-104.83,Parking & Vehicles,32
39.78,-105.01,Public Health & Noise,32
39.660000000000004,-104.88,Streets & Traffic,32
39.755,-104.94,Parking & Vehicles,32
39.745,-104.925,Parks & Trees,32
39.775,-104.93,Streets & Traffic,32
39.65,-104.915,General Information,32
39.715,-105.005,"Clerk, DMV & Elections",32
39.69,-105.01,Parking & Vehicles,32
39.745,-104.93,General Information,32
39.705,-104.925,Solid Waste,32
39.685,-105.045,General Information,32
39.76,-104.92,Animals,32
39.7,-105.04,Public Safety (non-emergency),32
39.65,-105.055,Parks & Trees,32
39.64,-104.895,Public Health & Noise,32
39.765,-104.9,Streets & Traffic,32
39.730000000000004,-104.995,Public Health & Noise,32
39.76,-104.93,Parking & Vehicles,32
39.72,-105.01,Solid Waste,32
39.675000000000004,-104.875,Public Safety (non-emergency),32
39.775,-105.035,Public Health & Noise,32
39.715,-104.995,Parks & Trees,32
39.725,-104.965,Parking & Vehicles,32
39.785000000000004,-104.815,Licensing & Permits,32
39.735,-105.01,Neighborhood Inspection,32
39.63,-105.035,Parking & Vehicles,32
39.655,-105.045,Streets & Traffic,32
39.625,-105.10000000000001,Parking & Vehicles,32
39.755,-104.94500000000001,Neighborhood Inspection,32
39.730000000000004,-105.035,Public Health & Noise,32
39.79,-104.765,General Information,32
39.715,-104.915,General Information,32
39.735,-104.95,Public Health & Noise,32
39.68,-105.03,Public Safety (non-emergency),32
39.72,-104.9,Public Safety (non-emergency),32
39.67,-105.02,General Information,32
39.72,-105.005,Streets & Traffic,32
39.63,-105.11,Streets & Traffic,32
39.695,-105.015,Licensing & Permits,32
39.685,-104.96000000000001,Neighborhood Inspection,32
39.76,-105.005,Solid Waste,32
39.745,-105.005,Licensing & Permits,32
39.775,-105.02,Animals,32
39.800000000000004,-104.88,Streets & Traffic,32
39.765,-105.03,Public Safety (non-emergency),32
39.655,-104.875,Solid Waste,32
39.765,-104.955,Public Safety (non-emergency),32
39.660000000000004,-104.925,Encampments,32
39.695,-105.05,Public Health & Noise,32
39.64,-104.905,Licensing & Permits,32
39.785000000000004,-104.91,Streets & Traffic,32
39.71,-104.94,Public Health & Noise,32
39.755,-105.04,Animals,32
39.705,-104.92,General Information,32
39.67,-104.97,General Information,31
39.69,-104.935,Licensing & Permits,31
39.695,-104.955,General Information,31
39.7,-104.94,Public Safety (non-emergency),31
39.67,-105.025,Animals,31
39.725,-104.94,Licensing & Permits,31
39.72,-105.04,Public Safety (non-emergency),31
39.695,-105.0,General Information,31
39.715,-105.005,Neighborhood Inspection,31
39.825,-104.77,Streets & Traffic,31
39.75,-104.92,General Information,31
39.63,-105.105,Streets & Traffic,31
39.79,-104.81,Parking & Vehicles,31
39.745,-104.955,Neighborhood Inspection,31
39.7,-105.02,Encampments,31
39.745,-104.905,General Information,31
39.68,-104.925,Public Health & Noise,31
39.77,-104.905,General Information,31
39.675000000000004,-104.965,Public Health & Noise,31
39.725,-105.03,Parking & Vehicles,31
39.78,-104.98,Animals,31
39.72,-104.895,Neighborhood Inspection,31
39.685,-105.01,General Information,31
39.775,-104.755,Public Health & Noise,31
39.78,-104.745,Streets & Traffic,31
39.745,-105.05,Parking & Vehicles,31
39.735,-104.955,Animals,31
39.85,-104.675,General Information,31
39.65,-105.065,General Information,31
39.78,-104.89,Public Safety (non-emergency),31
39.665,-104.915,Licensing & Permits,31
39.775,-104.94,Solid Waste,31
39.715,-104.94,Licensing & Permits,31
39.78,-104.86500000000001,Public Safety (non-emergency),31
39.635,-105.11,Neighborhood Inspection,31
39.795,-104.895,Parking & Vehicles,31
39.72,-105.03,Encampments,31
39.785000000000004,-104.765,Licensing & Permits,31
39.81,-104.87,Streets & Traffic,31
39.775,-104.9,Streets & Traffic,31
39.675000000000004,-104.93,Solid Waste,31
39.765,-104.915,Public Safety (non-emergency),31
39.735,-105.055,General Information,31
39.645,-104.88,Parking & Vehicles,31
39.785000000000004,-104.88,Licensing & Permits,31
39.79,-104.83500000000001,General Information,31
39.71,-105.01,Animals,31
39.75,-104.89,Licensing & Permits,31
39.725,-105.02,Public Safety (non-emergency),31
39.715,-105.03,Animals,31
39.615,-105.095,Parking & Vehicles,31
39.63,-104.91,Public Health & Noise,31
39.735,-105.025,Parking & Vehicles,31
39.655,-105.035,Streets & Traffic,31
39.735,-104.89,Licensing & Permits,31
39.77,-104.845,Streets & Traffic,31
39.7,-104.98,Animals,31
39.795,-104.83500000000001,Streets & Traffic,31
39.695,-105.04,Public Health & Noise,31
39.655,-104.91,Parking & Vehicles,31
39.72,-104.94,Parking & Vehicles,31
39.675000000000004,-105.04,Parking & Vehicles,31
39.665,-104.905,General Information,31
39.785000000000004,-104.805,General Information,31
39.715,-104.97500000000001,Parks & Trees,31
39.685,-104.915,Parks & Trees,31
39.660000000000004,-104.955,Neighborhood Inspection,31
39.72,-104.895,General Information,31
39.7,-105.035,Animals,31
39.785000000000004,-104.745,Neighborhood Inspection,31
39.765,-104.96000000000001,Public Health & Noise,31
39.730000000000004,-104.905,Parking & Vehicles,31
39.705,-104.87,Public Safety (non-emergency),31
39.775,-104.965,Neighborhood Inspection,31
39.68,-105.01,Licensing & Permits,31
39.695,-105.03,Public Safety (non-emergency),31
39.660000000000004,-104.96000000000001,Neighborhood Inspection,31
39.72,-105.03,Public Health & Noise,31
39.660000000000004,-105.035,Animals,31
39.655,-105.04,Streets & Traffic,31
39.775,-104.92,Parking & Vehicles,31
39.705,-104.88,Public Safety (non-emergency),31
39.695,-104.875,Streets & Traffic,31
39.75,-104.885,Public Health & Noise,31
39.745,-104.965,Encampments,31
39.745,-104.885,Licensing & Permits,31
39.67,-104.965,Public Safety (non-emergency),31
39.675000000000004,-104.965,Public Safety (non-emergency),31
39.71,-104.92,Parks & Trees,31
39.775,-105.01,Parking & Vehicles,31
39.735,-104.905,Parking & Vehicles,31
39.71,-105.04,Licensing & Permits,31
39.645,-104.92,Streets & Traffic,31
39.705,-105.045,Licensing & Permits,31
39.75,-104.94500000000001,General Information,31
39.685,-105.035,General Information,31
39.655,-104.915,Parking & Vehicles,31
39.76,-104.93,Animals,31
39.705,-104.88,Public Health & Noise,31
39.695,-105.055,Public Safety (non-emergency),31
39.63,-104.895,Public Safety (non-emergency),31
39.805,-104.885,Streets & Traffic,31
39.805,-104.765,Animals,31
39.635,-105.09,General Information,31
39.75,-105.035,Parking & Vehicles,31
39.715,-105.015,Parking & Vehicles,31
39.79,-105.01,Parking & Vehicles,31
39.765,-104.94,General Information,31
39.735,-104.985,Animals,31
39.795,-104.78,Public Safety (non-emergency),31
39.79,-104.82000000000001,Public Health & Noise,31
39.695,-104.99000000000001,Solid Waste,31
39.75,-104.925,Licensing & Permits,31
39.68,-105.05,Public Safety (non-emergency),31
39.69,-104.925,General Information,31
39.795,-104.825,Animals,31
39.745,-105.02,Public Safety (non-emergency),31
39.69,-105.015,General Information,31
39.625,-105.105,Parking & Vehicles,31
39.71,-104.925,Parks & Trees,31
39.76,-104.965,Encampments,31
39.675000000000004,-104.99000000000001,Animals,31
39.715,-104.995,Animals,31
39.65,-104.895,Streets & Traffic,31
39.745,-104.97500000000001,Parks & Trees,30
39.77,-104.74000000000001,Streets & Traffic,30
39.765,-104.905,Public Health & Noise,30
39.7,-105.035,General Information,30
39.635,-105.04,Solid Waste,30
39.660000000000004,-104.93,General Information,30
39.695,-104.91,Public Health & Noise,30
39.665,-104.935,Public Health & Noise,30
39.72,-104.94,Licensing & Permits,30
39.795,-104.84,Animals,30
39.815,-104.765,Public Safety (non-emergency),30
39.735,-105.045,Public Health & Noise,30
39.745,-105.0,Parks & Trees,30
39.79,-104.805,Solid Waste,30
39.75,-104.915,General Information,30
39.71,-104.94500000000001,Encampments,30
39.67,-105.035,Animals,30
39.730000000000004,-105.03,Licensing & Permits,30
39.730000000000004,-105.04,Parks & Trees,30
39.730000000000004,-104.94500000000001,Animals,30
39.765,-104.97,Encampments,30
39.745,-104.98,Parks & Trees,30
39.78,-104.77,Public Safety (non-emergency),30
39.67,-104.935,Public Safety (non-emergency),30
39.715,-104.925,General Information,30
39.74,-105.055,Encampments,30
39.76,-104.9,Solid Waste,30
39.78,-104.86,Licensing & Permits,30
39.785000000000004,-104.955,Parking & Vehicles,30
39.735,-104.995,Parks & Trees,30
39.67,-104.905,Solid Waste,30
39.735,-105.025,Parks & Trees,30
39.685,-104.95,General Information,30
39.71,-105.05,Licensing & Permits,30
39.76,-104.875,Parks & Trees,30
39.730000000000004,-105.045,Parks & Trees,30
39.77,-104.955,General Information,30
39.695,-104.905,Neighborhood Inspection,30
39.67,-104.985,Public Safety (non-emergency),30
39.795,-104.78,Licensing & Permits,30
39.75,-105.03,Public Safety (non-emergency),30
39.71,-104.9,Solid Waste,30
39.705,-104.88,Streets & Traffic,30
39.765,-104.985,Licensing & Permits,30
39.795,-104.86,Public Safety (non-emergency),30
39.71,-104.87,Streets & Traffic,30
39.795,-104.805,General Information,30
39.71,-104.92,Parking & Vehicles,30
39.725,-105.05,General Information,30
39.675000000000004,-104.97,Licensing & Permits,30
39.79,-105.055,General Information,30
39.76,-104.96000000000001,Public Safety (non-emergency),30
39.705,-104.91,Parking & Vehicles,30
39.71,-104.915,Parking & Vehicles,30
39.68,-104.97,Public Safety (non-emergency),30
39.7,-105.05,Public Health & Noise,30
39.71,-105.015,General Information,30
39.785000000000004,-104.84,Animals,30
39.78,-105.01,Public Safety (non-emergency),30
39.74,-105.0,Animals,30
39.695,-104.995,Public Safety (non-emergency),30
39.79,-104.815,Neighborhood Inspection,30
39.78,-105.025,Public Safety (non-emergency),30
39.77,-104.96000000000001,Licensing & Permits,30
39.785000000000004,-104.995,Neighborhood Inspection,30
39.7,-104.98,Public Safety (non-emergency),30
39.69,-105.045,General Information,30
39.795,-104.8,Parking & Vehicles,30
39.725,-104.99000000000001,Public Health & Noise,30
39.730000000000004,-104.935,Animals,30
39.660000000000004,-104.875,General Information,30
39.675000000000004,-105.02,Encampments,30
39.800000000000004,-104.81,Streets & Traffic,30
39.77,-104.745,Streets & Traffic,30
39.74,-104.915,Encampments,30
39.730000000000004,-105.045,Licensing & Permits,30
39.68,-104.94,Encampments,30
39.655,-104.93,Public Safety (non-emergency),30
39.775,-104.845,Licensing & Permits,30
39.78,-105.01,Licensing & Permits,30
39.745,-104.9,Parking & Vehicles,30
39.775,-104.82000000000001,Streets & Traffic,30
39.78,-104.825,General Information,30
39.78,-105.025,Encampments,30
39.79,-104.88,Public Safety (non-emergency),30
39.7,-105.01,General Information,30
39.745,-104.895,Animals,30
39.71,-105.035,Animals,30
39.77,-104.94500000000001,Public Safety (non-emergency),30
39.655,-104.905,Solid Waste,30
39.660000000000004,-104.89,General Information,30
39.78,-104.83500000000001,Streets & Traffic,30
39.705,-105.035,Animals,30
39.795,-104.8,Animals,30
39.705,-105.025,General Information,30
39.685,-105.015,Public Safety (non-emergency),30
39.75,-104.9,Parks & Trees,30
39.68,-104.97,Public Health & Noise,30
39.785000000000004,-105.03,Public Safety (non-emergency),30
39.785000000000004,-104.815,General Information,30
39.675000000000004,-105.03,General Information,30
39.71,-104.97,Parks & Trees,30
39.660000000000004,-104.91,Neighborhood Inspection,30
39.660000000000004,-104.875,Parks & Trees,30
39.63,-104.89,Solid Waste,30
39.77,-104.93,Streets & Traffic,30
39.775,-104.77,General Information,30
39.785000000000004,-104.775,Public Safety (non-emergency),30
39.725,-104.955,Public Safety (non-emergency),30
39.76,-104.895,Licensing & Permits,30
39.725,-104.92,Parks & Trees,30
39.63,-104.885,Solid Waste,30
39.765,-104.925,Public Health & Noise,30
39.75,-104.93,General Information,30
39.76,-104.95,Parking & Vehicles,30
39.79,-105.04,General Information,30
39.725,-104.94,Animals,30
39.685,-105.015,General Information,30
39.800000000000004,-104.765,Licensing & Permits,30
39.665,-105.075,Streets & Traffic,30
39.705,-105.05,Public Safety (non-emergency),30
39.78,-104.775,Licensing & Permits,30
39.715,-104.915,Parking & Vehicles,30
39.725,-104.9,General Information,30
39.685,-105.03,Animals,30
39.645,-104.905,Neighborhood Inspection,30
39.72,-104.925,Public Health & Noise,30
39.765,-104.97,Public Health & Noise,30
39.715,-105.02,Public Health & Noise,30
39.730000000000004,-104.93,Public Health & Noise,30
39.7,-104.915,Public Health & Noise,30
39.685,-105.025,Licensing & Permits,30
39.68,-104.925,General Information,30
39.795,-104.825,General Information,30
39.725,-105.05,Animals,30
39.715,-104.935,General Information,30
39.69,-104.97500000000001,Parking & Vehicles,30
39.67,-105.02,Encampments,30
39.79,-104.985,Encampments,30
39.715,-104.925,Licensing & Permits,30
39.78,-104.745,Animals,29
39.78,-104.83500000000001,General Information,29
39.67,-104.995,Encampments,29
39.705,-105.015,Animals,29
39.785000000000004,-105.025,Animals,29
39.78,-104.735,Parking & Vehicles,29
39.755,-104.91,Animals,29
39.75,-104.895,Public Safety (non-emergency),29
39.665,-105.05,Parking & Vehicles,29
39.7,-105.035,Parking & Vehicles,29
39.785000000000004,-104.965,Public Health & Noise,29
39.675000000000004,-105.06,Streets & Traffic,29
39.815,-104.765,Parking & Vehicles,29
39.785000000000004,-104.805,Streets & Traffic,29
39.78,-104.985,Licensing & Permits,29
39.660000000000004,-104.925,General Information,29
39.75,-104.915,Licensing & Permits,29
39.685,-104.905,Parks & Trees,29
39.67,-104.985,Public Health & Noise,29
39.655,-105.065,Neighborhood Inspection,29
39.68,-105.005,Encampments,29
39.765,-104.87,Solid Waste,29
39.695,-104.95,General Information,29
39.67,-104.875,Licensing & Permits,29
39.635,-104.91,Public Safety (non-emergency),29
39.755,-104.965,Animals,29
39.795,-104.81,Streets & Traffic,29
39.705,-105.0,Parks & Trees,29
39.75,-105.035,Public Safety (non-emergency),29
39.705,-104.875,Neighborhood Inspection,29
39.795,-104.83500000000001,Public Health & Noise,29
39.785000000000004,-104.76,General Information,29
39.705,-105.035,Parking & Vehicles,29
39.75,-104.91,Parks & Trees,29
39.775,-104.745,General Information,29
39.695,-104.93,General Information,29
39.64,-104.9,Solid Waste,29
39.705,-104.98,Licensing & Permits,29
39.775,-104.995,Public Safety (non-emergency),29
39.68,-104.97500000000001,Public Health & Noise,29
39.64,-104.895,General Information,29
39.65,-104.91,General Information,29
39.735,-104.905,Public Health & Noise,29
39.63,-105.095,Public Safety (non-emergency),29
39.795,-104.81,General Information,29
39.625,-104.895,Neighborhood Inspection,29
39.785000000000004,-104.89,Streets & Traffic,29
39.775,-105.01,Public Health & Noise,29
39.725,-105.035,Public Safety (non-emergency),29
39.77,-104.98,Solid Waste,29
39.65,-104.915,Public Health & Noise,29
39.77,-105.0,Parks & Trees,29
39.74,-105.025,Licensing & Permits,29
39.745,-104.94500000000001,General Information,29
39.705,-104.885,Public Safety (non-emergency),29
39.72,-105.045,Public Safety (non-emergency),29
39.69,-104.92,Parking & Vehicles,29
39.72,-104.97500000000001,Public Health & Noise,29
39.82,-104.77,Streets & Traffic,29
39.7,-105.02,Parking & Vehicles,29
39.785000000000004,-104.885,Parking & Vehicles,29
39.755,-104.86500000000001,Neighborhood Inspection,29
39.78,-104.755,General Information,29
39.7,-104.91,Encampments,29
39.675000000000004,-105.06,Public Health & Noise,29
39.655,-104.895,Animals,29
39.635,-105.05,General Information,29
39.77,-104.955,Licensing & Permits,29
39.76,-104.955,Parking & Vehicles,29
39.67,-104.97500000000001,Solid Waste,29
39.695,-104.94500000000001,Parking & Vehicles,29
39.63,-105.035,General Information,29
39.695,-105.035,General Information,29
39.715,-105.015,General Information,29
39.64,-105.035,Public Safety (non-emergency),29
39.705,-104.905,General Information,29
39.69,-104.91,Neighborhood Inspection,29
39.79,-104.86,Neighborhood Inspection,29
39.675000000000004,-104.995,Public Health & Noise,29
39.79,-104.82000000000001,General Information,29
39.795,-104.745,Streets & Traffic,29
39.68,-104.955,Public Safety (non-emergency),29
39.660000000000004,-105.03,Streets & Traffic,29
39.735,-104.925,Parking & Vehicles,29
39.71,-104.925,Public Safety (non-emergency),29
39.75,-104.895,Animals,29
39.715,-104.905,Public Safety (non-emergency),29
39.755,-104.9,Licensing & Permits,29
39.715,-105.0,Solid Waste,29
39.705,-105.015,Public Safety (non-emergency),29
39.665,-105.025,Animals,29
39.64,-105.07000000000001,Streets & Traffic,29
39.76,-104.89,General Information,29
39.76,-104.885,General Information,29
39.765,-104.99000000000001,Neighborhood Inspection,29
39.72,-104.925,Licensing & Permits,29
39.75,-104.89,Public Safety (non-emergency),29
39.79,-104.85000000000001,Neighborhood Inspection,29
39.76,-104.89,Parks & Trees,29
39.68,-105.06,General Information,29
39.78,-105.005,Licensing & Permits,29
39.695,-105.015,Animals,29
39.685,-105.03,Parks & Trees,29
39.685,-104.95,Encampments,29
39.795,-104.84,General Information,29
39.77,-105.035,Animals,29
39.785000000000004,-104.885,Neighborhood Inspection,29
39.705,-104.96000000000001,Public Safety (non-emergency),29
39.685,-104.97500000000001,Public Health & Noise,29
39.800000000000004,-104.885,Licensing & Permits,29
39.755,-105.05,Parking & Vehicles,29
39.78,-104.77,General Information,29
39.685,-105.045,Public Health & Noise,29
39.725,-104.94500000000001,Licensing & Permits,29
39.78,-104.76,Streets & Traffic,29
39.655,-104.92,Licensing & Permits,29
39.745,-104.885,Public Safety (non-emergency),29
39.75,-104.94,Parks & Trees,29
39.795,-104.735,Streets & Traffic,29
39.79,-104.955,Solid Waste,29
39.705,-105.005,Public Health & Noise,29
39.65,-104.89,Public Safety (non-emergency),29
39.655,-105.055,Parking & Vehicles,29
39.725,-104.97,Public Safety (non-emergency),29
39.730000000000004,-104.91,Parks & Trees,29
39.77,-104.94,Streets & Traffic,29
39.695,-105.045,Public Health & Noise,29
39.730000000000004,-104.985,Animals,29
39.795,-104.745,Neighborhood Inspection,29
39.660000000000004,-105.075,Parks & Trees,29
39.660000000000004,-104.9,Neighborhood Inspection,28
39.695,-105.0,Public Safety (non-emergency),28
39.785000000000004,-104.965,General Information,28
39.755,-105.01,Parking & Vehicles,28
39.78,-104.82000000000001,Animals,28
39.77,-104.915,Licensing & Permits,28
39.785000000000004,-104.985,Animals,28
39.795,-104.755,Parking & Vehicles,28
39.78,-104.98,Public Health & Noise,28
39.72,-105.045,Public Health & Noise,28
39.775,-105.025,Public Health & Noise,28
39.685,-104.99000000000001,General Information,28
39.74,-105.03,Encampments,28
39.69,-104.91,Solid Waste,28
39.71,-105.01,Licensing & Permits,28
39.69,-105.04,Public Health & Noise,28
39.69,-105.045,Public Safety (non-emergency),28
39.785000000000004,-105.03,General Information,28
39.730000000000004,-105.02,Public Safety (non-emergency),28
39.765,-104.89,Licensing & Permits,28
39.7,-104.95,General Information,28
39.64,-104.895,Public Safety (non-emergency),28
39.76,-105.03,Animals,28
39.675000000000004,-105.055,General Information,28
39.64,-104.905,Parking & Vehicles,28
39.755,-104.86,Streets & Traffic,28
39.685,-104.99000000000001,Public Health & Noise,28
39.685,-104.985,Encampments,28
39.75,-104.97500000000001,Animals,28
39.76,-105.05,Public Safety (non-emergency),28
39.785000000000004,-104.845,Licensing & Permits,28
39.675000000000004,-104.93,Neighborhood Inspection,28
39.685,-104.895,Public Health & Noise,28
39.730000000000004,-105.025,Public Health & Noise,28
39.775,-104.81,Public Safety (non-emergency),28
39.785000000000004,-104.825,Streets & Traffic,28
39.745,-104.95,Parking & Vehicles,28
39.660000000000004,-104.925,Parks & Trees,28
39.76,-105.02,Public Health & Noise,28
39.78,-104.78,Streets & Traffic,28
39.75,-104.9,Public Safety (non-emergency),28
39.67,-105.045,General Information,28
39.655,-104.925,General Information,28
39.645,-105.055,Solid Waste,28
39.71,-105.04,Public Health & Noise,28
39.76,-104.935,Licensing & Permits,28
39.795,-104.805,Animals,28
39.72,-104.895,Public Health & Noise,28
39.745,-104.955,General Information,28
39.685,-104.94500000000001,Parking & Vehicles,28
39.68,-105.01,Parking & Vehicles,28
39.715,-105.045,Public Safety (non-emergency),28
39.72,-104.94,Public Safety (non-emergency),28
39.74,-105.025,Public Safety (non-emergency),28
39.705,-104.995,Public Safety (non-emergency),28
39.745,-105.035,Parking & Vehicles,28
39.725,-104.88,Public Health & Noise,28
39.685,-105.015,Licensing & Permits,28
39.775,-104.96000000000001,General Information,28
39.67,-104.915,General Information,28
39.660000000000004,-104.95,Streets & Traffic,28
39.78,-104.755,Parking & Vehicles,28
39.68,-105.0,Parks & Trees,28
39.63,-104.905,Streets & Traffic,28
39.635,-105.095,Solid Waste,28
39.745,-105.04,Parking & Vehicles,28
39.800000000000004,-104.765,Public Safety (non-emergency),28
39.705,-105.025,Public Health & Noise,28
39.775,-104.755,Public Safety (non-emergency),28
39.755,-104.98,Animals,28
39.67,-104.97500000000001,Licensing & Permits,28
39.765,-105.005,Animals,28
39.74,-104.985,Parks & Trees,28
39.745,-105.045,Parks & Trees,28
39.655,-104.93,Licensing & Permits,28
39.77,-104.925,Parking & Vehicles,28
39.65,-104.88,Neighborhood Inspection,28
39.79,-104.985,Public Health & Noise,28
39.730000000000004,-105.055,Solid Waste,28
39.7,-105.005,Parking & Vehicles,28
39.74,-104.97500000000001,Animals,28
39.735,-104.97,Animals,28
39.78,-104.81,General Information,28
39.745,-104.955,Encampments,28
39.795,-104.82000000000001,Streets & Traffic,28
39.705,-104.925,Streets & Traffic,28
39.72,-104.985,Animals,28
39.75,-104.95,Parks & Trees,28
39.775,-105.01,Animals,28
39.665,-104.9,General Information,28
39.74,-104.885,Animals,28
39.77,-105.015,Animals,28
39.705,-105.05,Animals,28
39.745,-104.94,Parking & Vehicles,28
39.67,-105.04,Animals,28
39.72,-104.94500000000001,Public Health & Noise,28
39.765,-104.99000000000001,Public Health & Noise,28
39.730000000000004,-104.9,Parks & Trees,28
39.635,-105.035,Solid Waste,28
39.675000000000004,-104.875,Streets & Traffic,28
39.68,-104.955,Parks & Trees,28
39.665,-104.87,Solid Waste,28
39.765,-105.0,General Information,28
39.775,-105.05,Public Safety (non-emergency),28
39.79,-104.885,Licensing & Permits,28
39.665,-105.08,Solid Waste,28
39.685,-104.94,Public Health & Noise,28
39.745,-104.89,Licensing & Permits,28
39.76,-104.955,Public Safety (non-emergency),28
39.78,-105.0,Licensing & Permits,28
39.765,-105.005,Public Health & Noise,28
39.755,-104.92,Neighborhood Inspection,28
39.74,-104.94,Animals,28
39.7,-104.97,Solid Waste,28
39.705,-104.985,Public Health & Noise,28
39.75,-105.045,Parks & Trees,28
39.715,-104.99000000000001,Animals,28
39.765,-104.955,Public Health & Noise,28
39.775,-105.0,Animals,28
39.805,-104.88,Licensing & Permits,28
39.64,-105.05,Public Safety (non-emergency),28
39.69,-105.04,Public Safety (non-emergency),28
39.775,-104.745,Streets & Traffic,28
39.715,-104.955,Solid Waste,28
39.75,-104.965,Animals,28
39.65,-104.92,Neighborhood Inspection,28
39.785000000000004,-104.76,Licensing & Permits,28
39.775,-104.94500000000001,Public Safety (non-emergency),28
39.77,-104.94500000000001,Animals,28
39.76,-104.86500000000001,Licensing & Permits,28
39.675000000000004,-104.98,General Information,28
39.68,-105.02,Public Health & Noise,28
39.730000000000004,-105.02,General Information,28
39.775,-104.805,Solid Waste,28
39.74,-104.91,Public Health & Noise,28
39.655,-104.94,Parks & Trees,28
39.64,-105.075,Streets & Traffic,28
39.67,-104.875,Neighborhood Inspection,28
39.785000000000004,-104.89,Neighborhood Inspection,28
39.665,-104.885,General Information,28
39.79,-104.765,Streets & Traffic,28
39.75,-105.01,Licensing & Permits,28
39.68,-104.995,Public Safety (non-emergency),28
39.78,-104.97,Licensing & Permits,28
39.71,-104.91,General Information,28
39.735,-104.96000000000001,Encampments,28
39.655,-105.045,Animals,28
39.785000000000004,-104.93,Streets & Traffic,28
39.67,-104.955,Parks & Trees,28
39.785000000000004,-104.895,Public Health & Noise,28
39.69,-105.05,Public Safety (non-emergency),28
39.67,-104.94500000000001,Parks & Trees,28
39.685,-105.05,Public Safety (non-emergency),28
39.695,-104.9,Public Health & Noise,28
39.78,-104.95,Public Safety (non-emergency),28
39.77,-104.95,Public Health & Noise,28
39.78,-104.83,Public Safety (non-emergency),28
39.735,-105.04,Public Health & Noise,28
39.745,-104.935,Parks & Trees,28
39.77,-104.96000000000001,Parking & Vehicles,28
39.76,-104.95,Public Health & Noise,28
39.76,-105.055,Solid Waste,28
39.79,-104.885,Neighborhood Inspection,28
39.695,-105.02,Licensing & Permits,28
39.67,-104.93,Streets & Traffic,28
39.660000000000004,-104.875,Neighborhood Inspection,28
39.77,-105.05,Public Safety (non-emergency),28
39.795,-104.885,Parks & Trees,28
39.745,-104.91,General Information,28
39.69,-105.01,Animals,28
39.725,-104.905,Licensing & Permits,27
39.735,-104.925,Licensing & Permits,27
39.645,-104.915,Parking & Vehicles,27
39.685,-104.94500000000001,Encampments,27
39.785000000000004,-104.96000000000001,Solid Waste,27
39.695,-104.97500000000001,Parking & Vehicles,27
39.79,-104.8,Solid Waste,27
39.71,-104.94,Parking & Vehicles,27
39.725,-104.915,Neighborhood Inspection,27
39.675000000000004,-105.025,General Information,27
39.655,-104.925,Parking & Vehicles,27
39.775,-104.88,Licensing & Permits,27
39.75,-104.895,Licensing & Permits,27
39.65,-105.065,Solid Waste,27
39.71,-104.97500000000001,Public Safety (non-emergency),27
39.79,-104.895,Streets & Traffic,27
39.775,-104.955,Animals,27
39.730000000000004,-104.925,Animals,27
39.660000000000004,-105.05,General Information,27
39.660000000000004,-104.86500000000001,Streets & Traffic,27
39.68,-105.0,Licensing & Permits,27
39.675000000000004,-104.995,Parks & Trees,27
39.69,-104.895,General Information,27
39.68,-105.015,Licensing & Permits,27
39.665,-105.035,General Information,27
39.725,-104.935,Public Safety (non-emergency),27
39.76,-104.925,Parking & Vehicles,27
39.705,-105.03,Public Health & Noise,27
39.69,-104.99000000000001,Public Health & Noise,27
39.775,-104.985,Public Safety (non-emergency),27
39.660000000000004,-105.02,Solid Waste,27
39.660000000000004,-104.94500000000001,Streets & Traffic,27
39.77,-105.05,Animals,27
39.78,-105.03,General Information,27
39.68,-105.05,General Information,27
39.77,-104.74000000000001,General Information,27
39.65,-104.895,Public Safety (non-emergency),27
39.78,-105.005,Parking & Vehicles,27
39.755,-104.965,Public Safety (non-emergency),27
39.730000000000004,-104.955,Public Safety (non-emergency),27
39.755,-104.95,General Information,27
39.63,-104.9,Licensing & Permits,27
39.755,-104.93,Animals,27
39.69,-105.04,Animals,27
39.715,-104.905,Parking & Vehicles,27
39.785000000000004,-105.035,Public Health & Noise,27
39.800000000000004,-104.765,Parking & Vehicles,27
39.7,-104.91,Parking & Vehicles,27
39.755,-104.905,Public Safety (non-emergency),27
39.665,-105.08,Licensing & Permits,27
39.76,-104.92,Licensing & Permits,27
39.77,-104.91,Parking & Vehicles,27
39.685,-105.02,Public Safety (non-emergency),27
39.785000000000004,-104.83,Streets & Traffic,27
39.7,-104.96000000000001,Public Safety (non-emergency),27
39.775,-104.98,Public Health & Noise,27
39.730000000000004,-104.925,Public Health & Noise,27
39.785000000000004,-104.91,Encampments,27
39.75,-104.89,Public Health & Noise,27
39.78,-104.775,Public Safety (non-emergency),27
39.69,-104.905,General Information,27
39.78,-104.8,General Information,27
39.72,-104.875,Solid Waste,27
39.715,-105.04,Licensing & Permits,27
39.785000000000004,-104.99000000000001,Public Health & Noise,27
39.730000000000004,-104.97,Animals,27
39.725,-105.02,Streets & Traffic,27
39.645,-104.88,Public Health & Noise,27
39.755,-105.0,Animals,27
39.785000000000004,-104.82000000000001,Neighborhood Inspection,27
39.765,-104.995,Public Health & Noise,27
39.715,-104.9,General Information,27
39.69,-104.97500000000001,Licensing & Permits,27
39.78,-104.82000000000001,Licensing & Permits,27
39.72,-104.895,Licensing & Permits,27
39.755,-104.88,Streets & Traffic,27
39.78,-104.75,Animals,27
39.69,-104.935,General Information,27
39.755,-105.03,Public Safety (non-emergency),27
39.765,-104.92,Public Safety (non-emergency),27
39.67,-104.925,Streets & Traffic,27
39.79,-104.955,Encampments,27
39.660000000000004,-104.88,General Information,27
39.67,-104.955,General Information,27
39.755,-105.04,Licensing & Permits,27
39.65,-104.915,Solid Waste,27
39.675000000000004,-104.97,Public Health & Noise,27
39.675000000000004,-104.905,Parks & Trees,27
39.735,-105.005,Encampments,27
39.77,-104.985,Public Safety (non-emergency),27
39.67,-105.02,Public Safety (non-emergency),27
39.785000000000004,-104.83500000000001,Animals,27
39.67,-104.935,General Information,27
39.660000000000004,-104.9,Public Health & Noise,27
39.625,-104.91,Public Health & Noise,27
39.775,-104.895,Neighborhood Inspection,27
39.7,-105.02,Public Health & Noise,27
39.785000000000004,-104.955,Public Safety (non-emergency),27
39.685,-105.01,Animals,27
39.72,-105.005,Neighborhood Inspection,27
39.685,-105.015,Animals,27
39.78,-104.805,Licensing & Permits,27
39.78,-105.035,Public Safety (non-emergency),27
39.815,-104.765,Licensing & Permits,27
39.725,-105.03,Parks & Trees,27
39.695,-104.93,Public Safety (non-emergency),27
39.69,-105.045,Animals,27
39.79,-105.02,Licensing & Permits,27
39.75,-104.985,Parks & Trees,27
39.74,-104.935,Public Health & Noise,27
39.74,-104.955,Parks & Trees,27
39.67,-105.025,Public Health & Noise,27
39.7,-104.955,Licensing & Permits,27
39.725,-104.915,General Information,27
39.78,-104.84,Licensing & Permits,27
39.735,-105.01,Public Safety (non-emergency),27
39.765,-104.875,Solid Waste,27
39.76,-105.005,Parking & Vehicles,27
39.69,-105.015,Parking & Vehicles,27
39.655,-104.94,Neighborhood Inspection,27
39.79,-104.985,Licensing & Permits,27
39.745,-104.89,Animals,27
39.78,-104.935,Licensing & Permits,27
39.730000000000004,-105.02,Encampments,27
39.69,-105.04,Parking & Vehicles,27
39.785000000000004,-104.895,General Information,27
39.78,-104.98,Parking & Vehicles,27
39.78,-104.765,Parking & Vehicles,27
39.76,-104.96000000000001,Public Health & Noise,27
39.63,-105.09,Streets & Traffic,26
39.805,-104.88,Parking & Vehicles,26
39.725,-104.925,Parks & Trees,26
39.63,-104.89,Parks & Trees,26
39.745,-104.9,Public Safety (non-emergency),26
39.795,-104.955,Streets & Traffic,26
39.785000000000004,-104.76,Public Safety (non-emergency),26
39.68,-105.04,Parking & Vehicles,26
39.785000000000004,-104.815,Public Safety (non-emergency),26
39.745,-104.93,Parks & Trees,26
39.755,-104.905,Licensing & Permits,26
39.78,-104.92,Streets & Traffic,26
39.675000000000004,-104.875,General Information,26
39.675000000000004,-104.92,Neighborhood Inspection,26
39.76,-104.87,Public Safety (non-emergency),26
39.75,-104.995,Solid Waste,26
39.730000000000004,-105.015,Solid Waste,26
39.735,-105.055,Neighborhood Inspection,26
39.715,-104.985,Animals,26
39.725,-105.03,Animals,26
39.715,-104.985,Parks & Trees,26
39.675000000000004,-104.94500000000001,General Information,26
39.79,-104.78,Solid Waste,26
39.675000000000004,-104.985,Public Health & Noise,26
39.675000000000004,-105.025,Licensing & Permits,26
39.785000000000004,-104.76,Parking & Vehicles,26
39.705,-104.955,Neighborhood Inspection,26
39.775,-104.985,Animals,26
39.675000000000004,-104.91,Parks & Trees,26
39.72,-105.0,Animals,26
39.7,-105.0,Public Health & Noise,26
39.71,-104.875,Licensing & Permits,26
39.655,-105.065,Solid Waste,26
39.765,-105.05,Public Health & Noise,26
39.75,-105.01,Streets & Traffic,26
39.775,-104.83500000000001,Streets & Traffic,26
39.745,-104.925,General Information,26
39.745,-105.04,Parks & Trees,26
39.76,-104.99000000000001,Parking & Vehicles,26
39.715,-104.915,Solid Waste,26
39.655,-105.05,Streets & Traffic,26
39.76,-104.875,General Information,26
39.785000000000004,-105.005,Public Safety (non-emergency),26
39.800000000000004,-104.825,Solid Waste,26
39.705,-104.885,Public Health & Noise,26
39.695,-104.95,Licensing & Permits,26
39.730000000000004,-104.965,Parking & Vehicles,26
39.685,-104.99000000000001,Solid Waste,26
39.79,-104.95,Streets & Traffic,26
39.79,-104.89,Parking & Vehicles,26
39.765,-104.88,Neighborhood Inspection,26
39.795,-104.755,General Information,26
39.795,-104.845,Public Health & Noise,26
39.705,-104.94,Encampments,26
39.765,-105.015,Public Health & Noise,26
39.730000000000004,-104.95,Public Health & Noise,26
39.77,-104.905,Public Health & Noise,26
39.67,-104.94500000000001,Parking & Vehicles,26
39.63,-105.025,Solid Waste,26
39.78,-104.825,Animals,26
39.72,-104.905,Public Health & Noise,26
39.725,-104.995,Parks & Trees,26
39.68,-104.93,General Information,26
39.75,-104.935,Parking & Vehicles,26
39.795,-104.765,General Information,26
39.78,-104.735,General Information,26
39.735,-105.02,Solid Waste,26
39.77,-104.95,Parking & Vehicles,26
39.65,-105.065,Neighborhood Inspection,26
39.655,-104.875,Licensing & Permits,26
39.775,-104.97,Streets & Traffic,26
39.660000000000004,-104.935,Public Health & Noise,26
39.685,-105.045,Public Safety (non-emergency),26
39.735,-105.015,Public Safety (non-emergency),26
39.725,-104.895,Neighborhood Inspection,26
39.775,-104.98,Licensing & Permits,26
39.69,-105.05,Public Health & Noise,26
39.71,-104.88,Streets & Traffic,26
39.785000000000004,-104.955,Licensing & Permits,26
39.665,-104.93,Animals,26
39.795,-104.845,Public Safety (non-emergency),26
39.665,-104.965,Streets & Traffic,26
39.705,-105.015,Licensing & Permits,26
39.68,-105.01,Animals,26
39.730000000000004,-104.91,Parking & Vehicles,26
39.77,-104.89,Public Safety (non-emergency),26
39.74,-105.045,Encampments,26
39.68,-105.015,Animals,26
39.785000000000004,-104.86,Public Safety (non-emergency),26
39.665,-105.05,Streets & Traffic,26
39.655,-105.055,Encampments,26
39.695,-105.055,Licensing & Permits,26
39.775,-105.035,Parking & Vehicles,26
39.68,-104.91,Licensing & Permits,26
39.785000000000004,-104.805,Animals,26
39.775,-104.92,General Information,26
39.78,-104.97,Public Health & Noise,26
39.730000000000004,-105.025,General Information,26
39.79,-104.8,Public Safety (non-emergency),26
39.635,-105.095,Neighborhood Inspection,26
39.795,-104.83500000000001,Animals,26
39.795,-104.755,Streets & Traffic,26
39.675000000000004,-105.025,Encampments,26
39.78,-104.9,Streets & Traffic,26
39.77,-104.925,Public Health & Noise,26
39.635,-105.08500000000001,Licensing & Permits,26
39.755,-104.87,Parking & Vehicles,26
39.625,-104.91,Neighborhood Inspection,26
39.67,-105.02,Public Health & Noise,26
39.725,-104.91,Parking & Vehicles,26
39.67,-104.965,Licensing & Permits,26
39.765,-105.045,Public Safety (non-emergency),26
39.67,-104.91,Parking & Vehicles,26
39.685,-105.005,Solid Waste,26
39.715,-104.995,Licensing & Permits,26
39.775,-104.74000000000001,Public Safety (non-emergency),26
39.62,-105.095,Public Safety (non-emergency),26
39.725,-105.03,Encampments,26
39.78,-104.84,Solid Waste,26
39.775,-105.04,Licensing & Permits,26
39.795,-104.76,Parking & Vehicles,26
39.660000000000004,-104.92,Solid Waste,26
39.775,-104.985,Licensing & Permits,26
39.755,-104.955,General Information,26
39.7,-104.92,General Information,26
39.64,-104.885,General Information,26
39.775,-104.94,Parking & Vehicles,26
39.79,-105.055,Public Safety (non-emergency),26
39.715,-105.005,Parking & Vehicles,26
39.7,-105.0,Solid Waste,26
39.79,-104.83,Animals,26
39.74,-105.015,Licensing & Permits,26
39.735,-105.05,Animals,26
39.675000000000004,-104.93,Encampments,26
39.715,-104.895,General Information,26
39.67,-104.965,Animals,26
39.74,-104.92,Animals,26
39.79,-104.885,General Information,26
39.745,-104.995,Taxes & Property,26
39.69,-104.925,Parking & Vehicles,26
39.805,-104.77,Streets & Traffic,25
39.660000000000004,-104.9,Parks & Trees,25
39.76,-104.88,Parks & Trees,25
39.660000000000004,-104.9,Public Safety (non-emergency),25
39.71,-104.895,Solid Waste,25
39.655,-104.915,Parks & Trees,25
39.64,-104.89,Neighborhood Inspection,25
39.68,-104.99000000000001,Animals,25
39.655,-104.91,General Information,25
39.785000000000004,-104.97500000000001,Neighborhood Inspection,25
39.715,-105.045,Licensing & Permits,25
39.695,-105.02,Public Health & Noise,25
39.755,-104.92,General Information,25
39.675000000000004,-104.97,Animals,25
39.800000000000004,-104.78,General Information,25
39.665,-105.03,Public Safety (non-emergency),25
39.67,-104.91,Parks & Trees,25
39.730000000000004,-104.96000000000001,Licensing & Permits,25
39.7,-104.925,General Information,25
39.725,-104.88,Streets & Traffic,25
39.745,-105.045,Parking & Vehicles,25
39.745,-105.0,Public Health & Noise,25
39.785000000000004,-105.01,Animals,25
39.755,-104.97500000000001,"Clerk, DMV & Elections",25
39.755,-105.01,Public Health & Noise,25
39.775,-105.01,Public Safety (non-emergency),25
39.615,-105.07000000000001,Streets & Traffic,25
39.695,-104.895,Streets & Traffic,25
39.76,-104.925,Animals,25
39.78,-105.05,Animals,25
39.705,-104.89,Solid Waste,25
39.730000000000004,-105.01,Streets & Traffic,25
39.725,-104.97,Public Health & Noise,25
39.67,-104.87,Parking & Vehicles,25
39.715,-105.02,Parks & Trees,25
39.755,-104.925,Licensing & Permits,25
39.63,-105.03,Parking & Vehicles,25
39.725,-105.045,Public Safety (non-emergency),25
39.78,-104.95,Neighborhood Inspection,25
39.74,-104.985,Animals,25
39.775,-104.77,Animals,25
39.660000000000004,-105.075,Neighborhood Inspection,25
39.765,-104.955,Animals,25
39.7,-104.98,Public Health & Noise,25
39.7,-105.01,Public Health & Noise,25
39.705,-104.98,Public Health & Noise,25
39.75,-104.94,General Information,25
39.72,-105.04,Licensing & Permits,25
39.76,-104.89,Public Health & Noise,25
39.765,-104.94500000000001,Parking & Vehicles,25
39.655,-104.89,Solid Waste,25
39.65,-104.88,Parking & Vehicles,25
39.7,-104.885,Public Safety (non-emergency),25
39.71,-105.055,Neighborhood Inspection,25
39.695,-104.965,Parking & Vehicles,25
39.675000000000004,-104.935,Licensing & Permits,25
39.785000000000004,-104.94500000000001,Encampments,25
39.695,-105.03,Public Health & Noise,25
39.735,-104.965,Animals,25
39.74,-105.025,Solid Waste,25
39.775,-104.815,Animals,25
39.685,-104.955,Licensing & Permits,25
39.775,-104.735,Streets & Traffic,25
39.775,-104.935,Solid Waste,25
39.77,-104.91,Encampments,25
39.665,-105.03,General Information,25
39.77,-104.97,Parks & Trees,25
39.69,-104.97500000000001,Public Safety (non-emergency),25
39.665,-105.045,Public Safety (non-emergency),25
39.705,-105.005,Licensing & Permits,25
39.695,-104.925,Public Safety (non-emergency),25
39.81,-104.78,General Information,25
39.660000000000004,-105.065,Parks & Trees,25
39.77,-105.005,Taxes & Property,25
39.765,-104.895,Neighborhood Inspection,25
39.69,-104.915,Public Safety (non-emergency),25
39.79,-105.005,Public Safety (non-emergency),25
39.795,-104.74000000000001,General Information,25
39.685,-104.97500000000001,Licensing & Permits,25
39.675000000000004,-105.035,Animals,25
39.635,-105.105,Neighborhood Inspection,25
39.74,-105.015,Public Safety (non-emergency),25
39.755,-104.855,Public Safety (non-emergency),25
39.78,-104.805,General Information,25
39.705,-104.89,Neighborhood Inspection,25
39.63,-104.91,Licensing & Permits,25
39.72,-104.89,Public Safety (non-emergency),25
39.77,-104.94500000000001,Parking & Vehicles,25
39.68,-104.95,General Information,25
39.775,-104.77,Public Safety (non-emergency),25
39.77,-104.96000000000001,Public Safety (non-emergency),25
39.730000000000004,-105.015,Public Health & Noise,25
39.695,-104.94,Parking & Vehicles,25
39.78,-104.745,Public Safety (non-emergency),25
39.7,-104.88,Public Health & Noise,25
39.71,-104.91,Public Safety (non-emergency),25
39.685,-105.03,Public Safety (non-emergency),25
39.685,-104.905,Neighborhood Inspection,25
39.825,-104.775,Public Safety (non-emergency),25
39.63,-104.91,Encampments,25
39.75,-105.01,Public Health & Noise,25
39.62,-105.095,Licensing & Permits,25
39.68,-105.05,Public Health & Noise,25
39.7,-104.955,Parking & Vehicles,25
39.68,-104.93,Public Health & Noise,25
39.675000000000004,-104.98,Neighborhood Inspection,25
39.785000000000004,-104.815,Neighborhood Inspection,25
39.775,-104.96000000000001,Solid Waste,25
39.64,-105.035,Neighborhood Inspection,25
39.655,-104.88,Parking & Vehicles,25
39.74,-104.95,Animals,25
39.67,-105.04,General Information,25
39.79,-105.02,Public Safety (non-emergency),25
39.68,-104.91,General Information,25
39.77,-104.75,General Information,25
39.76,-104.97,Encampments,25
39.77,-104.96000000000001,General Information,25
39.7,-105.005,Public Safety (non-emergency),25
39.63,-104.9,Neighborhood Inspection,25
39.69,-104.915,Parking & Vehicles,25
39.72,-105.02,Public Safety (non-emergency),25
39.665,-104.965,General Information,25
39.75,-104.89,General Information,25
39.775,-104.815,General Information,25
39.665,-104.875,Parking & Vehicles,25
39.82,-104.775,Neighborhood Inspection,25
39.79,-104.95,Parking & Vehicles,25
39.775,-104.985,General Information,25
39.695,-104.965,Animals,25
39.655,-105.05,Solid Waste,25
39.635,-105.035,Public Health & Noise,25
39.705,-104.87,Parks & Trees,25
39.775,-104.83,General Information,25
39.78,-104.75,Neighborhood Inspection,25
39.69,-105.0,Streets & Traffic,25
39.65,-105.06,General Information,25
39.72,-105.02,Animals,25
39.71,-104.89,Animals,25
39.660000000000004,-104.91,Encampments,25
39.785000000000004,-104.935,Public Health & Noise,25
39.71,-105.005,Animals,25
39.705,-104.995,Public Health & Noise,25
39.755,-105.015,Solid Waste,25
39.705,-104.88,Licensing & Permits,25
39.775,-105.045,Encampments,25
39.68,-105.01,Public Safety (non-emergency),25
39.735,-105.055,Encampments,25
39.795,-104.845,Animals,25
39.68,-105.045,General Information,25
39.765,-104.94500000000001,Parks & Trees,25
39.705,-104.92,Encampments,25
39.77,-105.03,Animals,25
39.69,-105.035,Public Safety (non-emergency),25
