{
"type": "FeatureCollection",
"name": "neighborhoods_metrics",
"features": [
{ "type": "Feature", "properties": { "nbhd_id": 2, "neighborhood": "Auraria", "council_district": 9, "population": 692, "per_capita_income": 27609, "pct_poverty": 9.375, "pct_renters": 42.25352112676056, "field_requests": 1244, "field_requests_2025": 232, "field_requests_per_1k_per_year": 256.8125516102395, "top_category": "Streets & Traffic", "share_open_in_file": 0.041800643086816719, "wait_index": 0.53582876386483858, "ranked_requests": 474, "p50_days": 1.9217766203703703 }, "geometry": { "type": "Polygon", "coordinates": [ [ [ -105.000421583231002, 39.745519884041499 ], [ -105.000414521080003, 39.745385669261402 ], [ -105.000411238816, 39.745347221801602 ], [ -105.000405311879007, 39.745180764994402 ], [ -105.000398950025996, 39.745075388730498 ], [ -105.000389081315006, 39.7449631344181 ], [ -105.000365394168995, 39.744793857181598 ], [ -105.000341728425994, 39.744621491742798 ], [ -105.000324891586999, 39.744488961373499 ], [ -105.000301595964999, 39.744264780445803 ], [ -105.000295926627004, 39.744062293593899 ], [ -105.000290273855001, 39.743857404367603 ], [ -105.000287292479001, 39.743776749530397 ], [ -105.000271044505993, 39.743686430042104 ], [ -105.000254002622995, 39.743582724284799 ], [ -105.000219143945003, 39.7434840899354 ], [ -105.000184148867007, 39.743404671970197 ], [ -105.000135066072005, 39.743305976972898 ], [ -105.000096495733999, 39.743229288942601 ], [ -105.000044724215996, 39.743133671008302 ], [ -105.000009575190006, 39.743075871334199 ], [ -104.9999886186, 39.743022592733503 ], [ -104.999946589933003, 39.742932163778697 ], [ -104.999908117103004, 39.7428417497159 ], [ -104.999874224313004, 39.7427324814957 ], [ -104.999839425844996, 39.742625611641301 ], [ -104.999793861087994, 39.742532422031502 ], [ -104.999744992920995, 39.742403873319198 ], [ -104.999702925579001, 39.742318934298503 ], [ -104.999654567239006, 39.742243577280497 ], [ -104.999542335639006, 39.742024508285901 ], [ -104.999524818314001, 39.741987716139697 ], [ -104.999487062159005, 39.741921669225498 ], [ -104.999434344687998, 39.741834282913103 ], [ -104.999385206040998, 39.741743823116401 ], [ -104.999336145127003, 39.741642383004702 ], [ -104.999298524078995, 39.7415574627287 ], [ -104.999119465009997, 39.741235504842599 ], [ -104.999113338124999, 39.741222095909102 ], [ -104.999095774143001, 39.7411918229758 ], [ -104.999074691101995, 39.741156387973497 ], [ -104.999057186236001, 39.741117879666703 ], [ -104.999043197419994, 39.741084876938203 ], [ -104.999025729357996, 39.741041221344901 ], [ -104.998979970858002, 39.740975483498701 ], [ -104.998951798090999, 39.740936929952902 ], [ -104.998930734810997, 39.740898749798603 ], [ -104.998910619612005, 39.7408523377064 ], [ -104.998889754979999, 39.740786362294898 ], [ -104.998865390964994, 39.740712479681903 ], [ -104.998854995428999, 39.740674345392101 ], [ -104.998837549656002, 39.740627601274802 ], [ -104.998816544866003, 39.740581185171798 ], [ -104.998777889115999, 39.740516850088298 ], [ -104.998749753496, 39.740473149406903 ], [ -104.998694277979993, 39.740398790692502 ], [ -104.998623921369003, 39.740292112061603 ], [ -104.998613704608005, 39.740274472906897 ], [ -104.998566933180001, 39.740193717891898 ], [ -104.998911720186996, 39.740207919099802 ], [ -104.999066122729005, 39.740214331340297 ], [ -104.999969994775, 39.740208484519897 ], [ -105.000049587936999, 39.740207969136101 ], [ -105.000116937000996, 39.7402075330237 ], [ -105.000145847328, 39.740206879597103 ], [ -105.001569573801007, 39.740174679501401 ], [ -105.001724965050002, 39.740171164176999 ], [ -105.00282160754, 39.7401588464055 ], [ -105.003546923537002, 39.740150697964097 ], [ -105.004125826120003, 39.740149383324201 ], [ -105.004417590418001, 39.7401656347594 ], [ -105.004777404986996, 39.740189683203397 ], [ -105.005234368496005, 39.740209742159799 ], [ -105.005886946987999, 39.7402383848613 ], [ -105.006433308957995, 39.740262363305298 ], [ -105.009346658439, 39.740335011587703 ], [ -105.010866674241001, 39.740372886941202 ], [ -105.014577891667997, 39.740448344217803 ], [ -105.015322817910004, 39.740466436237902 ], [ -105.017385186303002, 39.740515535705597 ], [ -105.017329309291995, 39.740669214387999 ], [ -105.017219991066, 39.740923389338199 ], [ -105.017061721649, 39.741314625844304 ], [ -105.016593525397994, 39.7425593948333 ], [ -105.016491828599996, 39.742867818845397 ], [ -105.016439260919, 39.743013444661301 ], [ -105.016412176873999, 39.743073385924802 ], [ -105.016337402690993, 39.7432161754775 ], [ -105.016261337779994, 39.743389931410697 ], [ -105.016070035360002, 39.743826925518299 ], [ -105.015950316336998, 39.744040906776398 ], [ -105.015844939222006, 39.744237788449396 ], [ -105.015840201659998, 39.744250617097698 ], [ -105.015799640175004, 39.7443604524927 ], [ -105.015750508517002, 39.744523249920199 ], [ -105.015730831422005, 39.744669010931403 ], [ -105.015699507994, 39.744956447971099 ], [ -105.015678449584001, 39.745302263707202 ], [ -105.015630215670001, 39.745849743371302 ], [ -105.015621630878002, 39.746062809119302 ], [ -105.015619656542995, 39.746348651015701 ], [ -105.015618322142004, 39.746541842727098 ], [ -105.015609275621998, 39.746693137712597 ], [ -105.015593074110001, 39.746979264156998 ], [ -105.015575975995006, 39.747266416101901 ], [ -105.015556348439006, 39.747545774843402 ], [ -105.015543437106004, 39.747729543941198 ], [ -105.015475253806997, 39.748461559896 ], [ -105.015443920525001, 39.748750025858797 ], [ -105.015374265885995, 39.749180057535398 ], [ -105.015309203653004, 39.749460148556501 ], [ -105.015267475216007, 39.749580081434999 ], [ -105.015192523652999, 39.749747233154601 ], [ -105.015158304140996, 39.749809889946903 ], [ -105.015139405449005, 39.749842754977699 ], [ -105.015083828962005, 39.749908068952301 ], [ -105.014956766073993, 39.750024904875701 ], [ -105.014781535666998, 39.750164190537397 ], [ -105.014684997700002, 39.750238257465803 ], [ -105.014602805070993, 39.750295225714297 ], [ -105.014398479619004, 39.750398702517899 ], [ -105.013588126917995, 39.750835625714501 ], [ -105.013498897744995, 39.7508812402045 ], [ -105.013439161392, 39.7509050140049 ], [ -105.013375834737005, 39.750933577470803 ], [ -105.013301860778995, 39.750959008303703 ], [ -105.013111945329001, 39.751035432736799 ], [ -105.012963839394999, 39.751108941770802 ], [ -105.012773584863993, 39.7512340929472 ], [ -105.012527907028002, 39.751401908393099 ], [ -105.012233681471002, 39.751646389349901 ], [ -105.012054584168993, 39.751828892526902 ], [ -105.011677977687, 39.752156074341102 ], [ -105.011607139714002, 39.752241569490103 ], [ -105.011536270752998, 39.752331525730199 ], [ -105.011487839745001, 39.752391377088202 ], [ -105.011394754657005, 39.752479524702501 ], [ -105.011319590056999, 39.752547844255503 ], [ -105.011185462808996, 39.752656067854502 ], [ -105.010824193285998, 39.752950367559201 ], [ -105.010652601988994, 39.753075592424899 ], [ -105.010523000288998, 39.753172167005999 ], [ -105.010269197484007, 39.753355729080901 ], [ -105.010169156738996, 39.753420855656302 ], [ -105.010020131725, 39.753497445495299 ], [ -105.009920148171005, 39.753554336319397 ], [ -105.009763609014996, 39.753688201649403 ], [ -105.009489391760994, 39.753927001933299 ], [ -105.009397712131005, 39.7540068419368 ], [ -105.009356491976007, 39.754052309593199 ], [ -105.009330425743997, 39.75409235043 ], [ -105.009271142033001, 39.754177892099101 ], [ -105.009154611656001, 39.754311923405403 ], [ -105.009069623876002, 39.754385690706599 ], [ -105.009006163066999, 39.754432781585997 ], [ -105.00871932583, 39.754634389922202 ], [ -105.008629930016994, 39.754702647918698 ], [ -105.008578157208007, 39.754731257020197 ], [ -105.008540752827003, 39.754739679737497 ], [ -105.008436662232995, 39.7547478239482 ], [ -105.008344130202005, 39.754756016350598 ], [ -105.008270251520997, 39.754767032005098 ], [ -105.008217839531994, 39.754782702607699 ], [ -105.008186492834994, 39.754792075557297 ], [ -105.008186106126999, 39.7547826706341 ], [ -105.008183453775999, 39.754718284073299 ], [ -105.008173282485004, 39.754647208326098 ], [ -105.008166876809995, 39.754546293631698 ], [ -105.008132213308002, 39.754417465307398 ], [ -105.008107938329005, 39.754328829483597 ], [ -105.008038885271006, 39.754159021539301 ], [ -105.007983111594996, 39.753997504982102 ], [ -105.007948504344, 39.753860784408801 ], [ -105.007917617717993, 39.7537007442385 ], [ -105.007889721569001, 39.753621358603297 ], [ -105.007859023197994, 39.753561178138298 ], [ -105.007827380370003, 39.7535088858656 ], [ -105.007770916373005, 39.753445852033103 ], [ -105.007609183279996, 39.7533058541987 ], [ -105.007566716971994, 39.753275478860402 ], [ -105.007510137908994, 39.753228915920502 ], [ -105.007387192156003, 39.753136778863698 ], [ -105.007257256759004, 39.753027110829002 ], [ -105.007115804159994, 39.752911561054198 ], [ -105.006968164205006, 39.752790838222502 ], [ -105.006763833237997, 39.752639679350402 ], [ -105.006577179494002, 39.752503693338703 ], [ -105.006503787990994, 39.752445735713103 ], [ -105.006445657634998, 39.752401725391202 ], [ -105.006355203257002, 39.752333243250703 ], [ -105.006179230239994, 39.752195928987398 ], [ -105.005928997276996, 39.751997906660897 ], [ -105.005799037309004, 39.751892355442699 ], [ -105.005707961425998, 39.751820596469798 ], [ -105.005587714862997, 39.751724693581501 ], [ -105.005411744878998, 39.751587377738304 ], [ -105.005056184835993, 39.751321996070303 ], [ -105.004897863156998, 39.751203970363001 ], [ -105.004774064578996, 39.751107708646003 ], [ -105.004608691787993, 39.750981074206301 ], [ -105.004443355969997, 39.750849292214298 ], [ -105.003950667913998, 39.750487931859801 ], [ -105.003784367717003, 39.7503671258279 ], [ -105.003608520745004, 39.750213336381101 ], [ -105.003404437813998, 39.750029229657599 ], [ -105.003274449358997, 39.749928822239902 ], [ -105.003214299595001, 39.749884987681 ], [ -105.003055928589006, 39.749774852015001 ], [ -105.002940133977006, 39.749678965267897 ], [ -105.002785378720006, 39.749560608755203 ], [ -105.002654415015996, 39.749472550245898 ], [ -105.002517227476005, 39.749384465679498 ], [ -105.002291636541997, 39.749224973156899 ], [ -105.002193509207999, 39.749145631898003 ], [ -105.002034310829998, 39.749027255770898 ], [ -105.001932571187993, 39.7489557918217 ], [ -105.001795444337006, 39.748859470700801 ], [ -105.001714095736006, 39.748796328469297 ], [ -105.001524227187005, 39.7486150236806 ], [ -105.001467773054998, 39.748551986911899 ], [ -105.001405270999001, 39.7484642169537 ], [ -105.001306917989993, 39.748291878838998 ], [ -105.001205570939007, 39.748165510469299 ], [ -105.00113881723, 39.748050612969202 ], [ -105.001040845752996, 39.747824743381301 ], [ -105.001017173177999, 39.747777973775598 ], [ -105.000953800427993, 39.747687797781097 ], [ -105.000918687443999, 39.7476245080924 ], [ -105.000866310060999, 39.747526642079002 ], [ -105.000866042319004, 39.747526141788903 ], [ -105.000807486469995, 39.747383826340602 ], [ -105.000769049693005, 39.747287922476602 ], [ -105.000737597946994, 39.747209892429098 ], [ -105.000709517576993, 39.747157956574199 ], [ -105.000667331312997, 39.747089145985399 ], [ -105.000626051335004, 39.747017937149899 ], [ -105.000594356277006, 39.746974221926301 ], [ -105.000548513712005, 39.746919465249803 ], [ -105.000471661034993, 39.746724912086101 ], [ -105.000448240983999, 39.746642798233601 ], [ -105.000423912146005, 39.746563425515497 ], [ -105.000413808507005, 39.746484113329601 ], [ -105.000414177634994, 39.746432298207502 ], [ -105.000414478318007, 39.746390090895602 ], [ -105.000442681237999, 39.745925575789201 ], [ -105.000436446373001, 39.745802355735997 ], [ -105.000421583231002, 39.745519884041499 ] ] ] } },
{ "type": "Feature", "properties": { "nbhd_id": 21, "neighborhood": "Cory - Merrill", "council_district": 6, "population": 4319, "per_capita_income": 88195, "pct_poverty": 7.1630537229029221, "pct_renters": 16.769489624228829, "field_requests": 4694, "field_requests_2025": 552, "field_requests_per_1k_per_year": 155.26080772665628, "top_category": "Streets & Traffic", "share_open_in_file": 0.070089475926714953, "wait_index": 0.53329834558936129, "ranked_requests": 1416, "p50_days": 3.8705092592592591 }, "geometry": { "type": "Polygon", "coordinates": [ [ [ -104.940696653426002, 39.695404504720599 ], [ -104.940695895778006, 39.694762427179597 ], [ -104.940632850525006, 39.694762471493 ], [ -104.940632920786001, 39.694756427532297 ], [ -104.940629953094998, 39.692941829168902 ], [ -104.940647994090995, 39.691129780494599 ], [ -104.940628959291999, 39.6893214025379 ], [ -104.940651398140005, 39.687493169767599 ], [ -104.940692957715996, 39.685686954972503 ], [ -104.940708408603996, 39.684892561842602 ], [ -104.940688958264005, 39.6844420394712 ], [ -104.940688110818002, 39.683433814465999 ], [ -104.940687394974006, 39.683128279689001 ], [ -104.940686780164, 39.683043211072203 ], [ -104.940687294851003, 39.682962315723799 ], [ -104.940985474306999, 39.683047678462799 ], [ -104.941246713745997, 39.683122465175899 ], [ -104.941939084531995, 39.683292207714601 ], [ -104.943060370880005, 39.683573885124602 ], [ -104.943765815453006, 39.683738962317101 ], [ -104.944899840483004, 39.684031263377399 ], [ -104.946176917607005, 39.684303892249098 ], [ -104.946870290103007, 39.684424202982903 ], [ -104.947858112789007, 39.684558898025699 ], [ -104.948619148779002, 39.684637249107297 ], [ -104.949599123284003, 39.684700364181097 ], [ -104.950078693083, 39.684718865075901 ], [ -104.950328388412998, 39.6847228494494 ], [ -104.950602946306006, 39.684727229918003 ], [ -104.951231548720003, 39.684737256550399 ], [ -104.953747934044998, 39.684739220900298 ], [ -104.955493954147002, 39.6847298608998 ], [ -104.958563694280002, 39.6847261782749 ], [ -104.959447130437994, 39.684728733927003 ], [ -104.959447441017005, 39.684865631811299 ], [ -104.959446801726003, 39.685022074594002 ], [ -104.959446304837996, 39.685143696679297 ], [ -104.959444208413004, 39.686368673902102 ], [ -104.959394675788005, 39.6875066709161 ], [ -104.959352683553007, 39.689305204958799 ], [ -104.959344193039001, 39.6911481523059 ], [ -104.959343141282005, 39.692962930550401 ], [ -104.959337181332998, 39.694774470202297 ], [ -104.959321475004998, 39.696582531860997 ], [ -104.958103414793001, 39.6965834462993 ], [ -104.956963531004007, 39.696584707489897 ], [ -104.955822811150995, 39.696579434402999 ], [ -104.954669616716998, 39.696578896554598 ], [ -104.953516392645, 39.696582122416601 ], [ -104.952355164647997, 39.696586328792201 ], [ -104.951193147666999, 39.696577823223599 ], [ -104.950018617406997, 39.696578856206798 ], [ -104.948844138382, 39.696573357533602 ], [ -104.947686512947996, 39.696571358061 ], [ -104.946528862704994, 39.6965724352671 ], [ -104.945371212685998, 39.696573501279197 ], [ -104.944188711419002, 39.696571349647897 ], [ -104.943026619164996, 39.696572371784796 ], [ -104.941881458359006, 39.696566942426301 ], [ -104.941316393864, 39.696568720696597 ], [ -104.940698030890005, 39.696569555855497 ], [ -104.940696653426002, 39.695404504720599 ] ] ] } },
{ "type": "Feature", "properties": { "nbhd_id": 71, "neighborhood": "Washington Park West", "council_district": 7, "population": 7978, "per_capita_income": 163757, "pct_poverty": 7.1321133116069193, "pct_renters": 44.709816097444474, "field_requests": 9385, "field_requests_2025": 1211, "field_requests_per_1k_per_year": 168.05142713891775, "top_category": "Streets & Traffic", "share_open_in_file": 0.064144912093766646, "wait_index": 0.53004283231838112, "ranked_requests": 2895, "p50_days": 3.9704282407407407 }, "geometry": { "type": "Polygon", "coordinates": [ [ [ -104.973424217201995, 39.689823973084998 ], [ -104.973560070844002, 39.689890611243101 ], [ -104.973605648543995, 39.689912966483902 ], [ -104.974740664419002, 39.690482636208401 ], [ -104.975176304594996, 39.690724269910199 ], [ -104.975787636898005, 39.691120086431901 ], [ -104.976160986262997, 39.6913949951416 ], [ -104.976797709078994, 39.691929525027099 ], [ -104.978139475282006, 39.693140111797298 ], [ -104.979098519323998, 39.694005358257101 ], [ -104.979107541344007, 39.694013497831399 ], [ -104.979414176060999, 39.6942845191396 ], [ -104.979884312558994, 39.694700047274402 ], [ -104.980272819239005, 39.695027740895902 ], [ -104.981050153056998, 39.695641180112901 ], [ -104.981170409621001, 39.695742379915998 ], [ -104.982027445618996, 39.696489191258998 ], [ -104.982218069053005, 39.696657748532402 ], [ -104.982769559985996, 39.696659576105702 ], [ -104.983942651416996, 39.696620413744299 ], [ -104.985070486918005, 39.6966253482029 ], [ -104.986219401111995, 39.696628211650101 ], [ -104.987430740280999, 39.696634305869203 ], [ -104.987475490397998, 39.700212907609398 ], [ -104.987477147944006, 39.700345460056198 ], [ -104.987469590147995, 39.701015282002899 ], [ -104.987475311937999, 39.701185627888002 ], [ -104.987494895213004, 39.701267223499897 ], [ -104.987528987081006, 39.7014092719537 ], [ -104.987540358744994, 39.701530511284297 ], [ -104.987546274413006, 39.701727470264998 ], [ -104.987557518489993, 39.701920554047398 ], [ -104.987561937498995, 39.7019964455056 ], [ -104.987528056323001, 39.702134247986798 ], [ -104.987487911307994, 39.702642984607003 ], [ -104.987488044434997, 39.703354705372597 ], [ -104.987488644723001, 39.7038807766559 ], [ -104.987557771208998, 39.705730382185997 ], [ -104.987622781721996, 39.707535700660003 ], [ -104.987601803919006, 39.708461461404099 ], [ -104.987598080243004, 39.7093365090182 ], [ -104.987581714756999, 39.710238954426899 ], [ -104.987575003439005, 39.7111579131304 ], [ -104.986963623134997, 39.711158679808001 ], [ -104.986369126331994, 39.7111595166337 ], [ -104.985779097489996, 39.711156938640698 ], [ -104.985194400940998, 39.711154381025999 ], [ -104.984612382315007, 39.711150116690298 ], [ -104.984014369030007, 39.7111457790594 ], [ -104.983432337853003, 39.711143224377402 ], [ -104.982781885362002, 39.711140365968902 ], [ -104.982135925430995, 39.711130660294103 ], [ -104.98212792823, 39.711130625084202 ], [ -104.982104824749001, 39.711130523361497 ], [ -104.981531723171997, 39.711122164932597 ], [ -104.980969236369006, 39.711120370518799 ], [ -104.980382755066998, 39.711118810598101 ], [ -104.979798078865997, 39.711113481007096 ], [ -104.979225843619005, 39.711108203592303 ], [ -104.978662485998001, 39.7111039920308 ], [ -104.978082245541003, 39.711099703009999 ], [ -104.977497518305995, 39.7111012250557 ], [ -104.976907460166998, 39.711102720487297 ], [ -104.976320958551, 39.711103885211898 ], [ -104.975736231762994, 39.711105398504301 ], [ -104.975153284410993, 39.711106573650099 ], [ -104.974560562498993, 39.7111077018915 ], [ -104.973966954494998, 39.711108480354497 ], [ -104.973392898529994, 39.711109000279897 ], [ -104.973376292905002, 39.709295998835401 ], [ -104.973373845924996, 39.707490952004598 ], [ -104.973373268797005, 39.705673559025399 ], [ -104.973378867254993, 39.703862025894402 ], [ -104.973383525456995, 39.702057350708699 ], [ -104.973389440163004, 39.700203607597899 ], [ -104.973400960815994, 39.698431561401598 ], [ -104.973381101022994, 39.698354946713202 ], [ -104.973388017133004, 39.696604498194397 ], [ -104.973412615743996, 39.694747060414898 ], [ -104.973413938236007, 39.692971598399701 ], [ -104.973426292152993, 39.691133563937399 ], [ -104.973426852190002, 39.690746938607099 ], [ -104.973426401899005, 39.690472004473698 ], [ -104.973417745597999, 39.6900020428467 ], [ -104.973424217201995, 39.689823973084998 ] ] ] } },
{ "type": "Feature", "properties": { "nbhd_id": 70, "neighborhood": "Washington Park", "council_district": 6, "population": 7672, "per_capita_income": 276774, "pct_poverty": 3.9363920750782064, "pct_renters": 18.051910177894428, "field_requests": 8607, "field_requests_2025": 1055, "field_requests_per_1k_per_year": 160.26739162818413, "top_category": "Streets & Traffic", "share_open_in_file": 0.06134541652143604, "wait_index": 0.52469215694481364, "ranked_requests": 2391, "p50_days": 3.8181828703703702 }, "geometry": { "type": "Polygon", "coordinates": [ [ [ -104.959308766432997, 39.715657065331698 ], [ -104.959306901283, 39.715312948267297 ], [ -104.959302567156001, 39.714513306100301 ], [ -104.9593007255, 39.714173602213599 ], [ -104.959301765565996, 39.713993337870001 ], [ -104.959307664419001, 39.712970619808303 ], [ -104.959314842284996, 39.7117262100668 ], [ -104.959314248854, 39.711187619990604 ], [ -104.959261006209005, 39.711117975291401 ], [ -104.959308641052999, 39.710932886247399 ], [ -104.959327434822001, 39.709301233702597 ], [ -104.959328059781001, 39.707490365641597 ], [ -104.959323140734, 39.707321506798003 ], [ -104.959328782474998, 39.705666799657301 ], [ -104.959359555682994, 39.703863960405798 ], [ -104.959333683835993, 39.702032377083597 ], [ -104.959328067570993, 39.700224220838301 ], [ -104.959328816888004, 39.6983972185376 ], [ -104.959321475004998, 39.696582531860997 ], [ -104.959337181332998, 39.694774470202297 ], [ -104.959343141282005, 39.692962930550401 ], [ -104.959344193039001, 39.6911481523059 ], [ -104.959352683553007, 39.689305204958799 ], [ -104.959394675788005, 39.6875066709161 ], [ -104.959444208413004, 39.686368673902102 ], [ -104.959446304837996, 39.685143696679297 ], [ -104.959446801726003, 39.685022074594002 ], [ -104.959447441017005, 39.684865631811299 ], [ -104.959447130437994, 39.684728733927003 ], [ -104.960048385118, 39.684730469368297 ], [ -104.961170170694999, 39.684731970165402 ], [ -104.961744320763003, 39.684767980011401 ], [ -104.962156822658002, 39.684809428591599 ], [ -104.962618226079996, 39.684876568795602 ], [ -104.963168226652002, 39.684998256741103 ], [ -104.963701519728005, 39.685146571676299 ], [ -104.964237657168994, 39.685341875834503 ], [ -104.964645964320994, 39.685514342737299 ], [ -104.965299643467006, 39.685823915380297 ], [ -104.968191387925003, 39.687253809028 ], [ -104.968607838645994, 39.687458900541003 ], [ -104.968842021691003, 39.687574228351302 ], [ -104.969913350297006, 39.688101814687698 ], [ -104.973282403105998, 39.689754416258999 ], [ -104.973424217201995, 39.689823973084998 ], [ -104.973417745597999, 39.6900020428467 ], [ -104.973426401899005, 39.690472004473698 ], [ -104.973426852190002, 39.690746938607099 ], [ -104.973426292152993, 39.691133563937399 ], [ -104.973413938236007, 39.692971598399701 ], [ -104.973412615743996, 39.694747060414898 ], [ -104.973388017133004, 39.696604498194397 ], [ -104.973381101022994, 39.698354946713202 ], [ -104.973400960815994, 39.698431561401598 ], [ -104.973389440163004, 39.700203607597899 ], [ -104.973383525456995, 39.702057350708699 ], [ -104.973378867254993, 39.703862025894402 ], [ -104.973373268797005, 39.705673559025399 ], [ -104.973373845924996, 39.707490952004598 ], [ -104.973376292905002, 39.709295998835401 ], [ -104.973392898529994, 39.711109000279897 ], [ -104.973394067721998, 39.711545164822901 ], [ -104.973397105299995, 39.7129164545034 ], [ -104.973392387749001, 39.714729014944098 ], [ -104.973145332862003, 39.714729625458503 ], [ -104.973145981276005, 39.716536717496297 ], [ -104.973150950421996, 39.718005128169899 ], [ -104.973232162977993, 39.718196632898596 ], [ -104.973247941422002, 39.718403558095403 ], [ -104.973137479849996, 39.718378770608602 ], [ -104.973021268118003, 39.718350796977802 ], [ -104.972953943695998, 39.718335682342001 ], [ -104.972873101852002, 39.718317532809003 ], [ -104.972763111261003, 39.718289586999298 ], [ -104.972703672235994, 39.718275594262202 ], [ -104.972106634419006, 39.718133592868099 ], [ -104.971852003080997, 39.7180765145499 ], [ -104.971773902256004, 39.718062437552497 ], [ -104.971682533313995, 39.718040064810999 ], [ -104.971551274093997, 39.718004129614897 ], [ -104.971413673173004, 39.717984294401802 ], [ -104.971325858582006, 39.717961937353003 ], [ -104.971208881093006, 39.717917830304401 ], [ -104.971110423911, 39.717892679867603 ], [ -104.970982740935, 39.717854014877297 ], [ -104.970895164929999, 39.717800087881201 ], [ -104.970795961530996, 39.717756060160603 ], [ -104.970750783802998, 39.717736639516097 ], [ -104.970683368476998, 39.717719864630602 ], [ -104.970587533461995, 39.717700559299999 ], [ -104.970485625505006, 39.717661666432299 ], [ -104.970334052661002, 39.717609166717502 ], [ -104.970245454321997, 39.717573079153297 ], [ -104.970136476153996, 39.717529006447897 ], [ -104.970090472102001, 39.717501346572 ], [ -104.970019779899999, 39.717447837896799 ], [ -104.969939280690994, 39.717398403040299 ], [ -104.969865005559996, 39.717348653048099 ], [ -104.969790769431995, 39.717293756043397 ], [ -104.969721038946005, 39.717230642843298 ], [ -104.969629340820006, 39.717134487433398 ], [ -104.969538510583007, 39.717041081046297 ], [ -104.969429140366003, 39.71693146258 ], [ -104.969355938758, 39.716857352604002 ], [ -104.969278335921004, 39.716777731799901 ], [ -104.969214806104006, 39.716717392297603 ], [ -104.969145058014007, 39.716656680714699 ], [ -104.969077881198004, 39.716608678187498 ], [ -104.968990191143007, 39.716570191348097 ], [ -104.968905294858004, 39.716514902310202 ], [ -104.968841724360999, 39.716460052635497 ], [ -104.968793198230003, 39.716413506572202 ], [ -104.968733327934004, 39.716339456591598 ], [ -104.968714241257999, 39.716318996017897 ], [ -104.968620491338001, 39.716218497002799 ], [ -104.968490882495004, 39.716082705493498 ], [ -104.968459242041007, 39.716036235980901 ], [ -104.968400221796003, 39.715967337153003 ], [ -104.968343885850999, 39.7158960477161 ], [ -104.968269818639996, 39.7158191876266 ], [ -104.968196682102004, 39.7157368412715 ], [ -104.968119018794994, 39.715665455949498 ], [ -104.968037801635006, 39.715594054050499 ], [ -104.967971649502999, 39.715528210705301 ], [ -104.967900960639994, 39.7154747013197 ], [ -104.967756982954, 39.715359090455998 ], [ -104.967567084912005, 39.715205180870299 ], [ -104.967398035371005, 39.715114506884603 ], [ -104.967291897978001, 39.715048139361102 ], [ -104.967161949927998, 39.714957642250603 ], [ -104.967014232330001, 39.714866721599797 ], [ -104.966883211154993, 39.7148005840751 ], [ -104.966788501899998, 39.714750739408302 ], [ -104.966675253855996, 39.714684682010798 ], [ -104.966548854123999, 39.714595230032799 ], [ -104.966450733909994, 39.714526495578603 ], [ -104.966365860695007, 39.714468802442198 ], [ -104.966309319133003, 39.714424964383198 ], [ -104.966242984890997, 39.714383484119999 ], [ -104.966150940156993, 39.714333994047799 ], [ -104.966056190269995, 39.714289639070699 ], [ -104.965960486065995, 39.714253858930697 ], [ -104.965875323546001, 39.714234255233997 ], [ -104.965833578832004, 39.714231320233097 ], [ -104.965762550616006, 39.714222761996098 ], [ -104.965684392843002, 39.714216916519497 ], [ -104.965649756816006, 39.7142140137436 ], [ -104.965596459593996, 39.714211026429098 ], [ -104.965543204463003, 39.714202548352297 ], [ -104.965507708586998, 39.714195867150202 ], [ -104.965451850375999, 39.714179141537301 ], [ -104.965380926850997, 39.714156856949003 ], [ -104.965313536652999, 39.714137333416801 ], [ -104.965250485921999, 39.714131556320297 ], [ -104.96517579879, 39.714136707238602 ], [ -104.965108137111002, 39.714152871363801 ], [ -104.965002201163003, 39.714177097294403 ], [ -104.964906042536001, 39.714201024226597 ], [ -104.964839269349, 39.714217192239197 ], [ -104.964743087566006, 39.714244207753403 ], [ -104.964661973182004, 39.714276438810302 ], [ -104.964601378221005, 39.714298125684898 ], [ -104.964515775837995, 39.714336170071597 ], [ -104.964384614481006, 39.7144052347737 ], [ -104.964281962761007, 39.714464820638 ], [ -104.964192661127996, 39.714521722035002 ], [ -104.964121255660999, 39.714562576391003 ], [ -104.964068576876997, 39.714594936628203 ], [ -104.964043590187998, 39.714608549127099 ], [ -104.963979524223006, 39.714619238559699 ], [ -104.963936806771997, 39.714627279960901 ], [ -104.963891423253997, 39.7146353088444 ], [ -104.963827233988994, 39.714662126235801 ], [ -104.963777259942006, 39.714689350921901 ], [ -104.963709453402998, 39.714724387675801 ], [ -104.963585722212002, 39.714751276638196 ], [ -104.963465545939997, 39.714778181434703 ], [ -104.963376442718001, 39.714809002595999 ], [ -104.963319317396994, 39.714841685944002 ], [ -104.963198639403004, 39.7149341318285 ], [ -104.963119916227996, 39.715002062188503 ], [ -104.963060085169005, 39.715039879754897 ], [ -104.963024350305005, 39.715064424329597 ], [ -104.962956666481006, 39.715083332556297 ], [ -104.962864991340993, 39.715101788014501 ], [ -104.962765273840006, 39.715126040126798 ], [ -104.962634390247004, 39.715158385649097 ], [ -104.962471560479997, 39.715184751641097 ], [ -104.962290828635005, 39.715227850336397 ], [ -104.962144777237, 39.715268019116003 ], [ -104.962081525086006, 39.715288319320898 ], [ -104.962006668341999, 39.715315430266202 ], [ -104.961900648305999, 39.7153502909959 ], [ -104.961751060078996, 39.715388040447202 ], [ -104.961588082172995, 39.715433621559903 ], [ -104.961457239672001, 39.715460475535501 ], [ -104.961361141821001, 39.715476164336501 ], [ -104.961255329064002, 39.715483915478302 ], [ -104.961159323117997, 39.7154875937916 ], [ -104.961049955858002, 39.715495328616797 ], [ -104.960940567158005, 39.715505808279801 ], [ -104.960848041857005, 39.7155191110256 ], [ -104.960742229236999, 39.715526861857498 ], [ -104.960617754921998, 39.715534527074503 ], [ -104.960472801668999, 39.715547245730001 ], [ -104.960334933865994, 39.715563084881303 ], [ -104.960206883531001, 39.715573478446103 ], [ -104.960143684062999, 39.7155869151578 ], [ -104.960093824116001, 39.7155990400923 ], [ -104.960051063175996, 39.7156125701608 ], [ -104.959990553058006, 39.715622930365399 ], [ -104.959927395573999, 39.715630876526397 ], [ -104.959831357656, 39.715638671216901 ], [ -104.959743381097994, 39.715638267188602 ], [ -104.959690167353003, 39.715624296231397 ], [ -104.959579932162001, 39.715629280717003 ], [ -104.959488316486002, 39.715639840883497 ], [ -104.959399387836996, 39.715647668089197 ], [ -104.959330342211004, 39.715654827888699 ], [ -104.959308766432997, 39.715657065331698 ] ] ] } },
{ "type": "Feature", "properties": { "nbhd_id": 16, "neighborhood": "Civic Center", "council_district": 10, "population": 3992, "per_capita_income": 80873, "pct_poverty": 11.394176931690929, "pct_renters": 82.724661469019296, "field_requests": 4813, "field_requests_2025": 969, "field_requests_per_1k_per_year": 172.23733180647008, "top_category": "Streets & Traffic", "share_open_in_file": 0.0444629129441097, "wait_index": 0.52451278110076438, "ranked_requests": 1189, "p50_days": 2.5733912037037037 }, "geometry": { "type": "Polygon", "coordinates": [ [ [ -104.987388831494997, 39.740107110254101 ], [ -104.987390687512004, 39.740013019694103 ], [ -104.987394648638997, 39.739614721410398 ], [ -104.987413072017006, 39.738431934279497 ], [ -104.987393518605003, 39.736850230338298 ], [ -104.987400692912004, 39.735260406321899 ], [ -104.987415396873004, 39.733856606250797 ], [ -104.987402860116006, 39.732044670543097 ], [ -104.987402930399, 39.730453783303702 ], [ -104.987403972278003, 39.729094875311198 ], [ -104.987415487434006, 39.727275835061 ], [ -104.987423599543007, 39.726944063626902 ], [ -104.987531438614994, 39.727002808607402 ], [ -104.987774711591001, 39.727135331140197 ], [ -104.988077564487, 39.727289698596302 ], [ -104.988313935681006, 39.727419412016701 ], [ -104.988543119707998, 39.727559731165897 ], [ -104.988687217500001, 39.727667080523901 ], [ -104.988736833218994, 39.727688915138401 ], [ -104.988792727743004, 39.727702884477402 ], [ -104.988892014008997, 39.7277390044245 ], [ -104.988952215571004, 39.727771865969999 ], [ -104.989064366722005, 39.727872213028199 ], [ -104.989250851273994, 39.728017835963399 ], [ -104.989367617400006, 39.728094867624101 ], [ -104.989465778527006, 39.728163582419903 ], [ -104.989547172081998, 39.728215752707897 ], [ -104.989599322510003, 39.728255785362002 ], [ -104.989648718968994, 39.728307816762801 ], [ -104.989708818699, 39.728354747251302 ], [ -104.989799790342005, 39.728434411608397 ], [ -104.989863328184001, 39.728497485269799 ], [ -104.989926649571998, 39.728590413206099 ], [ -104.989985681359002, 39.728662046249902 ], [ -104.990035098866997, 39.728711332349398 ], [ -104.990105747845007, 39.728774436895101 ], [ -104.990171912772993, 39.728843012405598 ], [ -104.990221347738, 39.728889896204898 ], [ -104.990414541497998, 39.729091481622298 ], [ -104.990463919728995, 39.729146257750301 ], [ -104.990527319242005, 39.729228547521402 ], [ -104.990593285971002, 39.729324575070002 ], [ -104.990677741384005, 39.729445046312001 ], [ -104.990747203916996, 39.729549324304799 ], [ -104.990845911022006, 39.729665739722599 ], [ -104.990919818356005, 39.729770036837998 ], [ -104.991035184691995, 39.7299180944838 ], [ -104.991116123710995, 39.730033403107903 ], [ -104.991249267743996, 39.730181537466798 ], [ -104.991323248645003, 39.730275883230803 ], [ -104.991403378827997, 39.730380206866997 ], [ -104.991539860787, 39.730558553603899 ], [ -104.991631529657994, 39.7306653290266 ], [ -104.991732638003, 39.730818815157903 ], [ -104.991806567501001, 39.7309203663388 ], [ -104.991859374159006, 39.730993001159199 ], [ -104.991935893401006, 39.731105201529402 ], [ -104.992013180274995, 39.731234219940703 ], [ -104.992083595292996, 39.731330265571302 ], [ -104.992132007801999, 39.7313960180431 ], [ -104.992213002499, 39.731504119504699 ], [ -104.992335425774996, 39.731660442466499 ], [ -104.992462194422004, 39.731830509615499 ], [ -104.992580924699993, 39.732006033033699 ], [ -104.992668932007007, 39.732127891077702 ], [ -104.992833648536006, 39.732336212613298 ], [ -104.992948944011999, 39.732495249117797 ], [ -104.993033364927996, 39.732621552356903 ], [ -104.993124080483, 39.732737930862697 ], [ -104.993247317465006, 39.732905237304898 ], [ -104.993249267403002, 39.732908037090397 ], [ -104.993327377124999, 39.733020197337602 ], [ -104.993425941964006, 39.733157542182298 ], [ -104.993502506303997, 39.733264251188203 ], [ -104.993537667612003, 39.733318964568497 ], [ -104.993597469574993, 39.733408100280499 ], [ -104.993734061818003, 39.733572718024703 ], [ -104.993793993284001, 39.733644010138597 ], [ -104.993923121470004, 39.733857667318901 ], [ -104.993975932273003, 39.733930300859299 ], [ -104.994035705610003, 39.734023554223 ], [ -104.994122799604, 39.734149524710702 ], [ -104.994217930873006, 39.734270382424803 ], [ -104.994305144511003, 39.734379882045303 ], [ -104.994407467076002, 39.734489789495001 ], [ -104.994452387544001, 39.7345472898701 ], [ -104.994494562577003, 39.734615759687102 ], [ -104.994550840765996, 39.734700761903397 ], [ -104.994719015935999, 39.734924194484798 ], [ -104.994800005816998, 39.735034009703902 ], [ -104.994887201284001, 39.735146253989299 ], [ -104.994978760178995, 39.735269840909901 ], [ -104.995048333691003, 39.735360390351801 ], [ -104.995182200119999, 39.735534259836299 ], [ -104.995297426899995, 39.735704274964597 ], [ -104.995406629756005, 39.735846810658501 ], [ -104.995497281905003, 39.735973138660398 ], [ -104.995599521965005, 39.736095055315701 ], [ -104.995654894045003, 39.736182798224398 ], [ -104.995728679707, 39.736305964994301 ], [ -104.995808628975993, 39.736437394509103 ], [ -104.995879113349005, 39.736525202103003 ], [ -104.995949657344994, 39.736604773871399 ], [ -104.996299953266004, 39.737092872894401 ], [ -104.996391460001007, 39.737224351038797 ], [ -104.996482118101, 39.7373503352527 ], [ -104.996678387016999, 39.737624672216903 ], [ -104.996860690077995, 39.737863260874697 ], [ -104.996983154442006, 39.738016832657699 ], [ -104.997040098016996, 39.738085032101402 ], [ -104.997064242739, 39.738113950265998 ], [ -104.997162881875994, 39.7382430564017 ], [ -104.997217935622004, 39.738375750458601 ], [ -104.997397195721007, 39.738543291487503 ], [ -104.997464345118999, 39.7386008857505 ], [ -104.997492515610006, 39.738639439683197 ], [ -104.997545442135007, 39.738696973208199 ], [ -104.99758683156, 39.738751711989003 ], [ -104.997636123616005, 39.738820211138197 ], [ -104.997660623314005, 39.738874877832799 ], [ -104.997709777908995, 39.738962592921098 ], [ -104.997761639001993, 39.739044828969803 ], [ -104.997800359541003, 39.739099899903501 ], [ -104.997870986663997, 39.739168489544397 ], [ -104.997906272318005, 39.739206730804703 ], [ -104.997941439517007, 39.739261443098897 ], [ -104.997968545008007, 39.7393246997879 ], [ -104.997996483509993, 39.739395853073098 ], [ -104.998021131051999, 39.739429930847798 ], [ -104.998066848353005, 39.7395011593525 ], [ -104.998116141663999, 39.739569658283003 ], [ -104.998150555383006, 39.739605493461397 ], [ -104.998196528525, 39.739641034998797 ], [ -104.998263657017006, 39.739701717019599 ], [ -104.998313029211005, 39.739759235015498 ], [ -104.998350922998995, 39.739805722824102 ], [ -104.998379016184998, 39.739855257174703 ], [ -104.998410530986007, 39.739923679780503 ], [ -104.998566933180001, 39.740193717891898 ], [ -104.998253965336005, 39.740180824563502 ], [ -104.998126304387, 39.740179107349398 ], [ -104.996936721, 39.740163838488598 ], [ -104.996512580455004, 39.740158366679999 ], [ -104.996441867084002, 39.740157507929197 ], [ -104.995269909339996, 39.7401476203814 ], [ -104.994360104456007, 39.740139746664802 ], [ -104.993534072478994, 39.740135360004899 ], [ -104.992919582081001, 39.7401320897524 ], [ -104.992504308079006, 39.740129878688997 ], [ -104.991655142152993, 39.740125200952697 ], [ -104.990423449976007, 39.740116850319303 ], [ -104.990076976194004, 39.740111876957002 ], [ -104.989940691428998, 39.740122552246902 ], [ -104.989818775765002, 39.740163333051903 ], [ -104.989677158958003, 39.740237833303901 ], [ -104.989554591434995, 39.740368745289402 ], [ -104.989427402334002, 39.740465839509497 ], [ -104.989305185017002, 39.740547931600602 ], [ -104.989105301859993, 39.740607154606302 ], [ -104.988939662367002, 39.740640236538702 ], [ -104.988754836530006, 39.740635676065999 ], [ -104.988534009080993, 39.740565238738 ], [ -104.988532017634995, 39.740564089189597 ], [ -104.988403211001994, 39.740489559390298 ], [ -104.988282339706004, 39.740387633849501 ], [ -104.988122549523993, 39.740285535124499 ], [ -104.988102215588, 39.740273620942801 ], [ -104.987967544669999, 39.740194726458597 ], [ -104.987919092490003, 39.740168226201497 ], [ -104.987846263159, 39.740149131362799 ], [ -104.987768566797001, 39.740130015894799 ], [ -104.987510913158999, 39.740106362148701 ], [ -104.987388831494997, 39.740107110254101 ] ] ] } },
{ "type": "Feature", "properties": { "nbhd_id": 53, "neighborhood": "Rosedale", "council_district": 6, "population": 2703, "per_capita_income": 72881, "pct_poverty": 8.1391046984831661, "pct_renters": 47.826086956521742, "field_requests": 3580, "field_requests_2025": 492, "field_requests_per_1k_per_year": 189.20775857512817, "top_category": "Neighborhood Inspection", "share_open_in_file": 0.054469273743016758, "wait_index": 0.52121264933123745, "ranked_requests": 921, "p50_days": 3.0082986111111114 }, "geometry": { "type": "Polygon", "coordinates": [ [ [ -104.973430647026007, 39.678512945635298 ], [ -104.973456612527997, 39.676702308670201 ], [ -104.973445519126997, 39.674849248317003 ], [ -104.973451455046003, 39.673110987481202 ], [ -104.973465030732996, 39.671279436843598 ], [ -104.973474913150994, 39.669492181650298 ], [ -104.973485932280994, 39.667684941827901 ], [ -104.973485966179993, 39.667675745333803 ], [ -104.978185508289002, 39.667701814104603 ], [ -104.987571892828001, 39.667682890810298 ], [ -104.987584278019, 39.669485143422598 ], [ -104.987584065662006, 39.671287972112097 ], [ -104.987581411414993, 39.673089225780799 ], [ -104.987574510998002, 39.674891715665602 ], [ -104.987574054383998, 39.676706078129499 ], [ -104.987567216355004, 39.6785195191448 ], [ -104.986369687820002, 39.678554474604297 ], [ -104.985224010194997, 39.678560936969298 ], [ -104.984074729297006, 39.678561610502797 ], [ -104.982885580238005, 39.678564784954098 ], [ -104.981680103930003, 39.678569356789097 ], [ -104.980523181546999, 39.678569703549499 ], [ -104.97936053091, 39.678546038257799 ], [ -104.978127740827006, 39.678532299488303 ], [ -104.976910970234997, 39.678529241109104 ], [ -104.975751649673001, 39.678526907479103 ], [ -104.974593879778993, 39.678519628710497 ], [ -104.973430647026007, 39.678512945635298 ] ] ] } },
{ "type": "Feature", "properties": { "nbhd_id": 68, "neighborhood": "Villa Park", "council_district": 3, "population": 7253, "per_capita_income": 67085, "pct_poverty": 22.611333241417345, "pct_renters": 49.350649350649348, "field_requests": 7154, "field_requests_2025": 1154, "field_requests_per_1k_per_year": 140.90721080932028, "top_category": "Solid Waste", "share_open_in_file": 0.085406765445904392, "wait_index": 0.51880009286680095, "ranked_requests": 1279, "p50_days": 2.3774074074074076 }, "geometry": { "type": "Polygon", "coordinates": [ [ [ -105.037498672544999, 39.734123150340302 ], [ -105.037498276285007, 39.734122609778602 ], [ -105.037462709666997, 39.734166713322701 ], [ -105.037354308334002, 39.734222441280302 ], [ -105.037279168005995, 39.734249371786703 ], [ -105.037204061292996, 39.734271198801601 ], [ -105.037144444467003, 39.7342845772638 ], [ -105.036990035128994, 39.734295880642101 ], [ -105.036949044927994, 39.734295719336302 ], [ -105.036939326460995, 39.734295681089897 ], [ -105.036904040272006, 39.734297244345001 ], [ -105.036816262638993, 39.734317975453699 ], [ -105.036767623635001, 39.734338204149097 ], [ -105.036723393746996, 39.7343584502349 ], [ -105.036703863547004, 39.734368534968603 ], [ -105.036648174348997, 39.734397290912803 ], [ -105.036638704029997, 39.734403168310102 ], [ -105.036612753197005, 39.734419273773398 ], [ -105.036581730002993, 39.734442974668198 ], [ -105.036541762919995, 39.734485358421502 ], [ -105.036512876749995, 39.734519277826898 ], [ -105.036488433455006, 39.734548108290902 ], [ -105.036421808921006, 39.7346210172716 ], [ -105.036386410087005, 39.734639595893903 ], [ -105.036373615227006, 39.734644759464999 ], [ -105.036348827359006, 39.734654762947699 ], [ -105.036291392161999, 39.734671552476399 ], [ -105.036240806470005, 39.734682638317402 ], [ -105.036207488868001, 39.734689939880198 ], [ -105.036152246903001, 39.734708440164901 ], [ -105.036077388809005, 39.734737649436603 ], [ -105.035917465127, 39.734800050685401 ], [ -105.035875933612004, 39.734816255981997 ], [ -105.035842727892003, 39.734836545169401 ], [ -105.035834023866002, 39.734842396114999 ], [ -105.035787361835006, 39.734873762886203 ], [ -105.035751906393998, 39.734900848975599 ], [ -105.035707978149006, 39.734923839569099 ], [ -105.035695047700997, 39.7349306069463 ], [ -105.035670637646007, 39.734954333744199 ], [ -105.035652786943999, 39.734986594354602 ], [ -105.035650334474994, 39.735024022165902 ], [ -105.035636800926994, 39.735069912771898 ], [ -105.035587383654004, 39.7352075512838 ], [ -105.035569577857999, 39.735233004848098 ], [ -105.035507392910006, 39.735300825792798 ], [ -105.035456356620003, 39.735349972679202 ], [ -105.035447478543006, 39.7353575619738 ], [ -105.035363228142003, 39.735429582157501 ], [ -105.035177070095003, 39.735573486242103 ], [ -105.035103703534006, 39.735665085862799 ], [ -105.035090182605998, 39.735709274318999 ], [ -105.035098453621004, 39.7357699238528 ], [ -105.035098250597997, 39.735800553373998 ], [ -105.035087058353, 39.735826034396503 ], [ -105.035064920112006, 39.735839559881398 ], [ -105.035060665659003, 39.735841452720003 ], [ -105.035038383906993, 39.735851365905702 ], [ -105.035000800237995, 39.735866532522202 ], [ -105.034949943772006, 39.735888452470903 ], [ -105.034912257610998, 39.735907296426603 ], [ -105.034885791777, 39.735920529950498 ], [ -105.03479735322, 39.735957617812197 ], [ -105.034727072402006, 39.7359667544792 ], [ -105.034716900188997, 39.735966714255902 ], [ -105.034678842014003, 39.735966563757202 ], [ -105.034647474143995, 39.735962163959996 ], [ -105.034625349202997, 39.735956374007202 ], [ -105.034603309443995, 39.735937757150097 ], [ -105.034595978648994, 39.735929175208 ], [ -105.034588770743994, 39.735902064114804 ], [ -105.034585247221997, 39.735876392792498 ], [ -105.034574336166003, 39.735850692248803 ], [ -105.034521571848998, 39.735730748238403 ], [ -105.034484919725003, 39.735687841411803 ], [ -105.034446323425996, 39.735659180823298 ], [ -105.034428835689994, 39.735649516056199 ], [ -105.034402160872006, 39.7356347739425 ], [ -105.034372139099005, 39.735621584048197 ], [ -105.034343230903005, 39.735608883405597 ], [ -105.034119913948999, 39.735585192531801 ], [ -105.034064554788998, 39.735577845682101 ], [ -105.034018478342006, 39.735563409274199 ], [ -105.033981739558001, 39.735533330638397 ], [ -105.033972629212997, 39.735514763460699 ], [ -105.033968761753997, 39.735506094018497 ], [ -105.033959891348005, 39.735486205122399 ], [ -105.033941640372007, 39.735453349199098 ], [ -105.033908794341997, 39.735393351414899 ], [ -105.033892747723002, 39.735375049793298 ], [ -105.033884965826005, 39.735366174383302 ], [ -105.033863999702007, 39.735341630835201 ], [ -105.033851977785005, 39.735327557663403 ], [ -105.033831748317994, 39.735314648823397 ], [ -105.033827468560006, 39.735312925724401 ], [ -105.033770963395995, 39.735290175844703 ], [ -105.033732611201003, 39.735278338979903 ], [ -105.033710140615995, 39.735271403730302 ], [ -105.033686119891001, 39.7352689899162 ], [ -105.033651078522993, 39.735265468663997 ], [ -105.033510765274997, 39.735257784765899 ], [ -105.033374088894007, 39.735258668072802 ], [ -105.033299337553998, 39.735263392924502 ], [ -105.033232073617995, 39.735267644461103 ], [ -105.033191867458996, 39.735271580736899 ], [ -105.033134123747999, 39.735277234007903 ], [ -105.033087952805005, 39.735277050803298 ], [ -105.033039935838005, 39.735276860254501 ], [ -105.032999342558995, 39.735270996748902 ], [ -105.032940348790007, 39.735255083398101 ], [ -105.032929250264004, 39.735249947912997 ], [ -105.032840921368006, 39.735209076350799 ], [ -105.032829140410001, 39.7352028845795 ], [ -105.032570375971005, 39.735066884923803 ], [ -105.032455782149995, 39.734993317197201 ], [ -105.032437360984005, 39.734986116347002 ], [ -105.032402318909007, 39.734978850798498 ], [ -105.032367238907, 39.734977284730697 ], [ -105.032334014284999, 39.734974302182898 ], [ -105.032276781321997, 39.734971224193202 ], [ -105.032219993652006, 39.734970998444403 ], [ -105.032010837924005, 39.734970166748496 ], [ -105.031925815484001, 39.734979806705503 ], [ -105.031862938214999, 39.734992385258501 ], [ -105.031829618467995, 39.735003656137799 ], [ -105.031790759670997, 39.735015588508297 ], [ -105.031716590901993, 39.735038363430199 ], [ -105.031637148092997, 39.735062757862003 ], [ -105.031562997243, 39.7351037992253 ], [ -105.031524080595005, 39.7351235992816 ], [ -105.031488800516001, 39.735151968110699 ], [ -105.031460974601998, 39.735170387006598 ], [ -105.031440600967002, 39.735178858777701 ], [ -105.031425789707001, 39.735184500842799 ], [ -105.031415481777003, 39.735191102390999 ], [ -105.031272080586007, 39.735282941012997 ], [ -105.031259340416995, 39.735291100135498 ], [ -105.031177717695996, 39.735344940236502 ], [ -105.031176678663996, 39.735345557356403 ], [ -105.031144340563998, 39.735364763592898 ], [ -105.031096207377004, 39.735381676233096 ], [ -105.031046285444006, 39.735390030229702 ], [ -105.030998268405, 39.735389838847802 ], [ -105.030969134765002, 39.735388919634097 ], [ -105.030946565335, 39.735388207503298 ], [ -105.030919732382998, 39.735392967028503 ], [ -105.030915131236, 39.7353937831883 ], [ -105.030865237805997, 39.735397861424197 ], [ -105.030780216519005, 39.735407499204101 ], [ -105.030434444489003, 39.735467412779002 ], [ -105.030430492812997, 39.735467815314301 ], [ -105.030340885795994, 39.735476942898899 ], [ -105.030283441246993, 39.7354827943036 ], [ -105.029937784937005, 39.735525602387 ], [ -105.029813987424006, 39.735533660711397 ], [ -105.029740133092005, 39.735530513664898 ], [ -105.029675569638997, 39.735518852164198 ], [ -105.029597518822996, 39.735502454449801 ], [ -105.029592575631, 39.735501415950097 ], [ -105.029537190141994, 39.735498344015603 ], [ -105.029503936712999, 39.735499636302002 ], [ -105.029335691621995, 39.735526046081603 ], [ -105.029272022765994, 39.735536396216297 ], [ -105.029061830939995, 39.735570565210899 ], [ -105.029036167298997, 39.735574737086303 ], [ -105.029018340763997, 39.735578980575802 ], [ -105.028823832005997, 39.735625281896901 ], [ -105.028772025286003, 39.735639329784298 ], [ -105.028733155433997, 39.735652002758997 ], [ -105.028610985086999, 39.735692849977802 ], [ -105.028316510473999, 39.735814255771501 ], [ -105.028272146755995, 39.735819778919797 ], [ -105.028218530409006, 39.735828116906802 ], [ -105.028177879680001, 39.735830804408401 ], [ -105.028089905588004, 39.735833279827403 ], [ -105.028089211614002, 39.735833299326998 ], [ -105.028089095574003, 39.735833320090499 ], [ -105.027980021697999, 39.735852819413097 ], [ -105.027909845441997, 39.7358653648688 ], [ -105.027839569462998, 39.735879336838003 ], [ -105.027782307172004, 39.735880532295099 ], [ -105.027736190682006, 39.735885834362101 ], [ -105.027551808183006, 39.735907032646899 ], [ -105.027453837438998, 39.735919467934401 ], [ -105.027391016147007, 39.735923492779598 ], [ -105.027339293558001, 39.735924710271497 ], [ -105.027282060103005, 39.735921629853699 ], [ -105.027230358557006, 39.735919995478802 ], [ -105.027186042788998, 39.735918392164699 ], [ -105.027130637859003, 39.735918169519103 ], [ -105.027089958198005, 39.735925133681597 ], [ -105.027017872263997, 39.735935843787303 ], [ -105.026912475773003, 39.735951502873803 ], [ -105.026638602424995, 39.736030224054801 ], [ -105.026387530215999, 39.736115249025502 ], [ -105.026330132938, 39.736136399632102 ], [ -105.026254295536006, 39.736153198765898 ], [ -105.026198562372002, 39.736159487175399 ], [ -105.026193300692, 39.736160080824298 ], [ -105.026135999618006, 39.736166977776897 ], [ -105.026086086174004, 39.736173903001003 ], [ -105.026036182287001, 39.736179402993201 ], [ -105.025993550424005, 39.736202038159597 ], [ -105.025973137289995, 39.736216211277302 ], [ -105.025948993659, 39.736236068953502 ], [ -105.025660586540994, 39.736381065893902 ], [ -105.025589628988996, 39.7364167396249 ], [ -105.025552404883001, 39.736435453774902 ], [ -105.025433256553995, 39.736505652977002 ], [ -105.025323143725998, 39.736570528429397 ], [ -105.025292291591001, 39.736575508995699 ], [ -105.025175469047994, 39.7365943677543 ], [ -105.025175679084001, 39.7365818071993 ], [ -105.025190673845998, 39.735685601798998 ], [ -105.025164062223993, 39.734758279672398 ], [ -105.025156667716999, 39.733880794932197 ], [ -105.025162703, 39.732989293375397 ], [ -105.025156181913999, 39.731195233914598 ], [ -105.025157798215005, 39.730299939007701 ], [ -105.025154962553998, 39.729423367570597 ], [ -105.025154636721993, 39.729322609433297 ], [ -105.025152759183001, 39.729217545532798 ], [ -105.025137876261994, 39.728384688416 ], [ -105.025134904704998, 39.727510649796798 ], [ -105.025146423167001, 39.725940399187202 ], [ -105.025135755191997, 39.725678182405296 ], [ -105.025136108953006, 39.725542604516598 ], [ -105.025385351278999, 39.7255438933771 ], [ -105.026833054034995, 39.725551369860902 ], [ -105.028847259893993, 39.725566165163997 ], [ -105.028935618407999, 39.725566231867802 ], [ -105.030913704718003, 39.725567710821601 ], [ -105.031698066640999, 39.725577547245997 ], [ -105.032123792983995, 39.725602732017499 ], [ -105.032232551388006, 39.725608764932502 ], [ -105.032705576164005, 39.725635004428703 ], [ -105.032840594869995, 39.725642493817503 ], [ -105.032932255608998, 39.7256469705559 ], [ -105.033364100963993, 39.725668061719901 ], [ -105.033811623798002, 39.725683259163397 ], [ -105.034715606846007, 39.725676770518099 ], [ -105.037016593190998, 39.7256992709939 ], [ -105.039117764500006, 39.725707520814503 ], [ -105.039124543952994, 39.725707536331498 ], [ -105.039454241716996, 39.725708284709199 ], [ -105.039795086648994, 39.725709057048398 ], [ -105.043194125024996, 39.725716707552799 ], [ -105.047144416630005, 39.725731979267103 ], [ -105.047411637470006, 39.725739718778897 ], [ -105.047741806256994, 39.7257577677413 ], [ -105.048154437777995, 39.725792910689798 ], [ -105.048745331559005, 39.725815313481299 ], [ -105.048897842592993, 39.7258149415972 ], [ -105.051420255516007, 39.725808764039101 ], [ -105.053254027351002, 39.725800883629603 ], [ -105.053253845929007, 39.725849740856198 ], [ -105.053242289272006, 39.733107154892501 ], [ -105.054419217201996, 39.733103382224598 ], [ -105.054422030148999, 39.733640091697097 ], [ -105.054674484486, 39.733639331676301 ], [ -105.054674861367999, 39.733719975127997 ], [ -105.055012653540999, 39.733718851033501 ], [ -105.055009460986994, 39.733101154605201 ], [ -105.055596147182001, 39.733099254215503 ], [ -105.055586436512002, 39.7349124635207 ], [ -105.053232519873006, 39.734920020729703 ], [ -105.053233020554998, 39.734876327767203 ], [ -105.053004159615, 39.734905427209803 ], [ -105.052893075428997, 39.734900544226697 ], [ -105.052807721375004, 39.734903307990898 ], [ -105.052674313753002, 39.7349141252311 ], [ -105.052607499456997, 39.7349368628634 ], [ -105.052537057145997, 39.734970910752601 ], [ -105.052480947164, 39.734987855235502 ], [ -105.052400111599994, 39.734978968622499 ], [ -105.052362777770995, 39.734978826597001 ], [ -105.052296109609998, 39.734978572948201 ], [ -105.052258776106001, 39.734978430890997 ], [ -105.052222423429001, 39.734963880032801 ], [ -105.052210939782995, 39.734952512238699 ], [ -105.052188809002004, 39.734938015291903 ], [ -105.052170159981998, 39.734935199161399 ], [ -105.052133587778002, 39.734954963192799 ], [ -105.052107717672996, 39.734969277242101 ], [ -105.052085350238997, 39.734991840532501 ], [ -105.052066481609003, 39.735023339301797 ], [ -105.052036094719995, 39.7350489602319 ], [ -105.052006688226001, 39.735060172616301 ], [ -105.051965761356996, 39.7350658505189 ], [ -105.051932889702996, 39.735062979943201 ], [ -105.051910759204006, 39.7350484829959 ], [ -105.051910886352999, 39.735028580400098 ], [ -105.051925238099003, 39.735008388647302 ], [ -105.051925347706003, 39.734991231338903 ], [ -105.051899696513004, 39.734971230423298 ], [ -105.051881083987993, 39.734962580551397 ], [ -105.051844622095004, 39.734965187086999 ], [ -105.051800121932004, 39.734973596526103 ], [ -105.051777916931002, 39.734970766587303 ], [ -105.051766416007993, 39.734962143787499 ], [ -105.051730043248995, 39.734950681130101 ], [ -105.051685617849003, 39.734947423492699 ], [ -105.051644654249998, 39.734958934727402 ], [ -105.051555654135001, 39.734975753237997 ], [ -105.051473802803002, 39.734986765799803 ], [ -105.051440832257995, 39.734999336808499 ], [ -105.051421761366996, 39.735062405052602 ], [ -105.051421451924995, 39.735110789172097 ], [ -105.051406120948997, 39.735145046676699 ], [ -105.051380103572001, 39.735182351614 ], [ -105.051342550201994, 39.735216523777801 ], [ -105.051323683304005, 39.735247679860201 ], [ -105.051261185422007, 39.735290336015296 ], [ -105.051212111260995, 39.7353189739923 ], [ -105.051194243281998, 39.735332975386001 ], [ -105.051172037930002, 39.735330145482898 ], [ -105.051149907503003, 39.7353156485947 ], [ -105.051134886187995, 39.735301521545999 ], [ -105.051112663539996, 39.735301436769397 ], [ -105.051093886630994, 39.735318523009703 ], [ -105.051083055256001, 39.735344218297897 ], [ -105.051086410946994, 39.735375458721698 ], [ -105.051078225940998, 39.735404252484599 ], [ -105.051052392859006, 39.735412732859203 ], [ -105.050982151612004, 39.735415210439697 ], [ -105.050944927206999, 39.735397910457998 ], [ -105.050900637851001, 39.735373377213897 ], [ -105.050871431774993, 39.735353362859499 ], [ -105.050834189591995, 39.735338807626803 ], [ -105.050772001154002, 39.735333079808697 ], [ -105.050700943435999, 39.735324229561002 ], [ -105.050652925248997, 39.735326791399203 ], [ -105.050589867802998, 39.735317971636 ], [ -105.050531237415001, 39.735311913954 ], [ -105.050505569167996, 39.735294658225797 ], [ -105.050483546392002, 39.735263346671502 ], [ -105.050439285875996, 39.735234352229703 ], [ -105.050394985799997, 39.735211534679898 ], [ -105.050346205864003, 39.7351941906023 ], [ -105.050287575601999, 39.735188132597798 ], [ -105.050217424582002, 39.7351765403182 ], [ -105.050172999436001, 39.735173281910498 ], [ -105.050128553964001, 39.7351731119888 ], [ -105.050061903754994, 39.735170112140104 ], [ -105.050024459756003, 39.735187126678198 ], [ -105.050005719780998, 39.735198379103203 ], [ -105.050002054155996, 39.735215523011398 ], [ -105.049964462665002, 39.7352555287275 ], [ -105.049931445677998, 39.7352753055223 ], [ -105.049868313751006, 39.735278152756102 ], [ -105.049827498322998, 39.735266328938501 ], [ -105.049812422285001, 39.735260780850098 ], [ -105.049794719494002, 39.735249045849798 ], [ -105.049738680736994, 39.735254664956003 ], [ -105.049712864846995, 39.735260399899097 ], [ -105.049690697290998, 39.735251736126401 ], [ -105.049661383133, 39.735248535606303 ], [ -105.049631140692, 39.735251508184803 ], [ -105.049572437525995, 39.735256773888302 ], [ -105.049501287468004, 39.735262335234303 ], [ -105.049453269018997, 39.735264896582002 ], [ -105.049420397114005, 39.735262025504397 ], [ -105.049390174755999, 39.735261909768397 ], [ -105.049364451171996, 39.735253232315799 ], [ -105.049353784332993, 39.735253191463102 ], [ -105.049290515691993, 39.735277313345797 ], [ -105.049264682114995, 39.735285793327101 ], [ -105.049216553110995, 39.735305512031701 ], [ -105.049171959974998, 39.735328332794403 ], [ -105.049149609649007, 39.735348150038 ], [ -105.049122776846005, 39.7353737842367 ], [ -105.049093314665001, 39.735393574618897 ], [ -105.049060240006, 39.735422273062198 ], [ -105.049004128237996, 39.735439215882103 ], [ -105.048956127303001, 39.735439031890401 ], [ -105.048930442005002, 39.735424520555298 ], [ -105.048930514828001, 39.735413196892999 ], [ -105.048941274179995, 39.735398825616599 ], [ -105.048971625099995, 39.735379038729299 ], [ -105.048985957837999, 39.735361935942002 ], [ -105.048989698740996, 39.735333124935401 ], [ -105.048964159112998, 39.735295965879999 ], [ -105.048919972030006, 39.735255647003299 ], [ -105.048905767492997, 39.735252847343602 ], [ -105.048871951096004, 39.735258551430398 ], [ -105.048834544285, 39.735269732149199 ], [ -105.048772137585999, 39.735297975065698 ], [ -105.048734600217998, 39.735329401659598 ], [ -105.048708749216999, 39.735340626656303 ], [ -105.048686471294999, 39.735349120148101 ], [ -105.048645599196007, 39.735346217766903 ], [ -105.048586115204998, 39.735334665432397 ], [ -105.048508928318, 39.735311377873003 ], [ -105.048423767746996, 39.735283941654203 ], [ -105.048379433205, 39.735266613619899 ], [ -105.04830944842, 39.7352292840229 ], [ -105.048287356187004, 39.735208952804498 ], [ -105.048217243051994, 39.735191525691597 ], [ -105.048142592673003, 39.735188493887399 ], [ -105.048050109106995, 39.735193972429002 ], [ -105.048009146197998, 39.735205139226998 ], [ -105.047976219093997, 39.735210846472697 ], [ -105.047931627631002, 39.735233323648501 ], [ -105.047897719242002, 39.735253439575601 ], [ -105.047878978906994, 39.735264691711798 ], [ -105.047838885169, 39.735278950119998 ], [ -105.047823738427994, 39.7352843827234 ], [ -105.047782756038004, 39.735298637898097 ], [ -105.047753293707999, 39.735318427544499 ], [ -105.047727384696003, 39.735338574569298 ], [ -105.047697051406999, 39.735355615699703 ], [ -105.047671255489007, 39.735358261892301 ], [ -105.047626772282996, 39.735363924465098 ], [ -105.047597438317993, 39.735363811684401 ], [ -105.047560141922006, 39.735357834695598 ], [ -105.047527363284999, 39.735340550974499 ], [ -105.047486601673, 39.735320490737003 ], [ -105.047471656433004, 39.735294696241297 ], [ -105.047456766487997, 39.735260323418302 ], [ -105.047442747798002, 39.735228698947502 ], [ -105.047427673911002, 39.735222807234798 ], [ -105.047372616876004, 39.735214016717698 ], [ -105.047342485341005, 39.735199831255699 ], [ -105.047265427224005, 39.735156640087801 ], [ -105.047235370593995, 39.7351307874155 ], [ -105.047180674760995, 39.735066063373999 ], [ -105.047092376367999, 39.734974100344097 ], [ -105.047058781749996, 39.734945488801301 ], [ -105.047029503819005, 39.734936797153303 ], [ -105.047007299021004, 39.734933966515001 ], [ -105.046988558888998, 39.734945218461498 ], [ -105.046981281338006, 39.7349709275151 ], [ -105.046974041721995, 39.734990802677203 ], [ -105.046955281360994, 39.735005142970998 ], [ -105.046902743206005, 39.7350193535476 ], [ -105.046862762472003, 39.735016111053397 ], [ -105.046803316745994, 39.734998724426397 ], [ -105.046762593690005, 39.734972830497298 ], [ -105.046744093, 39.734947022008399 ], [ -105.046725481441001, 39.734938371573001 ], [ -105.046685498477999, 39.734935472335998 ], [ -105.046640998235006, 39.734943879826098 ], [ -105.046596497718994, 39.734952287699699 ], [ -105.046574164012, 39.734969359368598 ], [ -105.046562442150005, 39.734995051019197 ], [ -105.046536590665994, 39.7350062753383 ], [ -105.046480533828998, 39.735014638430201 ], [ -105.046458311798006, 39.735014552776597 ], [ -105.046436144723003, 39.7350058881892 ], [ -105.046436235700995, 39.734991819390203 ], [ -105.046466569336005, 39.7349747782321 ], [ -105.046485347083006, 39.734957692927999 ], [ -105.046485458023, 39.734940535273203 ], [ -105.046448217421002, 39.734925979203901 ], [ -105.046422477090999, 39.734920046245499 ], [ -105.046392254172005, 39.734919929736797 ], [ -105.046366400401993, 39.734931497386398 ], [ -105.046333382550998, 39.734951273525297 ], [ -105.046273752706, 39.734962367545997 ], [ -105.046222231895996, 39.734956678505 ], [ -105.046169824627995, 39.734950642796498 ], [ -105.046085627579004, 39.734911884095503 ], [ -105.046051960697994, 39.734894596280903 ], [ -105.045948107702003, 39.734871203951101 ], [ -105.045881458219995, 39.734868201534397 ], [ -105.045837068761003, 39.734859451265599 ], [ -105.045708253664998, 39.734847286718598 ], [ -105.045597121106994, 39.7348499459222 ], [ -105.045481601491005, 39.734843666207901 ], [ -105.045397211779999, 39.734834761050202 ], [ -105.045289692596, 39.734828511856499 ], [ -105.045200802373003, 39.734828168308098 ], [ -105.045126059303996, 39.734839546857799 ], [ -105.044997001729996, 39.734864784692199 ], [ -105.044903622784005, 39.734871286574602 ], [ -105.044819157136004, 39.7348740483827 ], [ -105.044730304658003, 39.734867870888301 ], [ -105.044681453112005, 39.734861848324002 ], [ -105.044574840980999, 39.734852856781799 ], [ -105.044526007285995, 39.734844088815997 ], [ -105.044470931115995, 39.734838384993402 ], [ -105.044419394618004, 39.734835097130599 ], [ -105.044374874105998, 39.734846592017199 ], [ -105.044344577852002, 39.734857798845802 ], [ -105.044315188108996, 39.734866263972101 ], [ -105.044281354404006, 39.734874712080099 ], [ -105.04425559421, 39.734871866900797 ], [ -105.044207760659006, 39.734845944792099 ], [ -105.044156224687001, 39.734842656816099 ], [ -105.044100147625002, 39.734854106826901 ], [ -105.044067167159, 39.734868048389302 ], [ -105.044029683942995, 39.734890894762003 ], [ -105.044007255671005, 39.734922378459601 ], [ -105.043999068963998, 39.734931757918702 ], [ -105.043984866086006, 39.734948028716403 ], [ -105.043966143575005, 39.734956534895801 ], [ -105.043940385593999, 39.734953346681102 ], [ -105.043914663318006, 39.734944667837397 ], [ -105.043881052415998, 39.734918801126298 ], [ -105.043848236241999, 39.734907349161702 ], [ -105.043792253597005, 39.734904387114199 ], [ -105.043696187486006, 39.734913966352501 ], [ -105.043663259908001, 39.734919672240402 ], [ -105.043622334937993, 39.734925004075102 ], [ -105.043562814690006, 39.734919282640703 ], [ -105.043507666812005, 39.734924559261799 ], [ -105.043470257089993, 39.7349360814436 ], [ -105.043410608998997, 39.734949919300199 ], [ -105.043351865337996, 39.734961359058701 ], [ -105.043314531861, 39.734961214163597 ], [ -105.043266586613001, 39.734952448922598 ], [ -105.043229235197003, 39.734955049336797 ], [ -105.043199789409996, 39.734972092708901 ], [ -105.043143694986, 39.734986287603 ], [ -105.043054748686004, 39.734994521158697 ], [ -105.042962284515994, 39.7349969074466 ], [ -105.04288046792, 39.735002423358701 ], [ -105.042799541845, 39.735007599548602 ], [ -105.042747076412994, 39.735010483805397 ], [ -105.042676891539003, 39.735004377303099 ], [ -105.042606732747998, 39.734994153252998 ], [ -105.042558732394994, 39.734993966652503 ], [ -105.042502657449006, 39.735005072785398 ], [ -105.042444028347006, 39.734999011074201 ], [ -105.042406749975996, 39.734990286962002 ], [ -105.042340100272995, 39.734987282538597 ], [ -105.042273414746006, 39.734989768348903 ], [ -105.042225375802005, 39.734995415400299 ], [ -105.042180801072007, 39.735015145063997 ], [ -105.042146872439005, 39.735038004668802 ], [ -105.042113871336994, 39.735055033935303 ], [ -105.042080075363003, 39.735057647620202 ], [ -105.042050758873003, 39.7350547883186 ], [ -105.042002908605994, 39.735031610653898 ], [ -105.041969242153002, 39.735014321720001 ], [ -105.041899373286995, 39.734959830858301 ], [ -105.041870245447001, 39.734928146433099 ], [ -105.041851858832999, 39.734885180126803 ], [ -105.041826508742005, 39.734819538403599 ], [ -105.041808086055994, 39.734782062760999 ], [ -105.041793217255005, 39.734744943678699 ], [ -105.041764125613, 39.734707769606104 ], [ -105.041716292836995, 39.734681846030398 ], [ -105.041615997898006, 39.734658463927197 ], [ -105.041460590914994, 39.734634866977203 ], [ -105.041405535351998, 39.734626073265602 ], [ -105.041327357284004, 39.734618905324403 ], [ -105.041282856340004, 39.734627310787999 ], [ -105.041209003974004, 39.734638346997997 ], [ -105.041145836091005, 39.734646679622699 ], [ -105.041090706206006, 39.7346492100258 ], [ -105.041027612400001, 39.734646218524901 ], [ -105.040961001457006, 39.734637379731097 ], [ -105.040931723952994, 39.734628686763898 ], [ -105.040882985210004, 39.734605504769497 ], [ -105.040838596214002, 39.734596752813701 ], [ -105.040787019952006, 39.734599639666001 ], [ -105.040742539370996, 39.734604956673202 ], [ -105.040687407321002, 39.734607830205299 ], [ -105.040609204625994, 39.7346044361731 ], [ -105.040554167172999, 39.734592897328703 ], [ -105.040476094892, 39.734569600821999 ], [ -105.040435335742004, 39.734549538537699 ], [ -105.040399116482007, 39.734515081087601 ], [ -105.040365506824003, 39.734489213116298 ], [ -105.040343378637999, 39.734474713788799 ], [ -105.040314081234001, 39.734469108971197 ], [ -105.040261674581004, 39.734463070227697 ], [ -105.040203007363999, 39.734462840986303 ], [ -105.040147101981006, 39.734448210025803 ], [ -105.040106277486004, 39.734438099119998 ], [ -105.040051240508006, 39.734426559639097 ], [ -105.039955239812002, 39.734426184330502 ], [ -105.039869944158994, 39.734420017067599 ], [ -105.039781016399004, 39.734425503015103 ], [ -105.039699258512002, 39.734422094471398 ], [ -105.039636259236005, 39.734404690510097 ], [ -105.039581278740002, 39.734384572083997 ], [ -105.039499556628002, 39.734375673730497 ], [ -105.039458667448997, 39.734375513694602 ], [ -105.039399982476994, 39.734378028988701 ], [ -105.039226133396994, 39.734320384025601 ], [ -105.039125801214993, 39.734302833184501 ], [ -105.039014766313997, 39.7342907306897 ], [ -105.038915302277999, 39.7342762716533 ], [ -105.038837192798994, 39.734258807647102 ], [ -105.038760010396999, 39.734235513834399 ], [ -105.038700736801999, 39.734192386330399 ], [ -105.038663610870003, 39.734160670190398 ], [ -105.038605339132005, 39.734100389021698 ], [ -105.038505325507003, 39.734034453545597 ], [ -105.038420247505002, 39.733995342895199 ], [ -105.038353673122998, 39.733981012348899 ], [ -105.038295006576007, 39.733980782157197 ], [ -105.038250487083005, 39.7339919314093 ], [ -105.038187281475004, 39.734006096240101 ], [ -105.038142687903004, 39.734028569516198 ], [ -105.038079237722002, 39.734079794125797 ], [ -105.038041639713995, 39.734119796098099 ], [ -105.038019286625001, 39.734139611838302 ], [ -105.037956894664006, 39.734165103292 ], [ -105.037897244072994, 39.734179281926899 ], [ -105.037830520458002, 39.734187598808496 ], [ -105.037793243676006, 39.734178873435098 ], [ -105.037764061933004, 39.734155767163401 ], [ -105.037716323997003, 39.734115773211002 ], [ -105.037682641401005, 39.734101228182602 ], [ -105.037631124119997, 39.734095192010102 ], [ -105.037597325722999, 39.734098147724097 ], [ -105.037552845023001, 39.734103463525798 ], [ -105.037498672544999, 39.734123150340302 ] ] ] } },
{ "type": "Feature", "properties": { "nbhd_id": 72, "neighborhood": "Washington Virginia Vale", "council_district": 5, "population": 14256, "per_capita_income": 207319, "pct_poverty": 12.2008547008547, "pct_renters": 57.833089311859439, "field_requests": 9294, "field_requests_2025": 1623, "field_requests_per_1k_per_year": 93.133718133718133, "top_category": "Streets & Traffic", "share_open_in_file": 0.061867871745211966, "wait_index": 0.51860638042325691, "ranked_requests": 2585, "p50_days": 2.7302083333333336 }, "geometry": { "type": "Polygon", "coordinates": [ [ [ -104.928282151537999, 39.706687432570199 ], [ -104.928287514090997, 39.706692084714703 ], [ -104.928287381545005, 39.706785755717199 ], [ -104.929118068951993, 39.7067872868015 ], [ -104.929119891070002, 39.706410945799597 ], [ -104.929537125256999, 39.706413163161798 ], [ -104.929546477087001, 39.708511394494501 ], [ -104.926982267477001, 39.708052511761103 ], [ -104.926983104746, 39.708112564638199 ], [ -104.929546788823998, 39.708581291301698 ], [ -104.930243657714996, 39.708722980184298 ], [ -104.930802350893998, 39.7088615781893 ], [ -104.930959256685995, 39.708907978273203 ], [ -104.931682583411003, 39.709126638931799 ], [ -104.931673749135001, 39.711094981736103 ], [ -104.931565521267999, 39.7112092614639 ], [ -104.929319405800001, 39.711187806289303 ], [ -104.928148488695001, 39.711182126041599 ], [ -104.926978325220006, 39.711179840812697 ], [ -104.925802914235007, 39.711180967000999 ], [ -104.924624551980997, 39.711175188225099 ], [ -104.923454572877006, 39.711200199582798 ], [ -104.922285899032005, 39.7112149344184 ], [ -104.921121768697006, 39.711198992778201 ], [ -104.919952119895001, 39.711196762289397 ], [ -104.918786635578996, 39.7111909441685 ], [ -104.917622530871995, 39.711198547913597 ], [ -104.916455650521996, 39.711196498618001 ], [ -104.915284127947999, 39.711186399138199 ], [ -104.914125689800997, 39.711207724108299 ], [ -104.912918209828007, 39.711212930820203 ], [ -104.912791852740995, 39.711211755742198 ], [ -104.911812684265996, 39.711202643700403 ], [ -104.911124434298003, 39.711205408136401 ], [ -104.910236800857007, 39.711201983283999 ], [ -104.909689066992996, 39.711199866761802 ], [ -104.908686627392996, 39.7112076228806 ], [ -104.906473543060997, 39.711196991848198 ], [ -104.904446024373001, 39.711212966503297 ], [ -104.903644334020996, 39.711232515839903 ], [ -104.903494676757006, 39.711282417937497 ], [ -104.903511057634006, 39.711125743474 ], [ -104.903511730977002, 39.710837489230897 ], [ -104.903511219425994, 39.709643275276797 ], [ -104.903510721998003, 39.708552010898501 ], [ -104.903510897027004, 39.708531421813497 ], [ -104.903511193238003, 39.708078446239298 ], [ -104.903510710557001, 39.7075081045448 ], [ -104.903502017866998, 39.703882503525101 ], [ -104.903524086047, 39.700325377638102 ], [ -104.903526208274997, 39.7001342659686 ], [ -104.903530918114996, 39.699710218710599 ], [ -104.903544625034002, 39.698535976264097 ], [ -104.903508929180006, 39.698519232678898 ], [ -104.903508131983003, 39.696627013446303 ], [ -104.900103891490005, 39.692955664627902 ], [ -104.903509733952006, 39.692989119184297 ], [ -104.903512227164001, 39.689350881636898 ], [ -104.903538591927003, 39.687377049415197 ], [ -104.903466378633993, 39.686383628695701 ], [ -104.903425621653, 39.685744101981498 ], [ -104.903431491410004, 39.685457624622302 ], [ -104.903513931858996, 39.685483132215602 ], [ -104.903581339328994, 39.685503988617903 ], [ -104.903649639898006, 39.685515659503103 ], [ -104.903710694110998, 39.685543765621297 ], [ -104.903750429861006, 39.685571763802301 ], [ -104.903778641778004, 39.685596958055598 ], [ -104.903818374669996, 39.685625299333097 ], [ -104.903854604206003, 39.685647788791499 ], [ -104.903897124832994, 39.685661730913097 ], [ -104.903947613246999, 39.685678802275703 ], [ -104.904016685748005, 39.685704203601397 ], [ -104.904055650331998, 39.685718470373203 ], [ -104.904088303606997, 39.685743687512399 ], [ -104.904116489494001, 39.685771970163799 ], [ -104.904170248754994, 39.685822344778501 ], [ -104.904217137475996, 39.685844888338103 ], [ -104.904249957408993, 39.685850545341403 ], [ -104.904293397814001, 39.685860717045102 ], [ -104.904365205266998, 39.685877896235603 ], [ -104.904452043388005, 39.685903387297998 ], [ -104.904494561115996, 39.685917672571797 ], [ -104.904570597707007, 39.685959923841096 ], [ -104.904692495163005, 39.686041185592003 ], [ -104.904717151675001, 39.686066704545901 ], [ -104.904800131656998, 39.686128208311402 ], [ -104.904853888961995, 39.686178926179799 ], [ -104.904900565755, 39.686226519322403 ], [ -104.904947216427004, 39.6862772009762 ], [ -104.905011613029998, 39.686330374503903 ], [ -104.905065347114999, 39.686383837430199 ], [ -104.905118918479005, 39.686456516799403 ], [ -104.905146753176993, 39.686526320009797 ], [ -104.905161533924002, 39.686564143250799 ], [ -104.905186004672004, 39.686611624179903 ], [ -104.905236232121993, 39.6866595785269 ], [ -104.905329965659007, 39.686710155186901 ], [ -104.905416033237998, 39.686721914890001 ], [ -104.905470148769993, 39.686730424561603 ], [ -104.905481684777996, 39.6867318552789 ], [ -104.905596949545995, 39.686757489460803 ], [ -104.905654476066005, 39.686782831236897 ], [ -104.905715412993004, 39.686825005819699 ], [ -104.905812627537003, 39.686884178848203 ], [ -104.905884151758997, 39.686934985405799 ], [ -104.905992121645994, 39.686982888185099 ], [ -104.906075220171999, 39.687030664884901 ], [ -104.906143194362997, 39.687081110565501 ], [ -104.906204178294999, 39.687117794170902 ], [ -104.906290475817997, 39.6872074533877 ], [ -104.906354917564997, 39.687255479213597 ], [ -104.906433717306001, 39.687286418555203 ], [ -104.906517074470003, 39.687303654516001 ], [ -104.906653682487004, 39.687326650050203 ], [ -104.906736970208001, 39.687352121281897 ], [ -104.906776682349999, 39.687383206301099 ], [ -104.906811909200997, 39.687419416698297 ], [ -104.906858516165997, 39.687475588093697 ], [ -104.906894512947005, 39.687525872012799 ], [ -104.906929548817999, 39.687584730436299 ], [ -104.906961966311002, 39.687638084939799 ], [ -104.906997962993003, 39.687688368421497 ], [ -104.907040340267997, 39.687719467188899 ], [ -104.907094337916007, 39.687742045424699 ], [ -104.907184662624999, 39.687775788044199 ], [ -104.907242295139994, 39.687788775821701 ], [ -104.907325702102, 39.687800177366299 ], [ -104.907415278368006, 39.687817444180901 ], [ -104.907542208785998, 39.687829408446099 ], [ -104.907631785145, 39.6878466747443 ], [ -104.907671688833005, 39.687855111744803 ], [ -104.907755000972003, 39.687877837344303 ], [ -104.907830199364994, 39.687914591884301 ], [ -104.907934642127998, 39.687959729208202 ], [ -104.908039085282994, 39.688004866691003 ], [ -104.908103624391003, 39.688041567389199 ], [ -104.908215009046998, 39.6881063002673 ], [ -104.908265454241999, 39.688128860029401 ], [ -104.908333642239, 39.688154254376101 ], [ -104.908394605368997, 39.6881936819412 ], [ -104.908448534407995, 39.688224494976701 ], [ -104.908488342973996, 39.688244255703502 ], [ -104.908549424629996, 39.688269614324398 ], [ -104.908613869093998, 39.688317638694599 ], [ -104.908653631761993, 39.6883428896328 ], [ -104.908736921154002, 39.688368359638197 ], [ -104.908761675340997, 39.688382554020102 ], [ -104.908822638388997, 39.688421981608499 ], [ -104.908855225859, 39.688455432627002 ], [ -104.908883226643994, 39.688506018844699 ], [ -104.908908707362002, 39.688539434119797 ], [ -104.908962399873005, 39.688598385489897 ], [ -104.909048071659001, 39.688657497609498 ], [ -104.909127715902002, 39.688693930260598 ], [ -104.909221686097993, 39.688717051498401 ], [ -104.909333543318994, 39.688725849473897 ], [ -104.909409026486998, 39.688728973902798 ], [ -104.909445329164001, 39.688743226091702 ], [ -104.909513307110998, 39.688793669842198 ], [ -104.909559775701993, 39.688866654358399 ], [ -104.909595564214001, 39.688941987719602 ], [ -104.909605753481998, 39.688997974916099 ], [ -104.909622861434002, 39.689076302675304 ], [ -104.909629523538001, 39.6891291839502 ], [ -104.909661782103001, 39.689201753884902 ], [ -104.909682749289004, 39.689243725476302 ], [ -104.909729570436994, 39.689274845556497 ], [ -104.909776368541998, 39.6893087108256 ], [ -104.909826792019004, 39.689334015066002 ], [ -104.909889398475997, 39.689352870062898 ], [ -104.909902111153002, 39.689356698750998 ], [ -104.909974976285994, 39.689354319126799 ], [ -104.909986165939003, 39.689352896640898 ], [ -104.910039895508007, 39.689346065708897 ], [ -104.910068333029997, 39.6893448357484 ], [ -104.910094892676995, 39.6893529261243 ], [ -104.910115295736006, 39.689359141256901 ], [ -104.910151459743005, 39.689389864367897 ], [ -104.910191128408997, 39.689426438928301 ], [ -104.910248586687999, 39.689460357426903 ], [ -104.910352869172002, 39.689525052805799 ], [ -104.910413764989002, 39.689572715026301 ], [ -104.910485321478006, 39.689620430812397 ], [ -104.910556946712006, 39.689659910727698 ], [ -104.910633013798005, 39.689699412862197 ], [ -104.910697509979997, 39.689741602631798 ], [ -104.910769112409, 39.689783827724199 ], [ -104.910859300889996, 39.689834381964602 ], [ -104.910927327316003, 39.689879334514899 ], [ -104.910991915476998, 39.689910542936403 ], [ -104.911092905298005, 39.689944335676401 ], [ -104.911136383967005, 39.6899503875539 ], [ -104.911179797212995, 39.689964331470499 ], [ -104.911270986790996, 39.690001506571001 ], [ -104.911294692313007, 39.690034912615801 ], [ -104.911319262880994, 39.690071068258497 ], [ -104.911348085062002, 39.690129893778 ], [ -104.911383968687005, 39.690194245583797 ], [ -104.911426162173001, 39.690247647720803 ], [ -104.911465938456004, 39.690271525112202 ], [ -104.911545583233007, 39.690308299276403 ], [ -104.911631472091997, 39.690342016223198 ], [ -104.911699522711004, 39.690384222962003 ], [ -104.911807475993996, 39.690435208268298 ], [ -104.911934087320006, 39.690485944053997 ], [ -104.912012821207, 39.690525458964203 ], [ -104.912103034338003, 39.6905732668788 ], [ -104.912171085203994, 39.690615473590903 ], [ -104.912228476378004, 39.690657626728701 ], [ -104.912289325863, 39.690711121393299 ], [ -104.912350342278998, 39.690744713489103 ], [ -104.912415820768999, 39.690775925711897 ], [ -104.912516789215005, 39.690812462624699 ], [ -104.912588580510999, 39.690832381868397 ], [ -104.912671101094006, 39.690844118493402 ], [ -104.912718194288004, 39.690842980869398 ], [ -104.912889226871997, 39.690931349689599 ], [ -104.913045478244001, 39.691012080123301 ], [ -104.913146188924003, 39.691079500206399 ], [ -104.913210733594994, 39.691116198062097 ], [ -104.913268149011998, 39.691155605579802 ], [ -104.913311445038005, 39.6911836180035 ], [ -104.913408766409006, 39.691231460512498 ], [ -104.913466345561005, 39.691251307964301 ], [ -104.913499073422003, 39.691268286518699 ], [ -104.913591882006003, 39.691324685361401 ], [ -104.913638663013003, 39.691360951054399 ], [ -104.913699328044004, 39.691436750301399 ], [ -104.913767896676006, 39.69152356995 ], [ -104.913788961593994, 39.691554216829502 ], [ -104.913806527747994, 39.691578325818902 ], [ -104.913860344457007, 39.691623205839299 ], [ -104.913929171169997, 39.691679141878303 ], [ -104.913979434463002, 39.691724003930702 ], [ -104.914087251352996, 39.691791801328002 ], [ -104.914165919235003, 39.691839550698703 ], [ -104.914259665865998, 39.691890119945597 ], [ -104.914334754625997, 39.691940939173598 ], [ -104.914409914811998, 39.691983179914601 ], [ -104.914525847926996, 39.692036604750399 ], [ -104.914615199213998, 39.692081660882202 ], [ -104.914733772152005, 39.692138187456102 ], [ -104.914813374722002, 39.692180449642997 ], [ -104.914914426340999, 39.6922073762819 ], [ -104.915015464190006, 39.692236018683801 ], [ -104.915076646318994, 39.692250049534501 ], [ -104.915169829457, 39.692261837628301 ], [ -104.915311031716996, 39.692268030547901 ], [ -104.915398090183999, 39.692268463393297 ], [ -104.915455670162999, 39.692288310011399 ], [ -104.915520148761999, 39.692333242253099 ], [ -104.915591662444001, 39.692386788163297 ], [ -104.915670965822002, 39.692465081064903 ], [ -104.915745941951997, 39.692529625511398 ], [ -104.915789203198003, 39.692562098266201 ], [ -104.915828971177007, 39.692587346741703 ], [ -104.915907732202001, 39.692624113707197 ], [ -104.915958182856997, 39.692646670181901 ], [ -104.916012209748999, 39.692666498875397 ], [ -104.916080405152002, 39.6926918886397 ], [ -104.916149466109005, 39.692720027930697 ], [ -104.916245971706999, 39.6927596278368 ], [ -104.916282091631004, 39.6927961826567 ], [ -104.916325273382, 39.692838263456402 ], [ -104.916371891560004, 39.692894430973404 ], [ -104.916422134523998, 39.692942037068001 ], [ -104.916493581037997, 39.693003818436402 ], [ -104.916558155103004, 39.693037425553797 ], [ -104.916659171543003, 39.693068812089599 ], [ -104.91677431107, 39.693111249459299 ], [ -104.916861094281998, 39.693144966959103 ], [ -104.916915039331002, 39.693174746598899 ], [ -104.916972435510999, 39.6932168974337 ], [ -104.917019310740997, 39.693242180935599 ], [ -104.917083976219999, 39.693264807139002 ], [ -104.917130851259998, 39.693290090845601 ], [ -104.917173285177995, 39.693315352270503 ], [ -104.917252728074999, 39.6933771723955 ], [ -104.917360089156006, 39.693500557799801 ], [ -104.917409985437999, 39.6935900282297 ], [ -104.917437764233, 39.693668407742997 ], [ -104.917459440873998, 39.693732687194398 ], [ -104.917480425473002, 39.693773284349298 ], [ -104.917523699420997, 39.693804383722401 ], [ -104.917559963654, 39.693823780771602 ], [ -104.917621167088001, 39.693835408252397 ], [ -104.917703646486999, 39.693852631843697 ], [ -104.917830382039, 39.693889634842698 ], [ -104.917935025374007, 39.693912458481002 ], [ -104.918043176867997, 39.693940790323701 ], [ -104.918092740798002, 39.693963341475801 ], [ -104.918136086068998, 39.693985861585197 ], [ -104.918200658713999, 39.694019811509101 ], [ -104.918297663887998, 39.694106768934503 ], [ -104.918347930997001, 39.694151629228102 ], [ -104.918427331155002, 39.694218939255798 ], [ -104.918656598192996, 39.6944266585066 ], [ -104.918696322195004, 39.694457396903999 ], [ -104.918764230169998, 39.694517786315203 ], [ -104.918825159543999, 39.694562698945099 ], [ -104.918868457046997, 39.6945910526088 ], [ -104.918983648704, 39.694627654163803 ], [ -104.919073917562002, 39.6946699665545 ], [ -104.919210220295994, 39.694732066190198 ], [ -104.919307573582998, 39.694777158604097 ], [ -104.919408341622997, 39.694839082777897 ], [ -104.919483369076005, 39.694898134478599 ], [ -104.919584091516995, 39.694965548955302 ], [ -104.919677775807997, 39.695024692812297 ], [ -104.919792596503001, 39.695106246141798 ], [ -104.919882798581995, 39.695156793517903 ], [ -104.919990787773003, 39.6952050260711 ], [ -104.920097869212995, 39.695255656581402 ], [ -104.920202399087998, 39.695292547481102 ], [ -104.920343216757999, 39.695346089109499 ], [ -104.920573760034003, 39.695400415837803 ], [ -104.92063489761, 39.695420277658101 ], [ -104.920711047617999, 39.695451194612801 ], [ -104.920808264098, 39.695513100015702 ], [ -104.920846778517998, 39.695582952243001 ], [ -104.920919003904004, 39.695658804328403 ], [ -104.920954126837003, 39.695709079424198 ], [ -104.921022982962, 39.695762609245598 ], [ -104.921134114211, 39.695860958340603 ], [ -104.921241718165007, 39.695956201568201 ], [ -104.921284038894001, 39.6959955309732 ], [ -104.921356542458, 39.696037753696302 ], [ -104.921482189520006, 39.696099798263099 ], [ -104.921546881759994, 39.696119677037103 ], [ -104.921633831856994, 39.6961338313832 ], [ -104.921756292902998, 39.696151248731297 ], [ -104.921839619126999, 39.696173964232798 ], [ -104.921907842465998, 39.696196605281301 ], [ -104.921944058010993, 39.696222177505703 ], [ -104.922188833448004, 39.696274855424498 ], [ -104.922275826904993, 39.696302035058302 ], [ -104.922279222374002, 39.696303095843099 ], [ -104.922372205139993, 39.696339928460503 ], [ -104.922422638472995, 39.696365226886499 ], [ -104.922476348127006, 39.6964241721221 ], [ -104.922537258621006, 39.696471827699 ], [ -104.922587482655999, 39.696522519620999 ], [ -104.922620057602003, 39.696558712081298 ], [ -104.922663380455006, 39.696584318973898 ], [ -104.922710271794003, 39.6966082276533 ], [ -104.922743249324995, 39.696616782917303 ], [ -104.922774989993997, 39.696625017273902 ], [ -104.922904421233994, 39.696659282698199 ], [ -104.922998454270001, 39.696676559434003 ], [ -104.923081759279, 39.696702019005201 ], [ -104.923196885829, 39.696747195133199 ], [ -104.923250757434005, 39.696786580266 ], [ -104.923304674218002, 39.696820474866797 ], [ -104.923312203660004, 39.696825070433903 ], [ -104.923757477292995, 39.696805086089597 ], [ -104.923871313826993, 39.696771945007498 ], [ -104.923965686670002, 39.696757343948804 ], [ -104.924053522123003, 39.696747731869202 ], [ -104.92415433251, 39.696740691336501 ], [ -104.924346125585998, 39.696736609669799 ], [ -104.925308166885998, 39.696736293605603 ], [ -104.925961459708006, 39.696734463312502 ], [ -104.926526999667004, 39.696732201491002 ], [ -104.927271291861004, 39.696730807700703 ], [ -104.927394833096002, 39.696726385629503 ], [ -104.927489126536003, 39.696721823652702 ], [ -104.927573729157004, 39.6967096826721 ], [ -104.927694160537996, 39.696687671300602 ], [ -104.927850407123998, 39.696658302407002 ], [ -104.927931780606997, 39.6966436345215 ], [ -104.928029342078005, 39.696636576922302 ], [ -104.928175612390007, 39.696634777523499 ], [ -104.928194773575001, 39.696634870694098 ], [ -104.928213260457994, 39.696634908990099 ], [ -104.928209167248994, 39.698424012594202 ], [ -104.928795597130005, 39.698418969632399 ], [ -104.928779994319996, 39.700226686171099 ], [ -104.929313978693003, 39.700226533143002 ], [ -104.931720122097005, 39.700212790464697 ], [ -104.931720154646001, 39.700318485190003 ], [ -104.932883311230995, 39.700303509789002 ], [ -104.932883084897, 39.701320991683197 ], [ -104.934053321432003, 39.701311529894298 ], [ -104.934052785041004, 39.702039036098 ], [ -104.934045130730993, 39.703759281224599 ], [ -104.933292446094995, 39.7037710990314 ], [ -104.932856551594, 39.703614574238202 ], [ -104.932882539149006, 39.702048154559698 ], [ -104.931712293272994, 39.702057261930598 ], [ -104.931707464783003, 39.703202034557897 ], [ -104.931707442548998, 39.703204779907097 ], [ -104.931704814135998, 39.7038584950539 ], [ -104.930172978824999, 39.703858289529002 ], [ -104.926992023129998, 39.703857590691896 ], [ -104.926985697296004, 39.7066996450299 ], [ -104.928282157281998, 39.7066956592734 ], [ -104.928282151537999, 39.706687432570199 ] ], [ [ -104.929310804880004, 39.702037053895801 ], [ -104.929312583062995, 39.701272148882303 ], [ -104.928298786892, 39.701273745179101 ], [ -104.928642543327996, 39.701612746481402 ], [ -104.929023817496002, 39.701927563935897 ], [ -104.929181922398996, 39.702042948834404 ], [ -104.929310804880004, 39.702037053895801 ] ] ] } },
{ "type": "Feature", "properties": { "nbhd_id": 7, "neighborhood": "Belcaro", "council_district": 10, "population": 5672, "per_capita_income": 121292, "pct_poverty": 8.14527503526093, "pct_renters": 34.419908867858396, "field_requests": 4881, "field_requests_2025": 566, "field_requests_per_1k_per_year": 122.93471690509773, "top_category": "Streets & Traffic", "share_open_in_file": 0.051423888547428805, "wait_index": 0.51843547061142337, "ranked_requests": 1537, "p50_days": 2.6475462962962966 }, "geometry": { "type": "Polygon", "coordinates": [ [ [ -104.940704692327998, 39.711563793391299 ], [ -104.940686363142007, 39.711076070713901 ], [ -104.940690940630006, 39.703813379735998 ], [ -104.940696788438004, 39.697728760598501 ], [ -104.940027752573997, 39.697732096931396 ], [ -104.940026197307006, 39.6979270070673 ], [ -104.938562856513002, 39.697932726998403 ], [ -104.938564151563, 39.696660278125002 ], [ -104.939553005413998, 39.696658474586997 ], [ -104.939553720660001, 39.6965689122814 ], [ -104.940611841058995, 39.696571204845 ], [ -104.940698030890005, 39.696569555855497 ], [ -104.941316393864, 39.696568720696597 ], [ -104.941881458359006, 39.696566942426301 ], [ -104.943026619164996, 39.696572371784796 ], [ -104.944188711419002, 39.696571349647897 ], [ -104.945371212685998, 39.696573501279197 ], [ -104.946528862704994, 39.6965724352671 ], [ -104.947686512947996, 39.696571358061 ], [ -104.948844138382, 39.696573357533602 ], [ -104.950018617406997, 39.696578856206798 ], [ -104.951193147666999, 39.696577823223599 ], [ -104.952355164647997, 39.696586328792201 ], [ -104.953516392645, 39.696582122416601 ], [ -104.954669616716998, 39.696578896554598 ], [ -104.955822811150995, 39.696579434402999 ], [ -104.956963531004007, 39.696584707489897 ], [ -104.958103414793001, 39.6965834462993 ], [ -104.959321475004998, 39.696582531860997 ], [ -104.959328816888004, 39.6983972185376 ], [ -104.959328067570993, 39.700224220838301 ], [ -104.959333683835993, 39.702032377083597 ], [ -104.959359555682994, 39.703863960405798 ], [ -104.959328782474998, 39.705666799657301 ], [ -104.959323140734, 39.707321506798003 ], [ -104.959328059781001, 39.707490365641597 ], [ -104.959327434822001, 39.709301233702597 ], [ -104.959308641052999, 39.710932886247399 ], [ -104.959261006209005, 39.711117975291401 ], [ -104.959314248854, 39.711187619990604 ], [ -104.959314842284996, 39.7117262100668 ], [ -104.959307664419001, 39.712970619808303 ], [ -104.959301765565996, 39.713993337870001 ], [ -104.9593007255, 39.714173602213599 ], [ -104.959302567156001, 39.714513306100301 ], [ -104.959306901283, 39.715312948267297 ], [ -104.959308766432997, 39.715657065331698 ], [ -104.958971589301001, 39.715692027883698 ], [ -104.958903987108002, 39.715699952400499 ], [ -104.958807917209995, 39.7157118651714 ], [ -104.958655767137003, 39.715735872362202 ], [ -104.958478755578994, 39.715757020271198 ], [ -104.958351553449006, 39.715772562869901 ], [ -104.958114155784997, 39.715787941882098 ], [ -104.957901565520004, 39.715813042224298 ], [ -104.957798396822, 39.715823548084799 ], [ -104.957660531111003, 39.715839040935002 ], [ -104.957551120141005, 39.715852263037199 ], [ -104.957408829450003, 39.715865333329198 ], [ -104.957210616623996, 39.715869909752797 ], [ -104.957072875237998, 39.715869274086003 ], [ -104.956793826522002, 39.715869358169897 ], [ -104.956687166547994, 39.7158716108165 ], [ -104.956613429615999, 39.715868524978902 ], [ -104.956482078567007, 39.715845955928103 ], [ -104.956365810874004, 39.715826544556897 ], [ -104.956284140170993, 39.715815185778098 ], [ -104.956100358599997, 39.715792374092899 ], [ -104.955991160595005, 39.715778142788302 ], [ -104.955905956500999, 39.715764021714598 ], [ -104.955807451672001, 39.715746064819797 ], [ -104.955725780307006, 39.715734705799697 ], [ -104.955598703011006, 39.715734117747402 ], [ -104.955495619112995, 39.715733640624101 ], [ -104.955438788199999, 39.715727886914998 ], [ -104.955343829824997, 39.715710975689298 ], [ -104.955265777836999, 39.715691397239503 ], [ -104.955089167813995, 39.715660724040802 ], [ -104.954951639605994, 39.715632633729797 ], [ -104.954792763306003, 39.715607190003503 ], [ -104.954721767052007, 39.715594506740899 ], [ -104.954630404027, 39.715572464304202 ], [ -104.954506355589999, 39.715525218737 ], [ -104.954365356276, 39.715486474112801 ], [ -104.954245580684002, 39.715461210556498 ], [ -104.954107036931006, 39.715449586982601 ], [ -104.954033321140002, 39.715443754182303 ], [ -104.953944560650996, 39.715429958556598 ], [ -104.953846005778999, 39.715418519900403 ], [ -104.953778575613001, 39.7154044802542 ], [ -104.953697033490002, 39.715376648430201 ], [ -104.953630585293993, 39.7153506026592 ], [ -104.953503089996005, 39.715289613865899 ], [ -104.953351684905996, 39.715217875890502 ], [ -104.953196811005, 39.715135140180003 ], [ -104.953063157618999, 39.715066229383503 ], [ -104.952903777306005, 39.714991708448601 ], [ -104.952812587245006, 39.714947702918401 ], [ -104.952702927629005, 39.714878903266303 ], [ -104.952657853198005, 39.714847122569999 ], [ -104.952594125306007, 39.714814225560303 ], [ -104.952502070628995, 39.714767127139403 ], [ -104.952421415694005, 39.714739642129899 ], [ -104.952220187593994, 39.714675563070998 ], [ -104.952117359843001, 39.714642483710399 ], [ -104.952033131961002, 39.7146173838509 ], [ -104.951933794465006, 39.714592556510901 ], [ -104.951860102241, 39.714583977261 ], [ -104.951732373965996, 39.714553183384297 ], [ -104.951683606253994, 39.714539229712003 ], [ -104.951609258323998, 39.714500792224797 ], [ -104.951534977536994, 39.714453776099099 ], [ -104.951500554109003, 39.714423759961797 ], [ -104.951429903071002, 39.714367151997699 ], [ -104.951296722848994, 39.714238188133798 ], [ -104.951194347051, 39.714147458739497 ], [ -104.951117678105007, 39.714065085135204 ], [ -104.951015428790996, 39.713958227747199 ], [ -104.950928053442993, 39.713881294727202 ], [ -104.950878845741002, 39.713810030257498 ], [ -104.950776428194999, 39.713724790769099 ], [ -104.950717274389007, 39.713675442675701 ], [ -104.950660702945996, 39.713636743997803 ], [ -104.950632374839998, 39.7136228853361 ], [ -104.950509282894004, 39.713567747613901 ], [ -104.950452668647003, 39.7135345393188 ], [ -104.950403161390994, 39.713501707734203 ], [ -104.950326248658001, 39.713450560106601 ], [ -104.950205801815997, 39.713398179864697 ], [ -104.950121702581995, 39.7133569499887 ], [ -104.950061663634997, 39.713307254086601 ], [ -104.950030143714002, 39.713247053257199 ], [ -104.950034190813994, 39.713184273525599 ], [ -104.950020122840996, 39.713164990498903 ], [ -104.950014262622005, 39.713164009139099 ], [ -104.949952674342001, 39.713153694192897 ], [ -104.949896796196995, 39.713140049245197 ], [ -104.949787207170999, 39.713063011656303 ], [ -104.949646646152999, 39.712969356591799 ], [ -104.949590075865004, 39.7129306579914 ], [ -104.949467072632999, 39.712864538447803 ], [ -104.949385661741999, 39.7128205755727 ], [ -104.949315870302996, 39.712768088179303 ], [ -104.949252339805994, 39.712710482501301 ], [ -104.949203027650995, 39.7126529436186 ], [ -104.949147818192003, 39.7125541971402 ], [ -104.949130452418999, 39.712502298464699 ], [ -104.949095595360006, 39.712414628394498 ], [ -104.949064055047003, 39.7123571726801 ], [ -104.949039518942001, 39.712313132952701 ], [ -104.948997272586993, 39.712261117506898 ], [ -104.948903091835007, 39.712146059899503 ], [ -104.948853653154003, 39.712104648696098 ], [ -104.948800614091994, 39.7120690544184 ], [ -104.948723694091001, 39.712019278492498 ], [ -104.948642305698996, 39.711972569944102 ], [ -104.948599933614005, 39.711936682443401 ], [ -104.948551618485993, 39.711865421117203 ], [ -104.948509480908996, 39.711799679622999 ], [ -104.948456506990993, 39.711755849606199 ], [ -104.948365153699001, 39.711733458703897 ], [ -104.948255096324999, 39.711716470684799 ], [ -104.948201953129001, 39.711694259083998 ], [ -104.948117867842996, 39.711651655579701 ], [ -104.948032883348006, 39.711610420015198 ], [ -104.947973649559003, 39.711571708310998 ], [ -104.947892457186995, 39.711500292196703 ], [ -104.946182772544006, 39.711494656611997 ], [ -104.945579403186997, 39.711493187386701 ], [ -104.944974253724993, 39.711492049245003 ], [ -104.944383324024002, 39.7114906319798 ], [ -104.943768402941998, 39.711489098244499 ], [ -104.943164098549005, 39.711493445678599 ], [ -104.942559793304994, 39.711497789552702 ], [ -104.942185108085994, 39.711469581499998 ], [ -104.941349415171004, 39.711443170331798 ], [ -104.940908704354996, 39.711463521374 ], [ -104.940704692327998, 39.711563793391299 ] ] ] } },
{ "type": "Feature", "properties": { "nbhd_id": 75, "neighborhood": "West Highland", "council_district": 1, "population": 10546, "per_capita_income": 170076, "pct_poverty": 3.2808902532617035, "pct_renters": 42.692791659176706, "field_requests": 11399, "field_requests_2025": 1497, "field_requests_per_1k_per_year": 154.41196391319659, "top_category": "Neighborhood Inspection", "share_open_in_file": 0.072462496710237745, "wait_index": 0.51757879432055642, "ranked_requests": 3607, "p50_days": 3.8371990740740745 }, "geometry": { "type": "Polygon", "coordinates": [ [ [ -105.025238785724994, 39.769289010027201 ], [ -105.025250470220996, 39.7683515621883 ], [ -105.025288118776004, 39.7681569127869 ], [ -105.025287546241003, 39.767437738901002 ], [ -105.025286861254997, 39.766512119310697 ], [ -105.025287591584004, 39.766078847227803 ], [ -105.025233456855005, 39.765610376542 ], [ -105.025282949814994, 39.765087367299401 ], [ -105.025281305641997, 39.764665679043098 ], [ -105.025278018549002, 39.763779168148602 ], [ -105.025244445216003, 39.7631997621625 ], [ -105.02524248668, 39.762438635143504 ], [ -105.025241748556994, 39.762022385227503 ], [ -105.025223858505996, 39.760855929828899 ], [ -105.025235912960994, 39.760257514691602 ], [ -105.025233743068995, 39.758476874622403 ], [ -105.026094472058006, 39.758482745524297 ], [ -105.026841383298006, 39.758488152401398 ], [ -105.027558107781005, 39.758486570469401 ], [ -105.027597235008997, 39.758486384338397 ], [ -105.028173404125994, 39.758493499432703 ], [ -105.029930556585001, 39.758486460737302 ], [ -105.031089183671, 39.758491082171702 ], [ -105.032282489416005, 39.758495830006801 ], [ -105.033434002582993, 39.758500400090497 ], [ -105.034613875334003, 39.758519483652201 ], [ -105.035198125343001, 39.758514928878903 ], [ -105.035798383130995, 39.758510091616898 ], [ -105.036971328730004, 39.758500985352697 ], [ -105.037562662780005, 39.758500908410099 ], [ -105.038137101870007, 39.758500761450797 ], [ -105.038664410663998, 39.758500770497498 ], [ -105.038700870263, 39.758500570069401 ], [ -105.039303763923996, 39.758500529482099 ], [ -105.039896889258003, 39.758498388385298 ], [ -105.040494463488002, 39.7584959188966 ], [ -105.041075140277002, 39.758493722863001 ], [ -105.041654930087006, 39.758491178141099 ], [ -105.042248947537004, 39.758488685493901 ], [ -105.042826956404994, 39.758486470643703 ], [ -105.043422689503998, 39.758493587273499 ], [ -105.044005975697999, 39.758500309696402 ], [ -105.045068641224006, 39.758493440243797 ], [ -105.045456357125005, 39.758491163688298 ], [ -105.046325990357005, 39.758495205260999 ], [ -105.046948521478001, 39.758483533684199 ], [ -105.048423764603996, 39.758479937568403 ], [ -105.048670902995994, 39.758490150620801 ], [ -105.049013286732006, 39.7584849429862 ], [ -105.049301425026997, 39.758480212703397 ], [ -105.049861692152007, 39.758471375795999 ], [ -105.050894942626996, 39.758475322724699 ], [ -105.051477397533006, 39.758473082963 ], [ -105.051510300160004, 39.758472864963103 ], [ -105.052080305966996, 39.758470574581899 ], [ -105.052646730926995, 39.7584720426293 ], [ -105.053239833438994, 39.7584736092113 ], [ -105.053240324328002, 39.758473656643503 ], [ -105.053244385016001, 39.762085327670803 ], [ -105.053240954499003, 39.7693224289524 ], [ -105.053240880146006, 39.769334096189702 ], [ -105.052655679718995, 39.769334275551103 ], [ -105.052079373257996, 39.769334486596897 ], [ -105.051494999257002, 39.7693446152986 ], [ -105.050916850844004, 39.769354764698697 ], [ -105.050336064077996, 39.7693600972868 ], [ -105.049760616127998, 39.769365103705603 ], [ -105.048808992725995, 39.769366264773097 ], [ -105.048598251102007, 39.769360652440298 ], [ -105.047973010503995, 39.769363743679499 ], [ -105.047442046957002, 39.769366164998203 ], [ -105.046285780709994, 39.769381273855601 ], [ -105.045717477657007, 39.769381484403603 ], [ -105.045149172698004, 39.769382035573003 ], [ -105.044012694120994, 39.7693628829795 ], [ -105.043432765315004, 39.769372989135 ], [ -105.042856395860994, 39.769382762683101 ], [ -105.042309244501993, 39.769412549996197 ], [ -105.042264759939002, 39.769415122208997 ], [ -105.041674903835002, 39.769447142370602 ], [ -105.041086112306999, 39.769452398215599 ], [ -105.040499101253999, 39.769457314894503 ], [ -105.039918425452996, 39.769445438306903 ], [ -105.039337752880996, 39.769433216297799 ], [ -105.038740890903, 39.769448379600703 ], [ -105.038155593843001, 39.769463242730602 ], [ -105.037579125061995, 39.769487745728 ], [ -105.036986643830005, 39.769512869571301 ], [ -105.036411161649994, 39.769522614860499 ], [ -105.035804549825002, 39.769532578167102 ], [ -105.035237976711997, 39.769539951203001 ], [ -105.034642940130993, 39.769547894892497 ], [ -105.034044551201006, 39.769524938674998 ], [ -105.033644439900996, 39.769509628076698 ], [ -105.033072724765006, 39.769487802396199 ], [ -105.032300865401993, 39.769471698519702 ], [ -105.031537035754994, 39.769451846897901 ], [ -105.029969417237993, 39.769403047283099 ], [ -105.027610228271996, 39.7693603182841 ], [ -105.025953683268995, 39.7693107651329 ], [ -105.025238785724994, 39.769289010027201 ] ] ] } },
{ "type": "Feature", "properties": { "nbhd_id": 42, "neighborhood": "Lowry Field", "council_district": 5, "population": 9925, "per_capita_income": 164039, "pct_poverty": 7.9165823041101442, "pct_renters": 49.478207489257215, "field_requests": 6330, "field_requests_2025": 996, "field_requests_per_1k_per_year": 91.111910759265939, "top_category": "Streets & Traffic", "share_open_in_file": 0.057187993680884674, "wait_index": 0.51708659393396339, "ranked_requests": 1579, "p50_days": 2.2325810185185184 }, "geometry": { "type": "Polygon", "coordinates": [ [ [ -104.884700198944003, 39.732847155325999 ], [ -104.884712932715004, 39.730567490143102 ], [ -104.884780242331999, 39.730457379164001 ], [ -104.884855508263996, 39.730350383254198 ], [ -104.884938489717996, 39.730246844822098 ], [ -104.885028920978996, 39.730147095153598 ], [ -104.885126512653002, 39.730051453566297 ], [ -104.885230952458997, 39.729960226008501 ], [ -104.885341906080995, 39.729873704511299 ], [ -104.885459018540999, 39.729792165892299 ], [ -104.885581914922994, 39.729715871106102 ], [ -104.886408004906002, 39.7292320793904 ], [ -104.886465483809005, 39.729191306804204 ], [ -104.886521117344003, 39.729149035664001 ], [ -104.885032808069994, 39.7281431960728 ], [ -104.884925284266998, 39.7280663018065 ], [ -104.884823519866003, 39.727984868559702 ], [ -104.884727835649002, 39.727899153026001 ], [ -104.882508267804994, 39.725589660860798 ], [ -104.881997208404002, 39.725057055074402 ], [ -104.881823591613994, 39.725156216558403 ], [ -104.881681222943996, 39.725233693141398 ], [ -104.881534402390997, 39.725306046318103 ], [ -104.881383438930996, 39.725373123923099 ], [ -104.881228650224003, 39.7254347846781 ], [ -104.881070362084998, 39.725490898942098 ], [ -104.880908907576, 39.725541348506397 ], [ -104.880744626481999, 39.725586027243999 ], [ -104.880546253584001, 39.7255856492947 ], [ -104.880546251466001, 39.725585859718798 ], [ -104.875332766003993, 39.725575598487403 ], [ -104.875343967903007, 39.719227137252098 ], [ -104.875226657360997, 39.719226857448398 ], [ -104.875222031243993, 39.7191475619654 ], [ -104.875208514907001, 39.719068562594501 ], [ -104.875186988856996, 39.718990893503303 ], [ -104.875155668372003, 39.718915230918498 ], [ -104.875116331138997, 39.718841584877303 ], [ -104.875068965669996, 39.7187713277361 ], [ -104.875013574256997, 39.718704116516598 ], [ -104.874951037513995, 39.718640985582098 ], [ -104.874881350774999, 39.718582277224897 ], [ -104.874805397887997, 39.718528683045299 ], [ -104.874724067252998, 39.7184802080046 ], [ -104.874637352554004, 39.718437538070198 ], [ -104.874546142379003, 39.718400677654103 ], [ -104.874450430851994, 39.718370313379197 ], [ -104.874352886997997, 39.718346116298903 ], [ -104.874251724290005, 39.718329106149298 ], [ -104.874149614543001, 39.718318611425403 ], [ -104.874047444113998, 39.718314979420803 ], [ -104.870643645309002, 39.718313633018603 ], [ -104.870666102057996, 39.711054797354599 ], [ -104.870664756921997, 39.710214036449599 ], [ -104.870665226808995, 39.710033245596001 ], [ -104.875373456781006, 39.7088980366835 ], [ -104.878979574506999, 39.708043420594201 ], [ -104.883130191438994, 39.707056979476 ], [ -104.883613266441003, 39.706956386593703 ], [ -104.883809539056003, 39.706929576579 ], [ -104.884109519934, 39.706911982219196 ], [ -104.884425859773998, 39.706915235625402 ], [ -104.884730905788004, 39.706936601175798 ], [ -104.884938952623997, 39.706966410282497 ], [ -104.885150720360997, 39.707007162654001 ], [ -104.885371801697005, 39.707064130442397 ], [ -104.885555621742995, 39.7071205125986 ], [ -104.885821839851005, 39.707218980264798 ], [ -104.886009615218995, 39.707304903899796 ], [ -104.886240996743993, 39.707434738862503 ], [ -104.886509807622005, 39.7075963191689 ], [ -104.886815797894002, 39.707790413629503 ], [ -104.887309856569004, 39.708093157352501 ], [ -104.887559676487001, 39.708248836090199 ], [ -104.888675816307, 39.708944359557997 ], [ -104.889291239906996, 39.709327850180898 ], [ -104.889847145974002, 39.7096709196463 ], [ -104.890994623488993, 39.710379049907601 ], [ -104.891585285898998, 39.710751000754399 ], [ -104.891860353387997, 39.710918668241 ], [ -104.892126426291995, 39.711036536165999 ], [ -104.892370799434005, 39.711120314500903 ], [ -104.892559010493997, 39.7111552725503 ], [ -104.892909879488002, 39.7111932127983 ], [ -104.901709273093005, 39.711208441950902 ], [ -104.903359526649993, 39.711211224923503 ], [ -104.903494676757006, 39.711282417937497 ], [ -104.903644334020996, 39.711232515839903 ], [ -104.904446024373001, 39.711212966503297 ], [ -104.906473543060997, 39.711196991848198 ], [ -104.908686627392996, 39.7112076228806 ], [ -104.909689066992996, 39.711199866761802 ], [ -104.910236800857007, 39.711201983283999 ], [ -104.910097472819004, 39.711383787357803 ], [ -104.909977513352004, 39.711539791507697 ], [ -104.909096556926997, 39.712662401271302 ], [ -104.908765085808, 39.713084776138103 ], [ -104.907687465756993, 39.714457869889401 ], [ -104.907460422889997, 39.714747160633003 ], [ -104.907454441070001, 39.714754782518398 ], [ -104.907431913120007, 39.714783487625198 ], [ -104.910146662208007, 39.714801047216703 ], [ -104.912699153925004, 39.714795268622403 ], [ -104.912697438742001, 39.716250850244499 ], [ -104.912695047449006, 39.718280217344898 ], [ -104.912781294401995, 39.718363873890297 ], [ -104.911643452793001, 39.718362496000701 ], [ -104.910691626989006, 39.718362994740303 ], [ -104.909729114960996, 39.718362559902197 ], [ -104.908777141654994, 39.718366015908401 ], [ -104.908382758475, 39.718370162536999 ], [ -104.908356097804997, 39.718370028450401 ], [ -104.908329437394002, 39.718369894359 ], [ -104.908276113680998, 39.7183699690735 ], [ -104.908222789768999, 39.718370044214502 ], [ -104.908169465533007, 39.718370119279399 ], [ -104.908166915297002, 39.718461730796101 ], [ -104.908165511324, 39.718628157615299 ], [ -104.908164978643995, 39.718796648093203 ], [ -104.908157866986002, 39.720061030080501 ], [ -104.908148309702995, 39.721509951999003 ], [ -104.908146847726002, 39.721683241398601 ], [ -104.908146121008002, 39.721874722894 ], [ -104.908145003526997, 39.722007177854103 ], [ -104.907944141940007, 39.722007196584698 ], [ -104.906865168321005, 39.722008281582703 ], [ -104.906660751689998, 39.722008280448897 ], [ -104.906521604629006, 39.722008459445803 ], [ -104.906007500564002, 39.722009101737299 ], [ -104.905789790528004, 39.722004570924497 ], [ -104.904772727582994, 39.722002391202601 ], [ -104.903734720044994, 39.721995684469803 ], [ -104.903536627419001, 39.721995612145399 ], [ -104.903534036598003, 39.722385127450998 ], [ -104.903528929062006, 39.723275102116602 ], [ -104.903519999565006, 39.724831001570998 ], [ -104.903510703307006, 39.725039980613097 ], [ -104.903493838874994, 39.725254727824101 ], [ -104.903407530045996, 39.725641959782898 ], [ -104.903454722484994, 39.7266993842101 ], [ -104.903459580993996, 39.726880833394702 ], [ -104.903464936221994, 39.727018802376499 ], [ -104.903460478271001, 39.728071706338199 ], [ -104.903464081864996, 39.728673399382998 ], [ -104.903467744150007, 39.7292849896942 ], [ -104.903468825735999, 39.729576021645002 ], [ -104.903468066612007, 39.7298768563641 ], [ -104.903467623859001, 39.730045518537501 ], [ -104.903464836454006, 39.730717734674897 ], [ -104.903463314519996, 39.731687290166903 ], [ -104.903458717004995, 39.732895051873598 ], [ -104.902039871883005, 39.732872590529396 ], [ -104.900976539967004, 39.732875349147498 ], [ -104.899892804304002, 39.732873943945201 ], [ -104.898763546455996, 39.732872296153303 ], [ -104.897759373748997, 39.7328690980113 ], [ -104.897588552106001, 39.732868553016303 ], [ -104.896870257101, 39.732866259060103 ], [ -104.896513183836007, 39.7328651170615 ], [ -104.895981140784002, 39.732863413642498 ], [ -104.895199999230002, 39.732860907894199 ], [ -104.893369186898994, 39.732855015545297 ], [ -104.890595364296999, 39.732855049018902 ], [ -104.889422395696997, 39.732850546956598 ], [ -104.888226440761997, 39.732853189410697 ], [ -104.887047216580001, 39.732853365996398 ], [ -104.885868189264002, 39.732851335151302 ], [ -104.884708734458997, 39.732847201768799 ], [ -104.884700198944003, 39.732847155325999 ] ] ] } },
{ "type": "Feature", "properties": { "nbhd_id": 14, "neighborhood": "City Park", "council_district": 9, "population": 3799, "per_capita_income": 72878, "pct_poverty": 12.945335871634484, "pct_renters": 61.797752808988761, "field_requests": 4012, "field_requests_2025": 623, "field_requests_per_1k_per_year": 150.86676945060728, "top_category": "Streets & Traffic", "share_open_in_file": 0.057577268195413756, "wait_index": 0.51433420424907061, "ranked_requests": 1053, "p50_days": 2.8316435185185185 }, "geometry": { "type": "Polygon", "coordinates": [ [ [ -104.940621034984005, 39.751036810206998 ], [ -104.940628217593996, 39.749244530194602 ], [ -104.940634999574002, 39.747391163906499 ], [ -104.940639756734001, 39.746125960579299 ], [ -104.940644642173993, 39.744956155568403 ], [ -104.940653346082996, 39.743753424934901 ], [ -104.940650831146002, 39.743399959000897 ], [ -104.940653900624994, 39.742569185384902 ], [ -104.940656233864999, 39.741942244550401 ], [ -104.940656861338994, 39.741752137478599 ], [ -104.940657992083004, 39.741387364621303 ], [ -104.940663578845005, 39.740129369815001 ], [ -104.941316083843006, 39.7401317822697 ], [ -104.941870798577995, 39.7401340715016 ], [ -104.943050295130007, 39.740141955418501 ], [ -104.944160279339997, 39.7401425063075 ], [ -104.944509251588997, 39.740144840705 ], [ -104.944791047245005, 39.740146856528199 ], [ -104.945366197704999, 39.7401505985098 ], [ -104.945616004288993, 39.740150745992104 ], [ -104.945945822764003, 39.740150584050703 ], [ -104.946165423262002, 39.740148186100001 ], [ -104.946539663251002, 39.740151662828403 ], [ -104.947273062584003, 39.740154423502503 ], [ -104.947682879783002, 39.740155661260602 ], [ -104.947824224816003, 39.740156324603603 ], [ -104.948261599744001, 39.740157689857597 ], [ -104.948369180726999, 39.740156135367798 ], [ -104.948846539906, 39.740160088120298 ], [ -104.948930102180995, 39.740160479478497 ], [ -104.949421703900995, 39.740162094356101 ], [ -104.949470605063993, 39.740161293518 ], [ -104.950059981947007, 39.740164735685397 ], [ -104.950651163589001, 39.740164751706303 ], [ -104.950701815751003, 39.740167390401801 ], [ -104.951239641133995, 39.740169556625098 ], [ -104.951822817022006, 39.740170215678503 ], [ -104.952399742734997, 39.740174274877397 ], [ -104.952988247180002, 39.740175639255398 ], [ -104.953566956762003, 39.7401790145192 ], [ -104.953598959475002, 39.740179162723301 ], [ -104.954165218617007, 39.740183163736098 ], [ -104.954193678646007, 39.740181579761803 ], [ -104.954743060460004, 39.740183783373197 ], [ -104.955175374917999, 39.740183383896202 ], [ -104.955682708180007, 39.740186417858602 ], [ -104.956270307948003, 39.740189820748697 ], [ -104.956851687036007, 39.740192849065501 ], [ -104.957427730114006, 39.740196192631402 ], [ -104.957892589143995, 39.740207257610599 ], [ -104.957991303629001, 39.740202564885301 ], [ -104.958110472759998, 39.740196936793403 ], [ -104.958443225943, 39.740162093678897 ], [ -104.958797374743995, 39.740119455363299 ], [ -104.959139242039001, 39.740055484174597 ], [ -104.959282528630993, 39.740034866516297 ], [ -104.959469425261005, 39.740007929357603 ], [ -104.959781605420005, 39.739989116066802 ], [ -104.959777057460997, 39.741618414209 ], [ -104.959783083735005, 39.7432597702404 ], [ -104.959790138596006, 39.744767641114301 ], [ -104.959784100855998, 39.746936373836903 ], [ -104.959767250061006, 39.748200490753099 ], [ -104.959761133233997, 39.749456077813697 ], [ -104.959766530048, 39.750717550122097 ], [ -104.959222362906999, 39.750720198619398 ], [ -104.958786527897004, 39.7507411867998 ], [ -104.958378966287, 39.750785294741199 ], [ -104.957868040177999, 39.750858437422004 ], [ -104.957259312556005, 39.750931126508803 ], [ -104.956662208463996, 39.7509952871766 ], [ -104.955296338359005, 39.751130697654503 ], [ -104.954944972180996, 39.751151033107597 ], [ -104.954504738514004, 39.751165465041097 ], [ -104.949863610947006, 39.7511551153883 ], [ -104.949061484075997, 39.751153307627703 ], [ -104.945730023153999, 39.751145743395497 ], [ -104.943243108146007, 39.7511463581803 ], [ -104.942402083421996, 39.751134140966499 ], [ -104.940621034984005, 39.751036810206998 ] ] ] } },
{ "type": "Feature", "properties": { "nbhd_id": 4, "neighborhood": "Barnum", "council_district": 3, "population": 4928, "per_capita_income": 28189, "pct_poverty": 22.165682882149397, "pct_renters": 39.436619718309856, "field_requests": 6226, "field_requests_2025": 817, "field_requests_per_1k_per_year": 180.48469387755102, "top_category": "Solid Waste", "share_open_in_file": 0.10167041439126245, "wait_index": 0.51429697921053652, "ranked_requests": 1374, "p50_days": 2.0527083333333334 }, "geometry": { "type": "Polygon", "coordinates": [ [ [ -105.025136108953006, 39.725542604516598 ], [ -105.025136261487006, 39.725484921586201 ], [ -105.025137448465003, 39.725034078797201 ], [ -105.025133683646999, 39.724539913963802 ], [ -105.025127434503005, 39.723493594854503 ], [ -105.025116093256003, 39.722936943947403 ], [ -105.025115448432004, 39.722900909651997 ], [ -105.025113110912002, 39.7220646193419 ], [ -105.025108215469999, 39.721343620679399 ], [ -105.025104069445007, 39.721168249359202 ], [ -105.025102149977997, 39.720270191694702 ], [ -105.025108321790995, 39.719752387639602 ], [ -105.025095868636001, 39.719360105198703 ], [ -105.025109154776999, 39.718447695702103 ], [ -105.025113760314994, 39.718161175411502 ], [ -105.025105539229003, 39.717537619770702 ], [ -105.025077834599998, 39.716641515898502 ], [ -105.025094714179005, 39.7157232860839 ], [ -105.025094424149998, 39.714978626242299 ], [ -105.025087462689996, 39.714825206481798 ], [ -105.025082079414005, 39.713389055423697 ], [ -105.025082066435999, 39.712996821249597 ], [ -105.025092622513, 39.711174677802497 ], [ -105.026320785159996, 39.711162474498103 ], [ -105.026930448244997, 39.711152229810899 ], [ -105.027534781740002, 39.7111419617613 ], [ -105.028159466958002, 39.711144469320701 ], [ -105.028767268474994, 39.711146905922597 ], [ -105.029388339614002, 39.7111583150797 ], [ -105.029940107174994, 39.711168414129503 ], [ -105.030611842504996, 39.7111779597086 ], [ -105.031224935656994, 39.711186581495397 ], [ -105.031835341825996, 39.711198278152402 ], [ -105.032455520766007, 39.711210353465397 ], [ -105.033677275626999, 39.7112258412564 ], [ -105.034287751395993, 39.711227230644901 ], [ -105.034883120778005, 39.711228556980302 ], [ -105.035495391934006, 39.711227201769603 ], [ -105.036082781797006, 39.711225745089699 ], [ -105.036717215471995, 39.711232363489302 ], [ -105.037280561651002, 39.711238699036997 ], [ -105.038485540633005, 39.711237942281898 ], [ -105.039697539228001, 39.711250928757998 ], [ -105.039694055799998, 39.711781783886501 ], [ -105.039686275597006, 39.713374019398998 ], [ -105.039700724998994, 39.7149642823221 ], [ -105.039681322090999, 39.716567108702698 ], [ -105.039702055768998, 39.718147785705099 ], [ -105.039701411839005, 39.719735927511202 ], [ -105.039715828862001, 39.721331334113401 ], [ -105.039717628442006, 39.7229534563998 ], [ -105.039450130754005, 39.722950007465002 ], [ -105.039455654955006, 39.724545377248397 ], [ -105.039455626873007, 39.725497301266003 ], [ -105.039454676844997, 39.7256420072815 ], [ -105.039454241716996, 39.725708284709199 ], [ -105.039124543952994, 39.725707536331498 ], [ -105.039117764500006, 39.725707520814503 ], [ -105.037016593190998, 39.7256992709939 ], [ -105.034715606846007, 39.725676770518099 ], [ -105.033811623798002, 39.725683259163397 ], [ -105.033364100963993, 39.725668061719901 ], [ -105.032932255608998, 39.7256469705559 ], [ -105.032840594869995, 39.725642493817503 ], [ -105.032705576164005, 39.725635004428703 ], [ -105.032232551388006, 39.725608764932502 ], [ -105.032123792983995, 39.725602732017499 ], [ -105.031698066640999, 39.725577547245997 ], [ -105.030913704718003, 39.725567710821601 ], [ -105.028935618407999, 39.725566231867802 ], [ -105.028847259893993, 39.725566165163997 ], [ -105.026833054034995, 39.725551369860902 ], [ -105.025385351278999, 39.7255438933771 ], [ -105.025136108953006, 39.725542604516598 ] ] ] } },
{ "type": "Feature", "properties": { "nbhd_id": 66, "neighborhood": "University Park", "council_district": 6, "population": 8436, "per_capita_income": 137001, "pct_poverty": 21.136224801466096, "pct_renters": 63.83581033262562, "field_requests": 6768, "field_requests_2025": 807, "field_requests_per_1k_per_year": 114.61085145295671, "top_category": "Streets & Traffic", "share_open_in_file": 0.050384160756501185, "wait_index": 0.51339988876820641, "ranked_requests": 2013, "p50_days": 2.7216666666666662 }, "geometry": { "type": "Polygon", "coordinates": [ [ [ -104.940687294851003, 39.682962315723799 ], [ -104.940689618978993, 39.682627331791402 ], [ -104.940686768543003, 39.681698157526803 ], [ -104.940687091263996, 39.680807414954003 ], [ -104.940683596734004, 39.680098440691197 ], [ -104.940748368146004, 39.6784151507822 ], [ -104.940731288441995, 39.676597553356302 ], [ -104.940718089957002, 39.674815390131201 ], [ -104.940702365202, 39.674313648946097 ], [ -104.940707536988995, 39.673320735525799 ], [ -104.940695614335993, 39.671888051005098 ], [ -104.940679666606002, 39.668329739399702 ], [ -104.940679575947996, 39.667560842286399 ], [ -104.941773137935002, 39.6675587754482 ], [ -104.942798644424002, 39.667559303832 ], [ -104.943823225458004, 39.6675626852821 ], [ -104.944367596762007, 39.667564825582801 ], [ -104.944843864543998, 39.667563147899401 ], [ -104.945362551962006, 39.667564970922399 ], [ -104.945822363301005, 39.667566109334103 ], [ -104.945986281602003, 39.667563619885698 ], [ -104.946064974622004, 39.667558925063901 ], [ -104.946183193224996, 39.667529088405203 ], [ -104.946461159288006, 39.667438426594899 ], [ -104.946944831767993, 39.667276565362002 ], [ -104.947175413924001, 39.6671912273071 ], [ -104.947407480737994, 39.667115355027001 ], [ -104.947789437346998, 39.667017965915399 ], [ -104.947931127960999, 39.666995935110201 ], [ -104.948069386707004, 39.666979510289401 ], [ -104.948296951375994, 39.666952093282703 ], [ -104.948508923841999, 39.666940725602302 ], [ -104.948683584036004, 39.666943612117301 ], [ -104.948914154711005, 39.666952243051703 ], [ -104.949002919969999, 39.666957466584499 ], [ -104.949073027001006, 39.666963969876598 ], [ -104.949143112730994, 39.666973222731002 ], [ -104.949212290339005, 39.666984870930598 ], [ -104.949316038836002, 39.667004918369798 ], [ -104.949545645211998, 39.667051379678902 ], [ -104.949644277678999, 39.667076481550403 ], [ -104.949816774138, 39.667123411835597 ], [ -104.949995357608998, 39.667181503314502 ], [ -104.950109190383003, 39.6672179630594 ], [ -104.950257988196995, 39.667281338617002 ], [ -104.950404718483995, 39.667361070241697 ], [ -104.950624674132001, 39.667496171120703 ], [ -104.950782754749, 39.6675446229074 ], [ -104.951451982630005, 39.667572348754703 ], [ -104.952370960142005, 39.667576003743399 ], [ -104.953295432781005, 39.667575333479903 ], [ -104.953837158210007, 39.6675805701313 ], [ -104.955123214555996, 39.667580032721403 ], [ -104.956541962895997, 39.667582225623001 ], [ -104.957961320302999, 39.667588678171803 ], [ -104.959379283456002, 39.667595255725402 ], [ -104.959394435777, 39.669407955040299 ], [ -104.959390234305005, 39.671214594151401 ], [ -104.959385134900003, 39.673029587104502 ], [ -104.959381221087995, 39.674842741467899 ], [ -104.959391523955006, 39.676631332175297 ], [ -104.959393323141995, 39.678425844075299 ], [ -104.959388503043002, 39.680252968220401 ], [ -104.959378368128995, 39.682035646366799 ], [ -104.959386117535004, 39.682486060023599 ], [ -104.959425125807002, 39.682787678781999 ], [ -104.959434618879996, 39.683297095031399 ], [ -104.959446411255001, 39.684413492207199 ], [ -104.959446846443996, 39.684604510968803 ], [ -104.959447130437994, 39.684728733927003 ], [ -104.958563694280002, 39.6847261782749 ], [ -104.955493954147002, 39.6847298608998 ], [ -104.953747934044998, 39.684739220900298 ], [ -104.951231548720003, 39.684737256550399 ], [ -104.950602946306006, 39.684727229918003 ], [ -104.950328388412998, 39.6847228494494 ], [ -104.950078693083, 39.684718865075901 ], [ -104.949599123284003, 39.684700364181097 ], [ -104.948619148779002, 39.684637249107297 ], [ -104.947858112789007, 39.684558898025699 ], [ -104.946870290103007, 39.684424202982903 ], [ -104.946176917607005, 39.684303892249098 ], [ -104.944899840483004, 39.684031263377399 ], [ -104.943765815453006, 39.683738962317101 ], [ -104.943060370880005, 39.683573885124602 ], [ -104.941939084531995, 39.683292207714601 ], [ -104.941246713745997, 39.683122465175899 ], [ -104.940985474306999, 39.683047678462799 ], [ -104.940687294851003, 39.682962315723799 ] ] ] } },
{ "type": "Feature", "properties": { "nbhd_id": 74, "neighborhood": "West Colfax", "council_district": 1, "population": 12290, "per_capita_income": 290635, "pct_poverty": 20.383260994185569, "pct_renters": 61.172638436482089, "field_requests": 14366, "field_requests_2025": 2440, "field_requests_per_1k_per_year": 166.98825990933395, "top_category": "Neighborhood Inspection", "share_open_in_file": 0.067033273005707925, "wait_index": 0.5126728201926446, "ranked_requests": 3513, "p50_days": 2.8062268518518518 }, "geometry": { "type": "Polygon", "coordinates": [ [ [ -105.025213503220996, 39.746364414257698 ], [ -105.025210094737005, 39.745160604870499 ], [ -105.025218246676005, 39.743956499417997 ], [ -105.025219432645997, 39.742730746498097 ], [ -105.025218373669006, 39.742399937037298 ], [ -105.025212868401994, 39.740680011151902 ], [ -105.025219960895996, 39.740420269485803 ], [ -105.025221422539005, 39.740072999900299 ], [ -105.025224878122003, 39.739825254142801 ], [ -105.025151843700996, 39.738007252470901 ], [ -105.025175469047994, 39.7365943677543 ], [ -105.025292291591001, 39.736575508995699 ], [ -105.025323143725998, 39.736570528429397 ], [ -105.025433256553995, 39.736505652977002 ], [ -105.025552404883001, 39.736435453774902 ], [ -105.025589628988996, 39.7364167396249 ], [ -105.025660586540994, 39.736381065893902 ], [ -105.025948993659, 39.736236068953502 ], [ -105.025973137289995, 39.736216211277302 ], [ -105.025993550424005, 39.736202038159597 ], [ -105.026036182287001, 39.736179402993201 ], [ -105.026086086174004, 39.736173903001003 ], [ -105.026135999618006, 39.736166977776897 ], [ -105.026193300692, 39.736160080824298 ], [ -105.026198562372002, 39.736159487175399 ], [ -105.026254295536006, 39.736153198765898 ], [ -105.026330132938, 39.736136399632102 ], [ -105.026387530215999, 39.736115249025502 ], [ -105.026638602424995, 39.736030224054801 ], [ -105.026912475773003, 39.735951502873803 ], [ -105.027017872263997, 39.735935843787303 ], [ -105.027089958198005, 39.735925133681597 ], [ -105.027130637859003, 39.735918169519103 ], [ -105.027186042788998, 39.735918392164699 ], [ -105.027230358557006, 39.735919995478802 ], [ -105.027282060103005, 39.735921629853699 ], [ -105.027339293558001, 39.735924710271497 ], [ -105.027391016147007, 39.735923492779598 ], [ -105.027453837438998, 39.735919467934401 ], [ -105.027551808183006, 39.735907032646899 ], [ -105.027736190682006, 39.735885834362101 ], [ -105.027782307172004, 39.735880532295099 ], [ -105.027839569462998, 39.735879336838003 ], [ -105.027909845441997, 39.7358653648688 ], [ -105.027980021697999, 39.735852819413097 ], [ -105.028089095574003, 39.735833320090499 ], [ -105.028089211614002, 39.735833299326998 ], [ -105.028089905588004, 39.735833279827403 ], [ -105.028177879680001, 39.735830804408401 ], [ -105.028218530409006, 39.735828116906802 ], [ -105.028272146755995, 39.735819778919797 ], [ -105.028316510473999, 39.735814255771501 ], [ -105.028610985086999, 39.735692849977802 ], [ -105.028733155433997, 39.735652002758997 ], [ -105.028772025286003, 39.735639329784298 ], [ -105.028823832005997, 39.735625281896901 ], [ -105.029018340763997, 39.735578980575802 ], [ -105.029036167298997, 39.735574737086303 ], [ -105.029061830874994, 39.735570565210701 ], [ -105.029272022635993, 39.735536396215799 ], [ -105.029335691621995, 39.735526046081603 ], [ -105.029503936712999, 39.735499636302002 ], [ -105.029537190141994, 39.735498344015603 ], [ -105.029592575631, 39.735501415950097 ], [ -105.029597518822996, 39.735502454449801 ], [ -105.029675569638997, 39.735518852164198 ], [ -105.029740133092005, 39.735530513664898 ], [ -105.029813987424006, 39.735533660711397 ], [ -105.029937784937005, 39.735525602387 ], [ -105.030283441246993, 39.7354827943036 ], [ -105.030340885795994, 39.735476942898899 ], [ -105.030430492812997, 39.735467815314301 ], [ -105.030434444489003, 39.735467412779002 ], [ -105.030780216519005, 39.735407499204101 ], [ -105.030865237805997, 39.735397861424197 ], [ -105.030915131236, 39.7353937831883 ], [ -105.030919732382998, 39.735392967028503 ], [ -105.030946565335, 39.735388207503298 ], [ -105.030969134765002, 39.735388919634097 ], [ -105.030998268405, 39.735389838847802 ], [ -105.031046285444006, 39.735390030229702 ], [ -105.031096207377004, 39.735381676233096 ], [ -105.031144340563998, 39.735364763592898 ], [ -105.031176678663996, 39.735345557356403 ], [ -105.031177717695996, 39.735344940236502 ], [ -105.031259340416995, 39.735291100135498 ], [ -105.031272080521006, 39.735282941012699 ], [ -105.031415481712003, 39.7351911023908 ], [ -105.031425789707001, 39.735184500842799 ], [ -105.031440600967002, 39.735178858777701 ], [ -105.031460974601998, 39.735170387006598 ], [ -105.031488800516001, 39.735151968110699 ], [ -105.031524080595005, 39.7351235992816 ], [ -105.031562997243, 39.7351037992253 ], [ -105.031637148092997, 39.735062757862003 ], [ -105.031716590835998, 39.7350383634802 ], [ -105.031790759670997, 39.735015588508297 ], [ -105.031829618467995, 39.735003656137799 ], [ -105.031862938214999, 39.734992385258501 ], [ -105.031925815484001, 39.734979806705503 ], [ -105.032010837924005, 39.734970166748496 ], [ -105.032219993652006, 39.734970998444403 ], [ -105.032276781321997, 39.734971224193202 ], [ -105.032334014284999, 39.734974302182898 ], [ -105.032367238907, 39.734977284730697 ], [ -105.032402318909007, 39.734978850798498 ], [ -105.032437360984005, 39.734986116347002 ], [ -105.032455782149995, 39.734993317197201 ], [ -105.032570375971005, 39.735066884923803 ], [ -105.032829140410001, 39.7352028845795 ], [ -105.032840921368006, 39.735209076350799 ], [ -105.032929250264004, 39.735249947912997 ], [ -105.032940348790007, 39.735255083398101 ], [ -105.032999342558995, 39.735270996748902 ], [ -105.033039935838005, 39.735276860254501 ], [ -105.033087952805005, 39.735277050803298 ], [ -105.033134123747999, 39.735277234007903 ], [ -105.033191867458996, 39.735271580736899 ], [ -105.033232073617995, 39.735267644461103 ], [ -105.033299337553998, 39.735263392924502 ], [ -105.033374088894007, 39.735258668072802 ], [ -105.033510765274997, 39.735257784765899 ], [ -105.033651078522993, 39.735265468663997 ], [ -105.033686119891001, 39.7352689899162 ], [ -105.033710140615995, 39.735271403730302 ], [ -105.033732611201003, 39.735278338979903 ], [ -105.033770963395995, 39.735290175844703 ], [ -105.033827468560006, 39.735312925724401 ], [ -105.033831748317994, 39.735314648823397 ], [ -105.033851977785005, 39.735327557663403 ], [ -105.033863999702007, 39.735341630835201 ], [ -105.033884965826005, 39.735366174383302 ], [ -105.033892747723002, 39.735375049793298 ], [ -105.033908794341997, 39.735393351414899 ], [ -105.033941640372007, 39.735453349199098 ], [ -105.033959891348005, 39.735486205122399 ], [ -105.033968761753997, 39.735506094018497 ], [ -105.033972629212997, 39.735514763460699 ], [ -105.033981739558001, 39.735533330638397 ], [ -105.034018478342006, 39.735563409274199 ], [ -105.034064554788998, 39.735577845682101 ], [ -105.034119913948999, 39.735585192531801 ], [ -105.034343230903005, 39.735608883405597 ], [ -105.034372139099005, 39.735621584048197 ], [ -105.034402160872006, 39.7356347739425 ], [ -105.034428835689994, 39.735649516056199 ], [ -105.034446323425996, 39.735659180823298 ], [ -105.034484919725003, 39.735687841411803 ], [ -105.034521571848998, 39.735730748238403 ], [ -105.034574336166003, 39.735850692248803 ], [ -105.034585247221997, 39.735876392792498 ], [ -105.034588770743994, 39.735902064114804 ], [ -105.034595978648994, 39.735929175208 ], [ -105.034603309443995, 39.735937757150097 ], [ -105.034625349202997, 39.735956374007202 ], [ -105.034647474143995, 39.735962163959996 ], [ -105.034678842014003, 39.735966563757202 ], [ -105.034716900188997, 39.735966714255902 ], [ -105.034727072402006, 39.7359667544792 ], [ -105.03479735322, 39.735957617812197 ], [ -105.034885791777, 39.735920529950498 ], [ -105.034912257610998, 39.735907296426603 ], [ -105.034949943772006, 39.735888452470903 ], [ -105.035000800237995, 39.735866532522202 ], [ -105.035038383906993, 39.735851365905702 ], [ -105.035060665659003, 39.735841452720003 ], [ -105.035064920112006, 39.735839559881398 ], [ -105.035087058353, 39.735826034396503 ], [ -105.035098250597997, 39.735800553373998 ], [ -105.035098453621004, 39.7357699238528 ], [ -105.035090182605998, 39.735709274318999 ], [ -105.035103703534006, 39.735665085862799 ], [ -105.035177070095003, 39.735573486242103 ], [ -105.035363228142003, 39.735429582157501 ], [ -105.035447478411996, 39.735357562073602 ], [ -105.035456356620003, 39.735349972679202 ], [ -105.035507392910006, 39.735300825792798 ], [ -105.035569577857999, 39.735233004848098 ], [ -105.035587383654004, 39.7352075512838 ], [ -105.035636800926994, 39.735069912771898 ], [ -105.035650334474994, 39.735024022165902 ], [ -105.035652786943999, 39.734986594354602 ], [ -105.035670637646007, 39.734954333744199 ], [ -105.035695047700997, 39.7349306069463 ], [ -105.035707978149006, 39.734923839569099 ], [ -105.035751906393998, 39.734900848975599 ], [ -105.035787361835006, 39.734873762886203 ], [ -105.035834023866002, 39.734842396114999 ], [ -105.035842727892003, 39.734836545169401 ], [ -105.035875933612004, 39.734816255981997 ], [ -105.035917465127, 39.734800050685401 ], [ -105.036077388809005, 39.734737649436603 ], [ -105.036152246903001, 39.734708440164901 ], [ -105.036207488868001, 39.734689939880198 ], [ -105.036240806470005, 39.734682638317402 ], [ -105.036291392161999, 39.734671552476399 ], [ -105.036348827359006, 39.734654762947699 ], [ -105.036373615227006, 39.734644759464999 ], [ -105.036386410087005, 39.734639595893903 ], [ -105.036421808921006, 39.7346210172716 ], [ -105.036488433455006, 39.734548108290902 ], [ -105.036512876749995, 39.734519277826898 ], [ -105.036541762919995, 39.734485358421502 ], [ -105.036581730002993, 39.734442974668198 ], [ -105.036612753197005, 39.734419273773398 ], [ -105.036638704029997, 39.734403168310102 ], [ -105.036648174348997, 39.734397290912803 ], [ -105.036703863482003, 39.734368534968297 ], [ -105.036723393746996, 39.7343584502349 ], [ -105.036767623635001, 39.734338204149097 ], [ -105.036816262638993, 39.734317975453699 ], [ -105.036904040272006, 39.734297244345001 ], [ -105.036939326460995, 39.734295681089897 ], [ -105.036949044927994, 39.734295719336302 ], [ -105.036990035128994, 39.734295880642101 ], [ -105.037144444467003, 39.7342845772638 ], [ -105.037204061292996, 39.734271198801601 ], [ -105.037279168005995, 39.734249371786703 ], [ -105.037354308334002, 39.734222441280302 ], [ -105.037462709666997, 39.734166713322701 ], [ -105.037498276285007, 39.734122609778602 ], [ -105.037498672544999, 39.734123150340302 ], [ -105.037552845023001, 39.734103463525798 ], [ -105.037597325722999, 39.734098147724097 ], [ -105.037631124119997, 39.734095192010102 ], [ -105.037682641401005, 39.734101228182602 ], [ -105.037716323997003, 39.734115773211002 ], [ -105.037764061933004, 39.734155767163401 ], [ -105.037793243676006, 39.734178873435098 ], [ -105.037830520458002, 39.734187598808496 ], [ -105.037897244072994, 39.734179281926899 ], [ -105.037956894664006, 39.734165103292 ], [ -105.038019286625001, 39.734139611838302 ], [ -105.038041639713995, 39.734119796098099 ], [ -105.038079237722002, 39.734079794125797 ], [ -105.038142687903004, 39.734028569516198 ], [ -105.038187281475004, 39.734006096240101 ], [ -105.038250487083005, 39.7339919314093 ], [ -105.038295006576007, 39.733980782157197 ], [ -105.038353673122998, 39.733981012348899 ], [ -105.038420247505002, 39.733995342895199 ], [ -105.038505325507003, 39.734034453545597 ], [ -105.038605339132005, 39.734100389021698 ], [ -105.038663610870003, 39.734160670190398 ], [ -105.038700736801999, 39.734192386330399 ], [ -105.038760010396999, 39.734235513834399 ], [ -105.038837192798994, 39.734258807647102 ], [ -105.038915302277999, 39.7342762716533 ], [ -105.039014766313997, 39.7342907306897 ], [ -105.039125801214993, 39.734302833184501 ], [ -105.039226133396994, 39.734320384025601 ], [ -105.039399982476994, 39.734378028988701 ], [ -105.039458667448997, 39.734375513694602 ], [ -105.039499556628002, 39.734375673730497 ], [ -105.039581278740002, 39.734384572083997 ], [ -105.039636259236005, 39.734404690510097 ], [ -105.039699258512002, 39.734422094471398 ], [ -105.039781016399004, 39.734425503015103 ], [ -105.039869944158994, 39.734420017067599 ], [ -105.039955239812002, 39.734426184330502 ], [ -105.040051240508006, 39.734426559639097 ], [ -105.040106277486004, 39.734438099119998 ], [ -105.040147101981006, 39.734448210025803 ], [ -105.040203007363999, 39.734462840986303 ], [ -105.040261674581004, 39.734463070227697 ], [ -105.040314081234001, 39.734469108971197 ], [ -105.040343378637999, 39.734474713788799 ], [ -105.040365506824003, 39.734489213116298 ], [ -105.040399116482007, 39.734515081087601 ], [ -105.040435335742004, 39.734549538537699 ], [ -105.040476094892, 39.734569600821999 ], [ -105.040554167172999, 39.734592897328703 ], [ -105.040609204625994, 39.7346044361731 ], [ -105.040687407321002, 39.734607830205299 ], [ -105.040742539370996, 39.734604956673202 ], [ -105.040787019952006, 39.734599639666001 ], [ -105.040838596214002, 39.734596752813701 ], [ -105.040882985210004, 39.734605504769497 ], [ -105.040931723952994, 39.734628686763898 ], [ -105.040961001457006, 39.734637379731097 ], [ -105.041027612400001, 39.734646218524901 ], [ -105.041090706206006, 39.7346492100258 ], [ -105.041145836091005, 39.734646679622699 ], [ -105.041209003974004, 39.734638346997997 ], [ -105.041282856340004, 39.734627310787999 ], [ -105.041327357284004, 39.734618905324403 ], [ -105.041405535351998, 39.734626073265602 ], [ -105.041460590914994, 39.734634866977203 ], [ -105.041615997898006, 39.734658463927197 ], [ -105.041716292836995, 39.734681846030398 ], [ -105.041764125613, 39.734707769606104 ], [ -105.041793217255005, 39.734744943678699 ], [ -105.041808086055994, 39.734782062760999 ], [ -105.041826508742005, 39.734819538403599 ], [ -105.041851858832999, 39.734885180126803 ], [ -105.041870245447001, 39.734928146433099 ], [ -105.041899373286995, 39.734959830858301 ], [ -105.041969242153002, 39.735014321720001 ], [ -105.042002908605994, 39.735031610653898 ], [ -105.042050758873003, 39.7350547883186 ], [ -105.042080075363003, 39.735057647620202 ], [ -105.042113871336994, 39.735055033935303 ], [ -105.042146872439005, 39.735038004668802 ], [ -105.042180801072007, 39.735015145063997 ], [ -105.042225375802005, 39.734995415400299 ], [ -105.042273414746006, 39.734989768348903 ], [ -105.042340100272995, 39.734987282538597 ], [ -105.042406749975996, 39.734990286962002 ], [ -105.042444028347006, 39.734999011074201 ], [ -105.042502657449006, 39.735005072785398 ], [ -105.042558732394994, 39.734993966652503 ], [ -105.042606732747998, 39.734994153252998 ], [ -105.042676891539003, 39.735004377303099 ], [ -105.042747076412994, 39.735010483805397 ], [ -105.042799541845, 39.735007599548602 ], [ -105.04288046792, 39.735002423358701 ], [ -105.042962284515994, 39.7349969074466 ], [ -105.043054748686004, 39.734994521158697 ], [ -105.043143694986, 39.734986287603 ], [ -105.043199789409996, 39.734972092708901 ], [ -105.043229235197003, 39.734955049336797 ], [ -105.043266586613001, 39.734952448922598 ], [ -105.043314531861, 39.734961214163597 ], [ -105.043351865337996, 39.734961359058701 ], [ -105.043410608998997, 39.734949919300199 ], [ -105.043470257089993, 39.7349360814436 ], [ -105.043507666812005, 39.734924559261799 ], [ -105.043562814690006, 39.734919282640703 ], [ -105.043622334937993, 39.734925004075102 ], [ -105.043663259908001, 39.734919672240402 ], [ -105.043696187486006, 39.734913966352501 ], [ -105.043792253597005, 39.734904387114199 ], [ -105.043848236241999, 39.734907349161702 ], [ -105.043881052415998, 39.734918801126298 ], [ -105.043914663318006, 39.734944667837397 ], [ -105.043940385593999, 39.734953346681102 ], [ -105.043966143575005, 39.734956534895801 ], [ -105.043984866086006, 39.734948028716403 ], [ -105.043999068963998, 39.734931757918702 ], [ -105.044007255671005, 39.734922378459601 ], [ -105.044029683942995, 39.734890894762003 ], [ -105.044067167159, 39.734868048389302 ], [ -105.044100147625002, 39.734854106826901 ], [ -105.044156224687001, 39.734842656816099 ], [ -105.044207760659006, 39.734845944792099 ], [ -105.04425559421, 39.734871866900797 ], [ -105.044281354404006, 39.734874712080099 ], [ -105.044315188108996, 39.734866263972101 ], [ -105.044344577852002, 39.734857798845802 ], [ -105.044374874105998, 39.734846592017199 ], [ -105.044419394618004, 39.734835097130599 ], [ -105.044470931115995, 39.734838384993402 ], [ -105.044526007285995, 39.734844088815997 ], [ -105.044574840980999, 39.734852856781799 ], [ -105.044681453112005, 39.734861848324002 ], [ -105.044730304658003, 39.734867870888301 ], [ -105.044819157136004, 39.7348740483827 ], [ -105.044903622784005, 39.734871286574602 ], [ -105.044997001729996, 39.734864784692199 ], [ -105.045126059303996, 39.734839546857799 ], [ -105.045200802373003, 39.734828168308098 ], [ -105.045289692596, 39.734828511856499 ], [ -105.045397211779999, 39.734834761050202 ], [ -105.045481601491005, 39.734843666207901 ], [ -105.045597121106994, 39.7348499459222 ], [ -105.045708253664998, 39.734847286718598 ], [ -105.045837068761003, 39.734859451265599 ], [ -105.045881458219995, 39.734868201534397 ], [ -105.045948107702003, 39.734871203951101 ], [ -105.046051960697994, 39.734894596280903 ], [ -105.046085627579004, 39.734911884095503 ], [ -105.046169824627995, 39.734950642796498 ], [ -105.046222231895996, 39.734956678505 ], [ -105.046273752706, 39.734962367545997 ], [ -105.046333382550998, 39.734951273525297 ], [ -105.046366400401993, 39.734931497386398 ], [ -105.046392254172005, 39.734919929736797 ], [ -105.046422477090999, 39.734920046245499 ], [ -105.046448217421002, 39.734925979203901 ], [ -105.046485458023, 39.734940535273203 ], [ -105.046485347083006, 39.734957692927999 ], [ -105.046466569336005, 39.7349747782321 ], [ -105.046436235700995, 39.734991819390203 ], [ -105.046436144723003, 39.7350058881892 ], [ -105.046458311798006, 39.735014552776597 ], [ -105.046480533828998, 39.735014638430201 ], [ -105.046536590665994, 39.7350062753383 ], [ -105.046562442150005, 39.734995051019197 ], [ -105.046574164012, 39.734969359368598 ], [ -105.046596497718994, 39.734952287699699 ], [ -105.046640998235006, 39.734943879826098 ], [ -105.046685498477999, 39.734935472335998 ], [ -105.046725481441001, 39.734938371573001 ], [ -105.046744093, 39.734947022008399 ], [ -105.046762593690005, 39.734972830497298 ], [ -105.046803316745994, 39.734998724426397 ], [ -105.046862762472003, 39.735016111053397 ], [ -105.046902743206005, 39.7350193535476 ], [ -105.046955281360994, 39.735005142970998 ], [ -105.046974041721995, 39.734990802677203 ], [ -105.046981281338006, 39.7349709275151 ], [ -105.046988558888998, 39.734945218461498 ], [ -105.047007299021004, 39.734933966515001 ], [ -105.047029503819005, 39.734936797153303 ], [ -105.047058781749996, 39.734945488801301 ], [ -105.047092376367999, 39.734974100344097 ], [ -105.047180674760995, 39.735066063373999 ], [ -105.047235370593995, 39.7351307874155 ], [ -105.047265427224005, 39.735156640087801 ], [ -105.047342485341005, 39.735199831255699 ], [ -105.047372616876004, 39.735214016717698 ], [ -105.047427673911002, 39.735222807234798 ], [ -105.047442747798002, 39.735228698947502 ], [ -105.047456766487997, 39.735260323418302 ], [ -105.047471656433004, 39.735294696241297 ], [ -105.047486601673, 39.735320490737003 ], [ -105.047527363284999, 39.735340550974499 ], [ -105.047560141922006, 39.735357834695598 ], [ -105.047597438317993, 39.735363811684401 ], [ -105.047626772282996, 39.735363924465098 ], [ -105.047671255489007, 39.735358261892301 ], [ -105.047697051406999, 39.735355615699703 ], [ -105.047727384696003, 39.735338574569298 ], [ -105.047753293707999, 39.735318427544499 ], [ -105.047782756038004, 39.735298637898097 ], [ -105.047823738427994, 39.7352843827234 ], [ -105.047838885169, 39.735278950119998 ], [ -105.047878978906994, 39.735264691711798 ], [ -105.047897719242002, 39.735253439575601 ], [ -105.047931627631002, 39.735233323648501 ], [ -105.047976219093997, 39.735210846472697 ], [ -105.048009146197998, 39.735205139226998 ], [ -105.048050109106995, 39.735193972429002 ], [ -105.048142592673003, 39.735188493887399 ], [ -105.048217243051994, 39.735191525691597 ], [ -105.048287356187004, 39.735208952804498 ], [ -105.04830944842, 39.7352292840229 ], [ -105.048379433205, 39.735266613619899 ], [ -105.048423767746996, 39.735283941654203 ], [ -105.048508928318, 39.735311377873003 ], [ -105.048586115204998, 39.735334665432397 ], [ -105.048645599196007, 39.735346217766903 ], [ -105.048686471294999, 39.735349120148101 ], [ -105.048708749216999, 39.735340626656303 ], [ -105.048734600217998, 39.735329401659598 ], [ -105.048772137585999, 39.735297975065698 ], [ -105.048834544285, 39.735269732149199 ], [ -105.048871951096004, 39.735258551430398 ], [ -105.048905767492997, 39.735252847343602 ], [ -105.048919972030006, 39.735255647003299 ], [ -105.048964159112998, 39.735295965879999 ], [ -105.048989698740996, 39.735333124935401 ], [ -105.048985957837999, 39.735361935942002 ], [ -105.048971625099995, 39.735379038729299 ], [ -105.048941274179995, 39.735398825616599 ], [ -105.048930514828001, 39.735413196892999 ], [ -105.048930442005002, 39.735424520555298 ], [ -105.048956127303001, 39.735439031890401 ], [ -105.049004128237996, 39.735439215882103 ], [ -105.049060240006, 39.735422273062198 ], [ -105.049093314665001, 39.735393574618897 ], [ -105.049122776846005, 39.7353737842367 ], [ -105.049149609649007, 39.735348150038 ], [ -105.049171959974998, 39.735328332794403 ], [ -105.049216553110995, 39.735305512031701 ], [ -105.049264682114995, 39.735285793327101 ], [ -105.049290515691993, 39.735277313345797 ], [ -105.049353784332993, 39.735253191463102 ], [ -105.049364451171996, 39.735253232315799 ], [ -105.049390174755999, 39.735261909768397 ], [ -105.049420397114005, 39.735262025504397 ], [ -105.049453269018997, 39.735264896582002 ], [ -105.049501287468004, 39.735262335234303 ], [ -105.049572437525995, 39.735256773888302 ], [ -105.049631140692, 39.735251508184803 ], [ -105.049661383133, 39.735248535606303 ], [ -105.049690697290998, 39.735251736126401 ], [ -105.049712864846995, 39.735260399899097 ], [ -105.049738680736994, 39.735254664956003 ], [ -105.049794719494002, 39.735249045849798 ], [ -105.049812422285001, 39.735260780850098 ], [ -105.049827498322998, 39.735266328938501 ], [ -105.049868313751006, 39.735278152756102 ], [ -105.049931445677998, 39.7352753055223 ], [ -105.049964462665002, 39.7352555287275 ], [ -105.050002054155996, 39.735215523011398 ], [ -105.050005719780998, 39.735198379103203 ], [ -105.050024459756003, 39.735187126678198 ], [ -105.050061903754994, 39.735170112140104 ], [ -105.050128553964001, 39.7351731119888 ], [ -105.050172999436001, 39.735173281910498 ], [ -105.050217424582002, 39.7351765403182 ], [ -105.050287575601999, 39.735188132597798 ], [ -105.050346205864003, 39.7351941906023 ], [ -105.050394985799997, 39.735211534679898 ], [ -105.050439285875996, 39.735234352229703 ], [ -105.050483546392002, 39.735263346671502 ], [ -105.050505569167996, 39.735294658225797 ], [ -105.050531237415001, 39.735311913954 ], [ -105.050589867802998, 39.735317971636 ], [ -105.050652925248997, 39.735326791399203 ], [ -105.050700943435999, 39.735324229561002 ], [ -105.050772001154002, 39.735333079808697 ], [ -105.050834189591995, 39.735338807626803 ], [ -105.050871431774993, 39.735353362859499 ], [ -105.050900637851001, 39.735373377213897 ], [ -105.050944927206999, 39.735397910457998 ], [ -105.050982151612004, 39.735415210439697 ], [ -105.051052392859006, 39.735412732859203 ], [ -105.051078225940998, 39.735404252484599 ], [ -105.051086410946994, 39.735375458721698 ], [ -105.051083055256001, 39.735344218297897 ], [ -105.051093886630994, 39.735318523009703 ], [ -105.051112663539996, 39.735301436769397 ], [ -105.051134886187995, 39.735301521545999 ], [ -105.051149907503003, 39.7353156485947 ], [ -105.051172037930002, 39.735330145482898 ], [ -105.051194243281998, 39.735332975386001 ], [ -105.051212111260995, 39.7353189739923 ], [ -105.051261185422007, 39.735290336015296 ], [ -105.051323683304005, 39.735247679860201 ], [ -105.051342550201994, 39.735216523777801 ], [ -105.051380103572001, 39.735182351614 ], [ -105.051406120948997, 39.735145046676699 ], [ -105.051421451924995, 39.735110789172097 ], [ -105.051421761366996, 39.735062405052602 ], [ -105.051440832257995, 39.734999336808499 ], [ -105.051473802803002, 39.734986765799803 ], [ -105.051555654135001, 39.734975753237997 ], [ -105.051644654249998, 39.734958934727402 ], [ -105.051685617849003, 39.734947423492699 ], [ -105.051730043248995, 39.734950681130101 ], [ -105.051766416007993, 39.734962143787499 ], [ -105.051777916931002, 39.734970766587303 ], [ -105.051800121932004, 39.734973596526103 ], [ -105.051844622095004, 39.734965187086999 ], [ -105.051881083987993, 39.734962580551397 ], [ -105.051899696513004, 39.734971230423298 ], [ -105.051925347706003, 39.734991231338903 ], [ -105.051925238099003, 39.735008388647302 ], [ -105.051910886352999, 39.735028580400098 ], [ -105.051910759204006, 39.7350484829959 ], [ -105.051932889702996, 39.735062979943201 ], [ -105.051965761356996, 39.7350658505189 ], [ -105.052006688226001, 39.735060172616301 ], [ -105.052036094719995, 39.7350489602319 ], [ -105.052066481609003, 39.735023339301797 ], [ -105.052085350238997, 39.734991840532501 ], [ -105.052107717672996, 39.734969277242101 ], [ -105.052133587778002, 39.734954963192799 ], [ -105.052170159981998, 39.734935199161399 ], [ -105.052188809002004, 39.734938015291903 ], [ -105.052210939782995, 39.734952512238699 ], [ -105.052222423429001, 39.734963880032801 ], [ -105.052258776106001, 39.734978430890997 ], [ -105.052296109609998, 39.734978572948201 ], [ -105.052362777770995, 39.734978826597001 ], [ -105.052400111599994, 39.734978968622499 ], [ -105.052480947164, 39.734987855235502 ], [ -105.052537057145997, 39.734970910752601 ], [ -105.052607499456997, 39.7349368628634 ], [ -105.052674313753002, 39.7349141252311 ], [ -105.052807721375004, 39.734903307990898 ], [ -105.052893075428997, 39.734900544226697 ], [ -105.053004159615, 39.734905427209803 ], [ -105.053233020554998, 39.734876327767203 ], [ -105.053232519873006, 39.734920020729703 ], [ -105.053204098047004, 39.740358614891001 ], [ -105.053212133667003, 39.7439813544038 ], [ -105.052642294026995, 39.743976098968503 ], [ -105.052087567417004, 39.743970900556199 ], [ -105.051516783880004, 39.743974217045199 ], [ -105.050923774631002, 39.7439774459529 ], [ -105.050321890750993, 39.743978236291497 ], [ -105.049808912849997, 39.743978676799998 ], [ -105.049269229009994, 39.743984503579803 ], [ -105.048686868123994, 39.743990850520802 ], [ -105.048084132438007, 39.743985792281499 ], [ -105.047516068459998, 39.7439808640233 ], [ -105.046323044453999, 39.743970780349997 ], [ -105.045754945355, 39.743971333845899 ], [ -105.045158397421005, 39.743971775047299 ], [ -105.044587631374995, 39.743972313001699 ], [ -105.044023087978005, 39.743972872047998 ], [ -105.042837140798994, 39.743968270845997 ], [ -105.042510871698994, 39.743967002900597 ], [ -105.039308637288997, 39.743954510382601 ], [ -105.038731674925998, 39.743950877881502 ], [ -105.038157307822004, 39.7439582333242 ], [ -105.037566096652, 39.743958313808001 ], [ -105.036985600758001, 39.743951227012801 ], [ -105.036380165506003, 39.743951245371697 ], [ -105.035765837819994, 39.743951568911797 ], [ -105.035772043924993, 39.745162937129699 ], [ -105.035771103238005, 39.746379423828301 ], [ -105.035190510673999, 39.746383995512701 ], [ -105.034939781416995, 39.7463857499474 ], [ -105.034582300536002, 39.746397033773299 ], [ -105.033803511778999, 39.746391549008401 ], [ -105.033048725376005, 39.746386497453699 ], [ -105.032316167700003, 39.7463811864747 ], [ -105.031511596792996, 39.7463755842289 ], [ -105.030698992688997, 39.746374748590199 ], [ -105.029940620616998, 39.746374123919502 ], [ -105.029284493345997, 39.746373217119803 ], [ -105.029041776743, 39.746373275666997 ], [ -105.028380315134001, 39.746372342629201 ], [ -105.027778429966006, 39.746369928421402 ], [ -105.027431705473006, 39.746368536632097 ], [ -105.026820927497994, 39.7463660824192 ], [ -105.025213503220996, 39.746364414257698 ] ] ] } },
{ "type": "Feature", "properties": { "nbhd_id": 13, "neighborhood": "Cherry Creek", "council_district": 10, "population": 6465, "per_capita_income": 237559, "pct_poverty": 5.3518948182521262, "pct_renters": 56.606060606060602, "field_requests": 9453, "field_requests_2025": 1522, "field_requests_per_1k_per_year": 208.882996353994, "top_category": "Streets & Traffic", "share_open_in_file": 0.059557812334708561, "wait_index": 0.5113570764795049, "ranked_requests": 2881, "p50_days": 2.7302893518518516 }, "geometry": { "type": "Polygon", "coordinates": [ [ [ -104.940704692327998, 39.711563793391299 ], [ -104.940908704354996, 39.711463521374 ], [ -104.941349415171004, 39.711443170331798 ], [ -104.942185108085994, 39.711469581499998 ], [ -104.942559793304994, 39.711497789552702 ], [ -104.943164098549005, 39.711493445678599 ], [ -104.943768402941998, 39.711489098244499 ], [ -104.944383324024002, 39.7114906319798 ], [ -104.944974253724993, 39.711492049245003 ], [ -104.945579403186997, 39.711493187386701 ], [ -104.946182772544006, 39.711494656611997 ], [ -104.947892457186995, 39.711500292196703 ], [ -104.947973649559003, 39.711571708310998 ], [ -104.948032883348006, 39.711610420015198 ], [ -104.948117867842996, 39.711651655579701 ], [ -104.948201953129001, 39.711694259083998 ], [ -104.948255096324999, 39.711716470684799 ], [ -104.948365153699001, 39.711733458703897 ], [ -104.948456506990993, 39.711755849606199 ], [ -104.948509480908996, 39.711799679622999 ], [ -104.948551618485993, 39.711865421117203 ], [ -104.948599933614005, 39.711936682443401 ], [ -104.948642305698996, 39.711972569944102 ], [ -104.948723694091001, 39.712019278492498 ], [ -104.948800614091994, 39.7120690544184 ], [ -104.948853653154003, 39.712104648696098 ], [ -104.948903091835007, 39.712146059899503 ], [ -104.948997272586993, 39.712261117506898 ], [ -104.949039518942001, 39.712313132952701 ], [ -104.949064055047003, 39.7123571726801 ], [ -104.949095595360006, 39.712414628394498 ], [ -104.949130452418999, 39.712502298464699 ], [ -104.949147818192003, 39.7125541971402 ], [ -104.949203027650995, 39.7126529436186 ], [ -104.949252339805994, 39.712710482501301 ], [ -104.949315870302996, 39.712768088179303 ], [ -104.949385661741999, 39.7128205755727 ], [ -104.949467072632999, 39.712864538447803 ], [ -104.949590075865004, 39.7129306579914 ], [ -104.949646646152999, 39.712969356591799 ], [ -104.949787207170999, 39.713063011656303 ], [ -104.949896796196995, 39.713140049245197 ], [ -104.949952674342001, 39.713153694192897 ], [ -104.950014262622005, 39.713164009139099 ], [ -104.950020122840996, 39.713164990498903 ], [ -104.950034190813994, 39.713184273525599 ], [ -104.950030143714002, 39.713247053257199 ], [ -104.950061663634997, 39.713307254086601 ], [ -104.950121702581995, 39.7133569499887 ], [ -104.950205801815997, 39.713398179864697 ], [ -104.950326248658001, 39.713450560106601 ], [ -104.950403161390994, 39.713501707734203 ], [ -104.950452668647003, 39.7135345393188 ], [ -104.950509282894004, 39.713567747613901 ], [ -104.950632374839998, 39.7136228853361 ], [ -104.950660702945996, 39.713636743997803 ], [ -104.950717274389007, 39.713675442675701 ], [ -104.950776428194999, 39.713724790769099 ], [ -104.950878845741002, 39.713810030257498 ], [ -104.950928053442993, 39.713881294727202 ], [ -104.951015428790996, 39.713958227747199 ], [ -104.951117678105007, 39.714065085135204 ], [ -104.951194347051, 39.714147458739497 ], [ -104.951296722848994, 39.714238188133798 ], [ -104.951429903071002, 39.714367151997699 ], [ -104.951500554109003, 39.714423759961797 ], [ -104.951534977536994, 39.714453776099099 ], [ -104.951609258323998, 39.714500792224797 ], [ -104.951683606253994, 39.714539229712003 ], [ -104.951732373965996, 39.714553183384297 ], [ -104.951860102241, 39.714583977261 ], [ -104.951933794465006, 39.714592556510901 ], [ -104.952033131961002, 39.7146173838509 ], [ -104.952117359843001, 39.714642483710399 ], [ -104.952220187593994, 39.714675563070998 ], [ -104.952421415694005, 39.714739642129899 ], [ -104.952502070628995, 39.714767127139403 ], [ -104.952594125306007, 39.714814225560303 ], [ -104.952657853198005, 39.714847122569999 ], [ -104.952702927629005, 39.714878903266303 ], [ -104.952812587245006, 39.714947702918401 ], [ -104.952903777306005, 39.714991708448601 ], [ -104.953063157618999, 39.715066229383503 ], [ -104.953196811005, 39.715135140180003 ], [ -104.953351684905996, 39.715217875890502 ], [ -104.953503089996005, 39.715289613865899 ], [ -104.953630585293993, 39.7153506026592 ], [ -104.953697033490002, 39.715376648430201 ], [ -104.953778575613001, 39.7154044802542 ], [ -104.953846005778999, 39.715418519900403 ], [ -104.953944560650996, 39.715429958556598 ], [ -104.954033321140002, 39.715443754182303 ], [ -104.954107036931006, 39.715449586982601 ], [ -104.954245580684002, 39.715461210556498 ], [ -104.954365356276, 39.715486474112801 ], [ -104.954506355589999, 39.715525218737 ], [ -104.954630404027, 39.715572464304202 ], [ -104.954721767052007, 39.715594506740899 ], [ -104.954792763306003, 39.715607190003503 ], [ -104.954951639605994, 39.715632633729797 ], [ -104.955089167813995, 39.715660724040802 ], [ -104.955265777836999, 39.715691397239503 ], [ -104.955343829824997, 39.715710975689298 ], [ -104.955438788199999, 39.715727886914998 ], [ -104.955495619112995, 39.715733640624101 ], [ -104.955598703011006, 39.715734117747402 ], [ -104.955725780307006, 39.715734705799697 ], [ -104.955807451672001, 39.715746064819797 ], [ -104.955905956500999, 39.715764021714598 ], [ -104.955991160595005, 39.715778142788302 ], [ -104.956100358599997, 39.715792374092899 ], [ -104.956284140170993, 39.715815185778098 ], [ -104.956365810874004, 39.715826544556897 ], [ -104.956482078567007, 39.715845955928103 ], [ -104.956613429615999, 39.715868524978902 ], [ -104.956687166547994, 39.7158716108165 ], [ -104.956793826522002, 39.715869358169897 ], [ -104.957072875237998, 39.715869274086003 ], [ -104.957210616623996, 39.715869909752797 ], [ -104.957408829450003, 39.715865333329198 ], [ -104.957551120141005, 39.715852263037199 ], [ -104.957660531111003, 39.715839040935002 ], [ -104.957798396822, 39.715823548084799 ], [ -104.957901565520004, 39.715813042224298 ], [ -104.958114155784997, 39.715787941882098 ], [ -104.958351553449006, 39.715772562869901 ], [ -104.958478755578994, 39.715757020271198 ], [ -104.958655767137003, 39.715735872362202 ], [ -104.958807917209995, 39.7157118651714 ], [ -104.958903987108002, 39.715699952400499 ], [ -104.958971589301001, 39.715692027883698 ], [ -104.959308766432997, 39.715657065331698 ], [ -104.959311027046994, 39.716074086754901 ], [ -104.959319960363999, 39.7181868617443 ], [ -104.959310678598996, 39.718344932977999 ], [ -104.959304384763001, 39.718452640802901 ], [ -104.959438741415994, 39.7194212566788 ], [ -104.959434711971994, 39.720982279782902 ], [ -104.959443064081995, 39.722551252017197 ], [ -104.959454907549997, 39.724128475240398 ], [ -104.959459158331001, 39.724961003130502 ], [ -104.959785457755999, 39.725177664071097 ], [ -104.959931394856, 39.725270643951198 ], [ -104.960050642241995, 39.725366933342698 ], [ -104.960112307272993, 39.725438593893898 ], [ -104.960149105281005, 39.725507737853803 ], [ -104.960170556254994, 39.725607697309201 ], [ -104.959592797173002, 39.725611907045298 ], [ -104.959451460696997, 39.725614003771597 ], [ -104.958884387232999, 39.725615513746 ], [ -104.958228452593005, 39.725614554094903 ], [ -104.957856926687995, 39.725614901539998 ], [ -104.957649833754999, 39.725614976469203 ], [ -104.957281866255002, 39.725614995373803 ], [ -104.957050772976004, 39.725615301709297 ], [ -104.956705022007995, 39.725615764667303 ], [ -104.956449051228006, 39.725614925448198 ], [ -104.956128193712999, 39.725614472033399 ], [ -104.955838446954004, 39.725613818517097 ], [ -104.955539817212994, 39.725612436870797 ], [ -104.955226067387997, 39.725612357067703 ], [ -104.954961203642, 39.7256121599899 ], [ -104.954627898501997, 39.725612331122498 ], [ -104.954386121160994, 39.725614984746699 ], [ -104.954033262576004, 39.725615063560298 ], [ -104.953811951438993, 39.725614722622097 ], [ -104.953418209451996, 39.725614609729497 ], [ -104.952823616285997, 39.725611845792699 ], [ -104.952658303546997, 39.7256110768108 ], [ -104.952213914512996, 39.725609008503604 ], [ -104.951613075980006, 39.725609297978401 ], [ -104.951496640838002, 39.725609441492999 ], [ -104.951001572069998, 39.7256095343647 ], [ -104.950394512797999, 39.7256097883363 ], [ -104.950334073033005, 39.725609849348501 ], [ -104.950013210460995, 39.725610065540202 ], [ -104.949794563205998, 39.725610072676801 ], [ -104.949507487407999, 39.725608729751997 ], [ -104.949193738386001, 39.725608634065999 ], [ -104.948954648436001, 39.725608543880398 ], [ -104.948582237237005, 39.725608514711297 ], [ -104.948400959004005, 39.725603546918698 ], [ -104.947380593044997, 39.725604935154102 ], [ -104.946777979716998, 39.725604848219398 ], [ -104.946751313777995, 39.725605066203102 ], [ -104.946170919883997, 39.725605080796498 ], [ -104.945650063176004, 39.725606745543097 ], [ -104.945098100197001, 39.7256082614715 ], [ -104.944553270876995, 39.7256067198796 ], [ -104.943996887777999, 39.725605121211998 ], [ -104.943455613867997, 39.7256035913394 ], [ -104.943152535110997, 39.725602843309503 ], [ -104.942916117435004, 39.725602067242697 ], [ -104.942541925506006, 39.725602354101603 ], [ -104.942389047282006, 39.725602658844103 ], [ -104.941941973482002, 39.7256029410634 ], [ -104.941848645489003, 39.725603183230199 ], [ -104.941334932013007, 39.725600744914601 ], [ -104.940691440635007, 39.7255997479797 ], [ -104.940688521750005, 39.725297065880099 ], [ -104.940696119473003, 39.724344142909104 ], [ -104.940694416978005, 39.724111814444498 ], [ -104.940702963147999, 39.723151346028203 ], [ -104.940700736606004, 39.722538791908498 ], [ -104.940702645734007, 39.720961629503002 ], [ -104.940707994079006, 39.719398895401497 ], [ -104.940708512935004, 39.7183500309335 ], [ -104.940708788235995, 39.717793730181498 ], [ -104.940707945236994, 39.717456609552002 ], [ -104.940704863636, 39.716224286696502 ], [ -104.940697796078993, 39.715064929449298 ], [ -104.940695236135994, 39.714645007111599 ], [ -104.940684770231996, 39.713059545237698 ], [ -104.940704692327998, 39.711563793391299 ] ] ] } },
{ "type": "Feature", "properties": { "nbhd_id": 69, "neighborhood": "Virginia Village", "council_district": 6, "population": 14148, "per_capita_income": 224440, "pct_poverty": 7.6667389262229939, "pct_renters": 55.964341304655441, "field_requests": 10182, "field_requests_2025": 1364, "field_requests_per_1k_per_year": 102.81109899430511, "top_category": "Neighborhood Inspection", "share_open_in_file": 0.060106069534472596, "wait_index": 0.51048062274557782, "ranked_requests": 2809, "p50_days": 2.9692013888888891 }, "geometry": { "type": "MultiPolygon", "coordinates": [ [ [ [ -104.935906066919003, 39.6978433900113 ], [ -104.935912189188002, 39.696583832351898 ], [ -104.934079933749004, 39.696589644165797 ], [ -104.933993668068993, 39.696589900654899 ], [ -104.933993671734996, 39.696589639446103 ], [ -104.931735189248002, 39.6965965918655 ], [ -104.928213330079004, 39.696604571764297 ], [ -104.928213260457994, 39.696634908990099 ], [ -104.928194773575001, 39.696634870694098 ], [ -104.928175612390007, 39.696634777523499 ], [ -104.928029342078005, 39.696636576922302 ], [ -104.927931780606997, 39.6966436345215 ], [ -104.927850407123998, 39.696658302407002 ], [ -104.927694160537996, 39.696687671300602 ], [ -104.927573729157004, 39.6967096826721 ], [ -104.927489126536003, 39.696721823652702 ], [ -104.927394833096002, 39.696726385629503 ], [ -104.927271291861004, 39.696730807700703 ], [ -104.926526999667004, 39.696732201491002 ], [ -104.925961459708006, 39.696734463312502 ], [ -104.925308166885998, 39.696736293605603 ], [ -104.924346125585998, 39.696736609669799 ], [ -104.92415433251, 39.696740691336501 ], [ -104.924053522123003, 39.696747731869202 ], [ -104.923965686670002, 39.696757343948804 ], [ -104.923871313826993, 39.696771945007498 ], [ -104.923757477292995, 39.696805086089597 ], [ -104.923312203660004, 39.696825070433903 ], [ -104.923304674218002, 39.696820474866797 ], [ -104.923250757434005, 39.696786580266 ], [ -104.923196885829, 39.696747195133199 ], [ -104.923081759279, 39.696702019005201 ], [ -104.922998454270001, 39.696676559434003 ], [ -104.922904421233994, 39.696659282698199 ], [ -104.922774989993997, 39.696625017273902 ], [ -104.922743249324995, 39.696616782917303 ], [ -104.922710271794003, 39.6966082276533 ], [ -104.922663380455006, 39.696584318973898 ], [ -104.922620057602003, 39.696558712081298 ], [ -104.922587482655999, 39.696522519620999 ], [ -104.922537258621006, 39.696471827699 ], [ -104.922476348127006, 39.6964241721221 ], [ -104.922422638472995, 39.696365226886499 ], [ -104.922372205139993, 39.696339928460503 ], [ -104.922279222374002, 39.696303095843099 ], [ -104.922275826904993, 39.696302035058302 ], [ -104.922188833448004, 39.696274855424498 ], [ -104.921944058010993, 39.696222177505703 ], [ -104.921907842465998, 39.696196605281301 ], [ -104.921839619126999, 39.696173964232798 ], [ -104.921756292902998, 39.696151248731297 ], [ -104.921633831856994, 39.6961338313832 ], [ -104.921546881759994, 39.696119677037103 ], [ -104.921482189520006, 39.696099798263099 ], [ -104.921356542458, 39.696037753696302 ], [ -104.921284038894001, 39.6959955309732 ], [ -104.921241718165007, 39.695956201568201 ], [ -104.921134114211, 39.695860958340603 ], [ -104.921022982962, 39.695762609245598 ], [ -104.920954126837003, 39.695709079424198 ], [ -104.920919003904004, 39.695658804328403 ], [ -104.920846778517998, 39.695582952243001 ], [ -104.920808264098, 39.695513100015702 ], [ -104.920711047617999, 39.695451194612801 ], [ -104.92063489761, 39.695420277658101 ], [ -104.920573760034003, 39.695400415837803 ], [ -104.920343216757999, 39.695346089109499 ], [ -104.920202399087998, 39.695292547481102 ], [ -104.920097869212995, 39.695255656581402 ], [ -104.919990787773003, 39.6952050260711 ], [ -104.919882798581995, 39.695156793517903 ], [ -104.919792596503001, 39.695106246141798 ], [ -104.919677775807997, 39.695024692812297 ], [ -104.919584091516995, 39.694965548955302 ], [ -104.919483369076005, 39.694898134478599 ], [ -104.919408341622997, 39.694839082777897 ], [ -104.919307573582998, 39.694777158604097 ], [ -104.919210220295994, 39.694732066190198 ], [ -104.919073917562002, 39.6946699665545 ], [ -104.918983648704, 39.694627654163803 ], [ -104.918868457046997, 39.6945910526088 ], [ -104.918825159543999, 39.694562698945099 ], [ -104.918764230169998, 39.694517786315203 ], [ -104.918696322195004, 39.694457396903999 ], [ -104.918656598192996, 39.6944266585066 ], [ -104.918427331155002, 39.694218939255798 ], [ -104.918347930997001, 39.694151629228102 ], [ -104.918297663887998, 39.694106768934503 ], [ -104.918200658713999, 39.694019811509101 ], [ -104.918136086068998, 39.693985861585197 ], [ -104.918092740798002, 39.693963341475801 ], [ -104.918043176867997, 39.693940790323701 ], [ -104.917935025374007, 39.693912458481002 ], [ -104.917830382039, 39.693889634842698 ], [ -104.917703646486999, 39.693852631843697 ], [ -104.917621167088001, 39.693835408252397 ], [ -104.917559963654, 39.693823780771602 ], [ -104.917523699420997, 39.693804383722401 ], [ -104.917480425473002, 39.693773284349298 ], [ -104.917459440873998, 39.693732687194398 ], [ -104.917437764233, 39.693668407742997 ], [ -104.917409985437999, 39.6935900282297 ], [ -104.917360089156006, 39.693500557799801 ], [ -104.917252728074999, 39.6933771723955 ], [ -104.917173285177995, 39.693315352270503 ], [ -104.917130851259998, 39.693290090845601 ], [ -104.917083976219999, 39.693264807139002 ], [ -104.917019310740997, 39.693242180935599 ], [ -104.916972435510999, 39.6932168974337 ], [ -104.916915039331002, 39.693174746598899 ], [ -104.916861094281998, 39.693144966959103 ], [ -104.91677431107, 39.693111249459299 ], [ -104.916659171543003, 39.693068812089599 ], [ -104.916558155103004, 39.693037425553797 ], [ -104.916493581037997, 39.693003818436402 ], [ -104.916422134523998, 39.692942037068001 ], [ -104.916371891560004, 39.692894430973404 ], [ -104.916325273382, 39.692838263456402 ], [ -104.916282091631004, 39.6927961826567 ], [ -104.916245971706999, 39.6927596278368 ], [ -104.916149466109005, 39.692720027930697 ], [ -104.916080405152002, 39.6926918886397 ], [ -104.916012209748999, 39.692666498875397 ], [ -104.915958182856997, 39.692646670181901 ], [ -104.915907732202001, 39.692624113707197 ], [ -104.915828971177007, 39.692587346741703 ], [ -104.915789203198003, 39.692562098266201 ], [ -104.915745941951997, 39.692529625511398 ], [ -104.915670965822002, 39.692465081064903 ], [ -104.915591662444001, 39.692386788163297 ], [ -104.915520148761999, 39.692333242253099 ], [ -104.915455670162999, 39.692288310011399 ], [ -104.915398090183999, 39.692268463393297 ], [ -104.915311031716996, 39.692268030547901 ], [ -104.915169829457, 39.692261837628301 ], [ -104.915076646318994, 39.692250049534501 ], [ -104.915015464190006, 39.692236018683801 ], [ -104.914914426340999, 39.6922073762819 ], [ -104.914813374722002, 39.692180449642997 ], [ -104.914733772152005, 39.692138187456102 ], [ -104.914615199213998, 39.692081660882202 ], [ -104.914525847926996, 39.692036604750399 ], [ -104.914409914811998, 39.691983179914601 ], [ -104.914334754625997, 39.691940939173598 ], [ -104.914259665865998, 39.691890119945597 ], [ -104.914165919235003, 39.691839550698703 ], [ -104.914087251352996, 39.691791801328002 ], [ -104.913979434463002, 39.691724003930702 ], [ -104.913929171169997, 39.691679141878303 ], [ -104.913860344457007, 39.691623205839299 ], [ -104.913806527747994, 39.691578325818902 ], [ -104.913788961593994, 39.691554216829502 ], [ -104.913767896676006, 39.69152356995 ], [ -104.913699328044004, 39.691436750301399 ], [ -104.913638663013003, 39.691360951054399 ], [ -104.913591882006003, 39.691324685361401 ], [ -104.913499073422003, 39.691268286518699 ], [ -104.913466345561005, 39.691251307964301 ], [ -104.913408766409006, 39.691231460512498 ], [ -104.913311445038005, 39.6911836180035 ], [ -104.913268149011998, 39.691155605579802 ], [ -104.913210733594994, 39.691116198062097 ], [ -104.913146188924003, 39.691079500206399 ], [ -104.913045478244001, 39.691012080123301 ], [ -104.912889226871997, 39.690931349689599 ], [ -104.912718194288004, 39.690842980869398 ], [ -104.912671101094006, 39.690844118493402 ], [ -104.912588580510999, 39.690832381868397 ], [ -104.912516789215005, 39.690812462624699 ], [ -104.912415820768999, 39.690775925711897 ], [ -104.912350342278998, 39.690744713489103 ], [ -104.912289325863, 39.690711121393299 ], [ -104.912228476378004, 39.690657626728701 ], [ -104.912171085203994, 39.690615473590903 ], [ -104.912103034338003, 39.6905732668788 ], [ -104.912012821207, 39.690525458964203 ], [ -104.911934087320006, 39.690485944053997 ], [ -104.911807475993996, 39.690435208268298 ], [ -104.911699522711004, 39.690384222962003 ], [ -104.911631472091997, 39.690342016223198 ], [ -104.911545583233007, 39.690308299276403 ], [ -104.911465938456004, 39.690271525112202 ], [ -104.911426162173001, 39.690247647720803 ], [ -104.911383968687005, 39.690194245583797 ], [ -104.911348085062002, 39.690129893778 ], [ -104.911319262880994, 39.690071068258497 ], [ -104.911294692313007, 39.690034912615801 ], [ -104.911270986790996, 39.690001506571001 ], [ -104.911179797212995, 39.689964331470499 ], [ -104.911136383967005, 39.6899503875539 ], [ -104.911092905298005, 39.689944335676401 ], [ -104.910991915476998, 39.689910542936403 ], [ -104.910927327316003, 39.689879334514899 ], [ -104.910859300889996, 39.689834381964602 ], [ -104.910769112409, 39.689783827724199 ], [ -104.910697509979997, 39.689741602631798 ], [ -104.910633013798005, 39.689699412862197 ], [ -104.910556946712006, 39.689659910727698 ], [ -104.910485321478006, 39.689620430812397 ], [ -104.910413764989002, 39.689572715026301 ], [ -104.910352869172002, 39.689525052805799 ], [ -104.910248586687999, 39.689460357426903 ], [ -104.910191128408997, 39.689426438928301 ], [ -104.910151459743005, 39.689389864367897 ], [ -104.910115295736006, 39.689359141256901 ], [ -104.910094892676995, 39.6893529261243 ], [ -104.910068333029997, 39.6893448357484 ], [ -104.910039895508007, 39.689346065708897 ], [ -104.909986165939003, 39.689352896640898 ], [ -104.909974976285994, 39.689354319126799 ], [ -104.909902111153002, 39.689356698750998 ], [ -104.909889398475997, 39.689352870062898 ], [ -104.909826792019004, 39.689334015066002 ], [ -104.909776368541998, 39.6893087108256 ], [ -104.909729570436994, 39.689274845556497 ], [ -104.909682749289004, 39.689243725476302 ], [ -104.909661782103001, 39.689201753884902 ], [ -104.909629523538001, 39.6891291839502 ], [ -104.909622861434002, 39.689076302675304 ], [ -104.909605753481998, 39.688997974916099 ], [ -104.909595564214001, 39.688941987719602 ], [ -104.909559775701993, 39.688866654358399 ], [ -104.909513307110998, 39.688793669842198 ], [ -104.909445329164001, 39.688743226091702 ], [ -104.909409026486998, 39.688728973902798 ], [ -104.909333543318994, 39.688725849473897 ], [ -104.909221686097993, 39.688717051498401 ], [ -104.909127715902002, 39.688693930260598 ], [ -104.909048071659001, 39.688657497609498 ], [ -104.908962399873005, 39.688598385489897 ], [ -104.908908707362002, 39.688539434119797 ], [ -104.908883226643994, 39.688506018844699 ], [ -104.908855225859, 39.688455432627002 ], [ -104.908822638388997, 39.688421981608499 ], [ -104.908761675340997, 39.688382554020102 ], [ -104.908736921154002, 39.688368359638197 ], [ -104.908653631761993, 39.6883428896328 ], [ -104.908613869093998, 39.688317638694599 ], [ -104.908549424629996, 39.688269614324398 ], [ -104.908488342973996, 39.688244255703502 ], [ -104.908448534407995, 39.688224494976701 ], [ -104.908394605368997, 39.6881936819412 ], [ -104.908333642239, 39.688154254376101 ], [ -104.908265454241999, 39.688128860029401 ], [ -104.908215009046998, 39.6881063002673 ], [ -104.908103624391003, 39.688041567389199 ], [ -104.908039085282994, 39.688004866691003 ], [ -104.907934642127998, 39.687959729208202 ], [ -104.907830199364994, 39.687914591884301 ], [ -104.907755000972003, 39.687877837344303 ], [ -104.907671688833005, 39.687855111744803 ], [ -104.907631785145, 39.6878466747443 ], [ -104.907542208785998, 39.687829408446099 ], [ -104.907415278368006, 39.687817444180901 ], [ -104.907325702102, 39.687800177366299 ], [ -104.907242295139994, 39.687788775821701 ], [ -104.907184662624999, 39.687775788044199 ], [ -104.907094337916007, 39.687742045424699 ], [ -104.907040340267997, 39.687719467188899 ], [ -104.906997962993003, 39.687688368421497 ], [ -104.906961966311002, 39.687638084939799 ], [ -104.906929548817999, 39.687584730436299 ], [ -104.906894512947005, 39.687525872012799 ], [ -104.906858516165997, 39.687475588093697 ], [ -104.906811909200997, 39.687419416698297 ], [ -104.906776682349999, 39.687383206301099 ], [ -104.906736970208001, 39.687352121281897 ], [ -104.906653682487004, 39.687326650050203 ], [ -104.906517074470003, 39.687303654516001 ], [ -104.906433717306001, 39.687286418555203 ], [ -104.906354917564997, 39.687255479213597 ], [ -104.906290475817997, 39.6872074533877 ], [ -104.906204178294999, 39.687117794170902 ], [ -104.906143194362997, 39.687081110565501 ], [ -104.906075220171999, 39.687030664884901 ], [ -104.905992121645994, 39.686982888185099 ], [ -104.905884151758997, 39.686934985405799 ], [ -104.905812627537003, 39.686884178848203 ], [ -104.905715412993004, 39.686825005819699 ], [ -104.905654476066005, 39.686782831236897 ], [ -104.905596949545995, 39.686757489460803 ], [ -104.905481684777996, 39.6867318552789 ], [ -104.905470148769993, 39.686730424561603 ], [ -104.905416033237998, 39.686721914890001 ], [ -104.905329965659007, 39.686710155186901 ], [ -104.905236232121993, 39.6866595785269 ], [ -104.905186004672004, 39.686611624179903 ], [ -104.905161533924002, 39.686564143250799 ], [ -104.905146753176993, 39.686526320009797 ], [ -104.905118918479005, 39.686456516799403 ], [ -104.905065347114999, 39.686383837430199 ], [ -104.905011613029998, 39.686330374503903 ], [ -104.904947216427004, 39.6862772009762 ], [ -104.904900565755, 39.686226519322403 ], [ -104.904853888961995, 39.686178926179799 ], [ -104.904800131656998, 39.686128208311402 ], [ -104.904717151675001, 39.686066704545901 ], [ -104.904692495163005, 39.686041185592003 ], [ -104.904570597707007, 39.685959923841096 ], [ -104.904494561115996, 39.685917672571797 ], [ -104.904452043388005, 39.685903387297998 ], [ -104.904365205266998, 39.685877896235603 ], [ -104.904293397814001, 39.685860717045102 ], [ -104.904249957408993, 39.685850545341403 ], [ -104.904217137475996, 39.685844888338103 ], [ -104.904170248754994, 39.685822344778501 ], [ -104.904116489494001, 39.685771970163799 ], [ -104.904088303606997, 39.685743687512399 ], [ -104.904055650331998, 39.685718470373203 ], [ -104.904016685748005, 39.685704203601397 ], [ -104.903947613246999, 39.685678802275703 ], [ -104.903897124832994, 39.685661730913097 ], [ -104.903854604206003, 39.685647788791499 ], [ -104.903818374669996, 39.685625299333097 ], [ -104.903778641778004, 39.685596958055598 ], [ -104.903750429861006, 39.685571763802301 ], [ -104.903710694110998, 39.685543765621297 ], [ -104.903649639898006, 39.685515659503103 ], [ -104.903581339328994, 39.685503988617903 ], [ -104.903513931858996, 39.685483132215602 ], [ -104.903431491410004, 39.685457624622302 ], [ -104.903442921297, 39.684858374896798 ], [ -104.903513964482997, 39.684756228814898 ], [ -104.905079904567003, 39.685714392022803 ], [ -104.905162516749996, 39.685714467057402 ], [ -104.905156611462004, 39.683895651264201 ], [ -104.904603207159994, 39.683895938823198 ], [ -104.904597313541998, 39.682077465013499 ], [ -104.904591309685998, 39.680272030134802 ], [ -104.908094544947005, 39.680269815570703 ], [ -104.908094004302001, 39.6798072227053 ], [ -104.907569025658006, 39.679811098923203 ], [ -104.906981922423, 39.679808825353099 ], [ -104.906984263016994, 39.6787958058746 ], [ -104.906257851980001, 39.678531860544403 ], [ -104.906115588815993, 39.6784801677762 ], [ -104.906252828676998, 39.678442919068402 ], [ -104.906294281789002, 39.678446416229598 ], [ -104.906413769910998, 39.678452792657197 ], [ -104.906578083262005, 39.6784571141839 ], [ -104.908201322137003, 39.678456347279401 ], [ -104.912811617249005, 39.6784622844593 ], [ -104.915961552477995, 39.678463389107897 ], [ -104.918791549934994, 39.678456331601097 ], [ -104.920980053365994, 39.678460287367997 ], [ -104.922266095610993, 39.678471761928002 ], [ -104.923424245657998, 39.678474917668801 ], [ -104.923899115086002, 39.678470853651099 ], [ -104.925196439787001, 39.678463819036097 ], [ -104.925437846283998, 39.678470057913003 ], [ -104.930886286209002, 39.678464390857897 ], [ -104.931616468857001, 39.678463461587697 ], [ -104.933029576536001, 39.678461019368797 ], [ -104.933285388677007, 39.678460193596997 ], [ -104.933699350184, 39.678453609344601 ], [ -104.933886758271001, 39.678445164110798 ], [ -104.933976164217995, 39.678445769293901 ], [ -104.933976580429999, 39.678445550621397 ], [ -104.933979587500005, 39.678448965932901 ], [ -104.934106379585003, 39.678592990894799 ], [ -104.934223305524995, 39.678725808596496 ], [ -104.934582714078005, 39.679141872997803 ], [ -104.935226925284994, 39.679906949924899 ], [ -104.935579095983002, 39.6802850569768 ], [ -104.935924924681004, 39.680610852318203 ], [ -104.936205440950005, 39.680855299521198 ], [ -104.936659370659996, 39.681201216329796 ], [ -104.936895622270001, 39.681354396484899 ], [ -104.937165041119002, 39.6815290806326 ], [ -104.937775700044995, 39.681895151178502 ], [ -104.938237320371002, 39.682132560842199 ], [ -104.938764750762999, 39.6823595918584 ], [ -104.939064743846004, 39.682478624831901 ], [ -104.939468316692995, 39.682622205918904 ], [ -104.940241302592995, 39.682855745813498 ], [ -104.940420206674005, 39.682898495270599 ], [ -104.940687294851003, 39.682962315723799 ], [ -104.940686780164, 39.683043211072203 ], [ -104.940687394974006, 39.683128279689001 ], [ -104.940688110818002, 39.683433814465999 ], [ -104.940688958264005, 39.6844420394712 ], [ -104.940708408603996, 39.684892561842602 ], [ -104.940692957715996, 39.685686954972503 ], [ -104.940651398140005, 39.687493169767599 ], [ -104.940628959291999, 39.6893214025379 ], [ -104.940647994090995, 39.691129780494599 ], [ -104.940629953094998, 39.692941829168902 ], [ -104.940632920786001, 39.694756427532297 ], [ -104.940632850525006, 39.694762471493 ], [ -104.940553820964993, 39.694762526855399 ], [ -104.940554577103001, 39.695404239733101 ], [ -104.939510618483993, 39.695402290753201 ], [ -104.939510323299999, 39.695105794010701 ], [ -104.939510418851, 39.694759884523599 ], [ -104.936259630677995, 39.694766992907702 ], [ -104.936269030188996, 39.6965830674866 ], [ -104.936423624436998, 39.696582435836902 ], [ -104.936419639104002, 39.697842068813799 ], [ -104.935906066919003, 39.6978433900113 ] ] ], [ [ [ -104.910919987875999, 39.682074654146298 ], [ -104.910919647856005, 39.679892450619903 ], [ -104.908202616202004, 39.6798832667575 ], [ -104.908201135010998, 39.680269665831197 ], [ -104.908201008228005, 39.682075755520202 ], [ -104.910919987875999, 39.682074654146298 ] ] ], [ [ [ -104.932889651934005, 39.698419566425699 ], [ -104.934071134, 39.698399704389601 ], [ -104.934061190937001, 39.6993442056229 ], [ -104.934056324983004, 39.700167777501498 ], [ -104.932881785692999, 39.700162462141201 ], [ -104.931720466675998, 39.700170239715298 ], [ -104.931725937631001, 39.698836384885702 ], [ -104.931727509208997, 39.698422878939503 ], [ -104.932296105985003, 39.698425625148097 ], [ -104.932889651934005, 39.698419566425699 ] ] ] ] } },
{ "type": "Feature", "properties": { "nbhd_id": 30, "neighborhood": "Goldsmith", "council_district": 4, "population": 5663, "per_capita_income": 86595, "pct_poverty": 16.095693779904309, "pct_renters": 71.300782705926196, "field_requests": 4999, "field_requests_2025": 722, "field_requests_per_1k_per_year": 126.10680860725007, "top_category": "Streets & Traffic", "share_open_in_file": 0.040008001600320066, "wait_index": 0.51007935461936182, "ranked_requests": 1409, "p50_days": 2.5468287037037038 }, "geometry": { "type": "Polygon", "coordinates": [ [ [ -104.905638059474995, 39.678441035713902 ], [ -104.905495449002004, 39.678394673413997 ], [ -104.905357361488001, 39.678338724917403 ], [ -104.905226455047995, 39.678273890259099 ], [ -104.905103614894998, 39.678200517277801 ], [ -104.904989726883002, 39.678118953265702 ], [ -104.904885669859993, 39.678030232505101 ], [ -104.90483809266, 39.677984693347298 ], [ -104.903538377356, 39.676761232312899 ], [ -104.903546519068001, 39.674862180354701 ], [ -104.903544997913002, 39.673368703090098 ], [ -104.903543842508, 39.671205019914098 ], [ -104.903540713975005, 39.667625304912399 ], [ -104.905891981381998, 39.667644213520198 ], [ -104.907402965566007, 39.667641202002997 ], [ -104.908589948930995, 39.667639286281101 ], [ -104.909762998751006, 39.667636947632197 ], [ -104.910931969206999, 39.6676352614016 ], [ -104.912874165475003, 39.667631937345902 ], [ -104.914636447606995, 39.667592008585302 ], [ -104.915615442253994, 39.667596584341503 ], [ -104.915852236223998, 39.667590850905903 ], [ -104.916285941698007, 39.667585889754299 ], [ -104.916378028560999, 39.6675848362351 ], [ -104.917143507196997, 39.667584353928 ], [ -104.917544081727996, 39.6675840996324 ], [ -104.917558791988, 39.672983243583602 ], [ -104.919218421983999, 39.673880259898901 ], [ -104.919234339894999, 39.673888574598401 ], [ -104.919298054739997, 39.673916685899499 ], [ -104.919365355912007, 39.673940696949202 ], [ -104.919434473782999, 39.673959912680402 ], [ -104.919505407106001, 39.673974332732797 ], [ -104.919578153550006, 39.673984300628803 ], [ -104.919651834025998, 39.673988782467802 ], [ -104.919725551124003, 39.673988803426397 ], [ -104.919817949543997, 39.673985141141003 ], [ -104.919920069932004, 39.673987360865297 ], [ -104.920020353997003, 39.673996778244401 ], [ -104.920119693361002, 39.6740130538426 ], [ -104.920217205548994, 39.674035497439803 ], [ -104.920311108706002, 39.674064786726198 ], [ -104.920401408326001, 39.674100235315102 ], [ -104.920487219288006, 39.674141495364402 ], [ -104.920568541475006, 39.674188566933204 ], [ -104.920644492581005, 39.674240759611699 ], [ -104.921049510803002, 39.674561901363298 ], [ -104.921047252451999, 39.674835738132302 ], [ -104.922250738521001, 39.674833765949302 ], [ -104.922254020959997, 39.675622038679897 ], [ -104.922298250208001, 39.675643875522397 ], [ -104.922353143153998, 39.675665078574703 ], [ -104.922411625082006, 39.675681837971602 ], [ -104.922468373068, 39.675693441237399 ], [ -104.922529601546003, 39.675700262237001 ], [ -104.922665405698993, 39.675710881067602 ], [ -104.922732879508004, 39.675714300875498 ], [ -104.922772857184, 39.675713124530198 ], [ -104.922794172664993, 39.675713229187103 ], [ -104.922817292611995, 39.675709911094302 ], [ -104.922866194316995, 39.675703630947197 ], [ -104.922912456763996, 39.6756942493545 ], [ -104.922950742994004, 39.675682769278502 ], [ -104.922999712098004, 39.675668253755198 ], [ -104.923061180323003, 39.675645906484 ], [ -104.923095036896996, 39.675633031980098 ], [ -104.923145835764998, 39.675612004948903 ], [ -104.923230545015997, 39.675571583592102 ], [ -104.923300116337998, 39.675535892313597 ], [ -104.923351856495998, 39.6755083493846 ], [ -104.923414302978998, 39.675475025238903 ], [ -104.923423004680998, 39.6765783523607 ], [ -104.924463051990003, 39.676581389604699 ], [ -104.924464342636995, 39.676207343266803 ], [ -104.924758778745996, 39.676152847702497 ], [ -104.924753584097999, 39.676353232225303 ], [ -104.925282945689005, 39.676353076018003 ], [ -104.925286870760999, 39.676741560907303 ], [ -104.925744328060006, 39.676736932905101 ], [ -104.925746474053, 39.676583204347899 ], [ -104.925781112121996, 39.676583373537099 ], [ -104.925773970796996, 39.675827683482801 ], [ -104.925724234799006, 39.675827440539102 ], [ -104.925725153897005, 39.675280778844602 ], [ -104.927581505968007, 39.675272673923899 ], [ -104.927575371154006, 39.674826869131302 ], [ -104.929256692880003, 39.674824748838702 ], [ -104.930066712851996, 39.674823530981598 ], [ -104.926291912135, 39.669399585713599 ], [ -104.925469467894999, 39.669407236523199 ], [ -104.925399268728995, 39.669412041047501 ], [ -104.92531844925, 39.669412332489202 ], [ -104.925237674787994, 39.669407132913904 ], [ -104.925157830203005, 39.669396790638103 ], [ -104.925079806956006, 39.669380966435597 ], [ -104.925003602057004, 39.6693600036822 ], [ -104.924930103178994, 39.669333906523299 ], [ -104.925085781611998, 39.668976743188502 ], [ -104.924959117737998, 39.6688275315651 ], [ -104.924905705604999, 39.668626173482799 ], [ -104.924711938716001, 39.668429276141502 ], [ -104.922918925711002, 39.667884457915598 ], [ -104.922668824149, 39.6678434223927 ], [ -104.922664108920998, 39.667660833621802 ], [ -104.921352359021, 39.667667767125501 ], [ -104.921432469802994, 39.667753267263699 ], [ -104.920701710128995, 39.668167990978198 ], [ -104.920572257264993, 39.6680352329412 ], [ -104.921007766843005, 39.667777600085998 ], [ -104.920804373508005, 39.667584156866397 ], [ -104.920801937293007, 39.667581839920999 ], [ -104.921310603367004, 39.667582133249198 ], [ -104.921402796549003, 39.667582223016502 ], [ -104.921901898840005, 39.667581933160101 ], [ -104.922226648299002, 39.6675800986607 ], [ -104.922639021747997, 39.667579722287002 ], [ -104.923708283779007, 39.667577762965799 ], [ -104.923880123878007, 39.667533927566602 ], [ -104.925052343969995, 39.6675020442175 ], [ -104.925237511712993, 39.667497463193897 ], [ -104.925664275138999, 39.667487520835898 ], [ -104.925871050943996, 39.667783161430499 ], [ -104.926253293816998, 39.6683323923072 ], [ -104.927342251216004, 39.669899862488798 ], [ -104.927679399246003, 39.670353863786602 ], [ -104.928575376791002, 39.671651562525803 ], [ -104.930273333136995, 39.674099277130303 ], [ -104.930448428961, 39.674346467786201 ], [ -104.930648793071001, 39.6746092066182 ], [ -104.930759858244997, 39.6747802607997 ], [ -104.931026157022004, 39.675104379501498 ], [ -104.932518150456005, 39.676830162254902 ], [ -104.933106759458994, 39.677485331103497 ], [ -104.933780759928993, 39.6782231132606 ], [ -104.933875392684996, 39.678330609096399 ], [ -104.933976580429999, 39.678445550621397 ], [ -104.933976164217995, 39.678445769293901 ], [ -104.933886758271001, 39.678445164110798 ], [ -104.933699350184, 39.678453609344601 ], [ -104.933285388677007, 39.678460193596997 ], [ -104.933029576536001, 39.678461019368797 ], [ -104.931616468857001, 39.678463461587697 ], [ -104.930886286209002, 39.678464390857897 ], [ -104.925437846283998, 39.678470057913003 ], [ -104.925196439787001, 39.678463819036097 ], [ -104.923899115086002, 39.678470853651099 ], [ -104.923424245657998, 39.678474917668801 ], [ -104.922266095610993, 39.678471761928002 ], [ -104.920980053365994, 39.678460287367997 ], [ -104.918791549934994, 39.678456331601097 ], [ -104.915961552477995, 39.678463389107897 ], [ -104.912811617249005, 39.6784622844593 ], [ -104.908201322137003, 39.678456347279401 ], [ -104.906578083262005, 39.6784571141839 ], [ -104.906413769910998, 39.678452792657197 ], [ -104.906294281789002, 39.678446416229598 ], [ -104.906252828676998, 39.678442919068402 ], [ -104.906115588815993, 39.6784801677762 ], [ -104.905786082945994, 39.678477473365099 ], [ -104.905638059474995, 39.678441035713902 ] ] ] } },
{ "type": "Feature", "properties": { "nbhd_id": 33, "neighborhood": "Hampden South", "council_district": 4, "population": 17139, "per_capita_income": 252880, "pct_poverty": 9.4929692514149018, "pct_renters": 50.195752758334322, "field_requests": 9367, "field_requests_2025": 1372, "field_requests_per_1k_per_year": 78.075900410925783, "top_category": "Streets & Traffic", "share_open_in_file": 0.05049642361481798, "wait_index": 0.50948994542854009, "ranked_requests": 2824, "p50_days": 2.1171180555555558 }, "geometry": { "type": "Polygon", "coordinates": [ [ [ -104.902053277663995, 39.624429692684899 ], [ -104.902369381705, 39.624966718395299 ], [ -104.902961904201007, 39.6259954774942 ], [ -104.903362132994005, 39.626634381071199 ], [ -104.904288841874006, 39.6282423766677 ], [ -104.904350997991003, 39.628350224727299 ], [ -104.904453590675004, 39.628545419542498 ], [ -104.904533086458997, 39.628678421322903 ], [ -104.904743275694997, 39.6290300811891 ], [ -104.906021077890998, 39.631291352778597 ], [ -104.907389818320993, 39.633596810309598 ], [ -104.908253257593003, 39.635100827959199 ], [ -104.908457908884998, 39.635529860157 ], [ -104.909380042137997, 39.637096198214401 ], [ -104.910218483118996, 39.638523999904798 ], [ -104.910423852682996, 39.638873719605101 ], [ -104.911552416039996, 39.640795454585401 ], [ -104.916675702245001, 39.649688458725798 ], [ -104.917489412848994, 39.651172113519202 ], [ -104.918155972299999, 39.6524748379477 ], [ -104.918325875758995, 39.652827579504397 ], [ -104.918448167495001, 39.653081469855501 ], [ -104.918378164632003, 39.653080661597798 ], [ -104.917764686736007, 39.653083525947103 ], [ -104.916661992716001, 39.6530749699333 ], [ -104.915346911642004, 39.653087995460503 ], [ -104.912929962068006, 39.653090704169699 ], [ -104.912679644473997, 39.6530915108494 ], [ -104.911054755680993, 39.653096419801798 ], [ -104.909323318168006, 39.653101456342 ], [ -104.909095363705006, 39.6531014053704 ], [ -104.908839399933996, 39.653103142111497 ], [ -104.907907087870996, 39.653105655131 ], [ -104.907374335721997, 39.653107431163001 ], [ -104.907155738789001, 39.653108044697703 ], [ -104.906933041173005, 39.653108636881299 ], [ -104.905947451968004, 39.653111551813502 ], [ -104.904988501413001, 39.653114250214998 ], [ -104.904726187714999, 39.653114979821403 ], [ -104.904355415142007, 39.653116190861297 ], [ -104.902277746026996, 39.653115251170597 ], [ -104.900542834120003, 39.653110875893198 ], [ -104.898758672734999, 39.653113981091899 ], [ -104.894550951206, 39.653096206433197 ], [ -104.894082642436999, 39.653094218384702 ], [ -104.891869166801996, 39.6530882758491 ], [ -104.887977581849995, 39.653080772299496 ], [ -104.887723399750996, 39.653075330002103 ], [ -104.887461224114006, 39.653072933291099 ], [ -104.886426631993999, 39.653071383854702 ], [ -104.884784806496, 39.653068906228803 ], [ -104.882742801803005, 39.653064030230098 ], [ -104.881420218366998, 39.653060853102303 ], [ -104.881353222735996, 39.653060707479902 ], [ -104.880221244184, 39.653058242116103 ], [ -104.880091481647995, 39.653057970115697 ], [ -104.880239897555995, 39.645899499839103 ], [ -104.880332732891006, 39.641314516788803 ], [ -104.88508501055, 39.638964039831698 ], [ -104.885092344935003, 39.638633259274897 ], [ -104.885173605478002, 39.6313783106351 ], [ -104.885254803742001, 39.624128491598 ], [ -104.894640609307999, 39.624108942893201 ], [ -104.901863665869996, 39.6240934465146 ], [ -104.902053277663995, 39.624429692684899 ] ] ] } },
{ "type": "Feature", "properties": { "nbhd_id": 65, "neighborhood": "University Hills", "council_district": 4, "population": 6897, "per_capita_income": 139694, "pct_poverty": 3.7173082574199232, "pct_renters": 45.372949551222533, "field_requests": 7125, "field_requests_2025": 972, "field_requests_per_1k_per_year": 147.57969303423849, "top_category": "Neighborhood Inspection", "share_open_in_file": 0.066666666666666666, "wait_index": 0.50919284257327591, "ranked_requests": 2160, "p50_days": 2.8154745370370371 }, "geometry": { "type": "Polygon", "coordinates": [ [ [ -104.933979587500005, 39.678448965932901 ], [ -104.933976580429999, 39.678445550621397 ], [ -104.933875392684996, 39.678330609096399 ], [ -104.933780759928993, 39.6782231132606 ], [ -104.933106759458994, 39.677485331103497 ], [ -104.932518150456005, 39.676830162254902 ], [ -104.931026157022004, 39.675104379501498 ], [ -104.930759858244997, 39.6747802607997 ], [ -104.930648793071001, 39.6746092066182 ], [ -104.930448428961, 39.674346467786201 ], [ -104.930273333136995, 39.674099277130303 ], [ -104.928575376791002, 39.671651562525803 ], [ -104.927679399246003, 39.670353863786602 ], [ -104.927342251216004, 39.669899862488798 ], [ -104.926253293816998, 39.6683323923072 ], [ -104.925871050943996, 39.667783161430499 ], [ -104.925664275138999, 39.667487520835898 ], [ -104.925295442351995, 39.666960170494598 ], [ -104.924020881036, 39.665120284413199 ], [ -104.923710045006999, 39.664627485443198 ], [ -104.923435095355998, 39.664119587201398 ], [ -104.923026259333, 39.663299430829497 ], [ -104.922618188399994, 39.662387394244099 ], [ -104.921940329522002, 39.660846833453697 ], [ -104.921051432146001, 39.658828239660103 ], [ -104.920123797382004, 39.656767712959997 ], [ -104.91885153122, 39.653918883077999 ], [ -104.918586287522999, 39.653368220125003 ], [ -104.918448167495001, 39.653081469855501 ], [ -104.918585133703999, 39.653079694632297 ], [ -104.919154185105, 39.653080944069302 ], [ -104.920074993992998, 39.653082938738798 ], [ -104.920458496612, 39.6530912823535 ], [ -104.921735663153001, 39.653094451892997 ], [ -104.922809730770993, 39.653080652345203 ], [ -104.923956302643006, 39.6530643868346 ], [ -104.924204705985005, 39.653059040041803 ], [ -104.925020952213998, 39.653056429949999 ], [ -104.925197336622006, 39.653052957552497 ], [ -104.926088523136002, 39.653057613731498 ], [ -104.926191100625005, 39.653058422268501 ], [ -104.927195488913, 39.653049031991699 ], [ -104.928182910865004, 39.653049659325902 ], [ -104.929345686521003, 39.653046110416497 ], [ -104.930517484988002, 39.653044586053497 ], [ -104.931702914444998, 39.653045572643101 ], [ -104.931713250669006, 39.653045540717301 ], [ -104.931712739416, 39.653068753477797 ], [ -104.940679867346006, 39.653054157774399 ], [ -104.940630012233996, 39.653606610590799 ], [ -104.940561839447994, 39.654362064780003 ], [ -104.940576492955003, 39.654867612245503 ], [ -104.940566725967997, 39.658220863232401 ], [ -104.940556896401006, 39.659329077856498 ], [ -104.940621375559004, 39.659706528005799 ], [ -104.940686950198995, 39.660280831805203 ], [ -104.940686709296997, 39.660757037482298 ], [ -104.940686359291007, 39.662482507158302 ], [ -104.940685974580006, 39.663461438503802 ], [ -104.940679561164004, 39.664106917740902 ], [ -104.940679361617001, 39.664800804003598 ], [ -104.940688465752004, 39.665498843021403 ], [ -104.940679575947996, 39.667560842286399 ], [ -104.940679666606002, 39.668329739399702 ], [ -104.940695614335993, 39.671888051005098 ], [ -104.940707536988995, 39.673320735525799 ], [ -104.940702365202, 39.674313648946097 ], [ -104.940718089957002, 39.674815390131201 ], [ -104.940731288441995, 39.676597553356302 ], [ -104.940748368146004, 39.6784151507822 ], [ -104.940683596734004, 39.680098440691197 ], [ -104.940687091263996, 39.680807414954003 ], [ -104.940686768543003, 39.681698157526803 ], [ -104.940689618978993, 39.682627331791402 ], [ -104.940687294851003, 39.682962315723799 ], [ -104.940420206674005, 39.682898495270599 ], [ -104.940241302592995, 39.682855745813498 ], [ -104.939468316692995, 39.682622205918904 ], [ -104.939064743846004, 39.682478624831901 ], [ -104.938764750762999, 39.6823595918584 ], [ -104.938237320371002, 39.682132560842199 ], [ -104.937775700044995, 39.681895151178502 ], [ -104.937165041119002, 39.6815290806326 ], [ -104.936895622270001, 39.681354396484899 ], [ -104.936659370659996, 39.681201216329796 ], [ -104.936205440950005, 39.680855299521198 ], [ -104.935924924681004, 39.680610852318203 ], [ -104.935579095983002, 39.6802850569768 ], [ -104.935226925284994, 39.679906949924899 ], [ -104.934582714078005, 39.679141872997803 ], [ -104.934223305524995, 39.678725808596496 ], [ -104.934106379585003, 39.678592990894799 ], [ -104.933979587500005, 39.678448965932901 ] ], [ [ -104.931619517116005, 39.673362290647802 ], [ -104.933885313684002, 39.673346799832302 ], [ -104.933877822078003, 39.671192012375101 ], [ -104.933031432508997, 39.671193080633202 ], [ -104.933028427796998, 39.6705753636219 ], [ -104.931714002212004, 39.670577252508899 ], [ -104.931716995162006, 39.671194969753003 ], [ -104.931610418928997, 39.6711951408126 ], [ -104.931606252652003, 39.670283665906602 ], [ -104.931594484780007, 39.667568804115902 ], [ -104.930428426719004, 39.667570366391097 ], [ -104.930428181718, 39.6684763301148 ], [ -104.929255892122001, 39.668477850235803 ], [ -104.929254693659004, 39.669389986418501 ], [ -104.928074387714005, 39.669392485818499 ], [ -104.928081411818994, 39.668966304742703 ], [ -104.927201319323004, 39.668965108148399 ], [ -104.929651344277005, 39.672382279339601 ], [ -104.930780123329001, 39.672387750435398 ], [ -104.930776701013997, 39.6728098304011 ], [ -104.931616896, 39.672808404996303 ], [ -104.931619517116005, 39.673362290647802 ] ] ] } },
{ "type": "Feature", "properties": { "nbhd_id": 32, "neighborhood": "Hampden", "council_district": 4, "population": 20155, "per_capita_income": 236052, "pct_poverty": 14.394014962593516, "pct_renters": 50.187852222917975, "field_requests": 11222, "field_requests_2025": 1766, "field_requests_per_1k_per_year": 79.540702413438709, "top_category": "Streets & Traffic", "share_open_in_file": 0.050882195687043309, "wait_index": 0.50911196533481018, "ranked_requests": 2827, "p50_days": 2.1668634259259258 }, "geometry": { "type": "Polygon", "coordinates": [ [ [ -104.866022441210006, 39.660271192331102 ], [ -104.866333775014994, 39.660309911744498 ], [ -104.866369453109996, 39.659397905615698 ], [ -104.866421474961001, 39.6569961230309 ], [ -104.866429904423001, 39.656524993445103 ], [ -104.866432318215004, 39.656257469007798 ], [ -104.866456011243002, 39.656029074886902 ], [ -104.866479251567995, 39.655850841770203 ], [ -104.866516962798002, 39.655667113099099 ], [ -104.866591480389999, 39.655399977007697 ], [ -104.866702250095003, 39.655110741382799 ], [ -104.866775409466001, 39.654994087752499 ], [ -104.866856029464003, 39.654849606105799 ], [ -104.866936599341003, 39.654710697519903 ], [ -104.867016917504998, 39.654599656182597 ], [ -104.867118967186002, 39.6544775841787 ], [ -104.867206344717999, 39.654383301800301 ], [ -104.867308292540002, 39.654272376966297 ], [ -104.867402829674006, 39.654183706323501 ], [ -104.867540979544003, 39.654056254459398 ], [ -104.867722490245995, 39.653917888682599 ], [ -104.867882118878995, 39.653807273197799 ], [ -104.868056217632997, 39.653691162011299 ], [ -104.868237425594003, 39.6535862354676 ], [ -104.868408117669006, 39.653510530850198 ], [ -104.868586331059007, 39.653428086066199 ], [ -104.868838127081005, 39.653338646444602 ], [ -104.869156326443999, 39.653234454723403 ], [ -104.869430963515001, 39.653163470281903 ], [ -104.869676558899002, 39.653114624418997 ], [ -104.869878693578997, 39.653087839856298 ], [ -104.870109718199998, 39.653055636048002 ], [ -104.870383804249997, 39.653045957218801 ], [ -104.870924565362998, 39.653048853051601 ], [ -104.872000539062, 39.653038692400202 ], [ -104.875658086521995, 39.653050483514001 ], [ -104.876680252691003, 39.653049878995098 ], [ -104.880091481647995, 39.653057970115697 ], [ -104.880221244184, 39.653058242116103 ], [ -104.881353222735996, 39.653060707479902 ], [ -104.881420218366998, 39.653060853102303 ], [ -104.882742801803005, 39.653064030230098 ], [ -104.884784806496, 39.653068906228803 ], [ -104.886426631993999, 39.653071383854702 ], [ -104.887461224114006, 39.653072933291099 ], [ -104.887723399750996, 39.653075330002103 ], [ -104.887977581849995, 39.653080772299496 ], [ -104.891869166801996, 39.6530882758491 ], [ -104.894082642436999, 39.653094218384702 ], [ -104.894550951206, 39.653096206433197 ], [ -104.898758672734999, 39.653113981091899 ], [ -104.900542834120003, 39.653110875893198 ], [ -104.902277746026996, 39.653115251170597 ], [ -104.904355415142007, 39.653116190861297 ], [ -104.904726187714999, 39.653114979821403 ], [ -104.904988501413001, 39.653114250214998 ], [ -104.905947451968004, 39.653111551813502 ], [ -104.906933041173005, 39.653108636881299 ], [ -104.907155738789001, 39.653108044697703 ], [ -104.907374335721997, 39.653107431163001 ], [ -104.907907087870996, 39.653105655131 ], [ -104.908839399933996, 39.653103142111497 ], [ -104.909095363705006, 39.6531014053704 ], [ -104.909323318168006, 39.653101456342 ], [ -104.911054755680993, 39.653096419801798 ], [ -104.912679644473997, 39.6530915108494 ], [ -104.912929962068006, 39.653090704169699 ], [ -104.915346911642004, 39.653087995460503 ], [ -104.916661992716001, 39.6530749699333 ], [ -104.917764686736007, 39.653083525947103 ], [ -104.918378164632003, 39.653080661597798 ], [ -104.918448167495001, 39.653081469855501 ], [ -104.918586287522999, 39.653368220125003 ], [ -104.91885153122, 39.653918883077999 ], [ -104.920123797382004, 39.656767712959997 ], [ -104.921051432146001, 39.658828239660103 ], [ -104.921940329522002, 39.660846833453697 ], [ -104.922618188399994, 39.662387394244099 ], [ -104.923026259333, 39.663299430829497 ], [ -104.923435095355998, 39.664119587201398 ], [ -104.923710045006999, 39.664627485443198 ], [ -104.924020881036, 39.665120284413199 ], [ -104.925295442351995, 39.666960170494598 ], [ -104.925664275138999, 39.667487520835898 ], [ -104.925237511712993, 39.667497463193897 ], [ -104.925052343969995, 39.6675020442175 ], [ -104.923880123878007, 39.667533927566602 ], [ -104.923708283779007, 39.667577762965799 ], [ -104.922639021747997, 39.667579722287002 ], [ -104.922226648299002, 39.6675800986607 ], [ -104.921901898840005, 39.667581933160101 ], [ -104.921402796549003, 39.667582223016502 ], [ -104.921310603367004, 39.667582133249198 ], [ -104.920801937293007, 39.667581839920999 ], [ -104.920772907567994, 39.667554230204097 ], [ -104.920308125079998, 39.667112179345601 ], [ -104.920583084393996, 39.666938518827202 ], [ -104.922220619059999, 39.666946579237198 ], [ -104.922239740305997, 39.663759662304599 ], [ -104.922152965219993, 39.663729036735397 ], [ -104.922161076055005, 39.6637146638571 ], [ -104.922167413053998, 39.663699938519002 ], [ -104.922171977443995, 39.663684861429999 ], [ -104.922174768446993, 39.663669432736903 ], [ -104.922176671477999, 39.663653999427503 ], [ -104.922175910587001, 39.663638553022402 ], [ -104.922173373749999, 39.663623097936899 ], [ -104.922169948941999, 39.663607638435799 ], [ -104.922163854309005, 39.663592852133597 ], [ -104.922156868881999, 39.663578404638699 ], [ -104.922148105011999, 39.663564291737899 ], [ -104.922137556406, 39.6635511993723 ], [ -104.921620206265999, 39.662967326044502 ], [ -104.921605251749995, 39.662950094002497 ], [ -104.921582435537005, 39.6629170374651 ], [ -104.921562294609004, 39.662882621440197 ], [ -104.921546605084998, 39.662846854670001 ], [ -104.921535360983, 39.662810423250299 ], [ -104.921527677285994, 39.662772980040998 ], [ -104.921524433600993, 39.662735558732699 ], [ -104.921525632553994, 39.6626978161013 ], [ -104.921531271571993, 39.662660095120501 ], [ -104.921540453619997, 39.662623421036898 ], [ -104.921554072953995, 39.662587112177498 ], [ -104.921572123786007, 39.662551854585402 ], [ -104.921593715127003, 39.662517987312398 ], [ -104.921618844151993, 39.662485852777102 ], [ -104.921647511112994, 39.662455451731198 ], [ -104.921865884178999, 39.662249251648902 ], [ -104.921015833423994, 39.660338074464498 ], [ -104.918874900255005, 39.660337803711101 ], [ -104.918885457349006, 39.659920561429402 ], [ -104.918613723456005, 39.659921962909003 ], [ -104.918247307705997, 39.659347399478598 ], [ -104.917892877856005, 39.6591486650455 ], [ -104.917812477189997, 39.659314018085801 ], [ -104.916757423708006, 39.6590102293749 ], [ -104.916863101673002, 39.658795242779803 ], [ -104.915897606697001, 39.658508019974498 ], [ -104.915931993003994, 39.658430634478897 ], [ -104.916252734642001, 39.658087685229503 ], [ -104.916032116818997, 39.657495650286599 ], [ -104.916028553822997, 39.657497005234603 ], [ -104.916000080591004, 39.657504070351898 ], [ -104.915971621818002, 39.657509419745097 ], [ -104.915942294865999, 39.657512362451399 ], [ -104.915912982181993, 39.657513589632998 ], [ -104.915883684033005, 39.657513100638702 ], [ -104.915511647786005, 39.657511251062097 ], [ -104.915511286780003, 39.657127928390103 ], [ -104.915895591875, 39.657149056375303 ], [ -104.916023515914006, 39.6569283474131 ], [ -104.916571884785, 39.656119130033197 ], [ -104.915863017545007, 39.6560480044242 ], [ -104.915857250670001, 39.656100823968401 ], [ -104.915841548499998, 39.656173841423801 ], [ -104.915818754425004, 39.656245450621903 ], [ -104.915787092919004, 39.6563156430839 ], [ -104.915770824787998, 39.656349879216997 ], [ -104.915250188688006, 39.656173302625298 ], [ -104.913088895160996, 39.656180717419304 ], [ -104.913054770276005, 39.663131454036503 ], [ -104.915038537838996, 39.6631403139234 ], [ -104.915587295568997, 39.663251828134001 ], [ -104.915938904420997, 39.6634711454818 ], [ -104.915950351703003, 39.6661516971227 ], [ -104.916389035272999, 39.666153875999697 ], [ -104.916378028560999, 39.6675848362351 ], [ -104.916285941698007, 39.667585889754299 ], [ -104.915852236223998, 39.667590850905903 ], [ -104.915615442253994, 39.667596584341503 ], [ -104.914636447606995, 39.667592008585302 ], [ -104.912874165475003, 39.667631937345902 ], [ -104.910931969206999, 39.6676352614016 ], [ -104.909762998751006, 39.667636947632197 ], [ -104.908589948930995, 39.667639286281101 ], [ -104.907402965566007, 39.667641202002997 ], [ -104.905891981381998, 39.667644213520198 ], [ -104.903540713975005, 39.667625304912399 ], [ -104.903540694729998, 39.667603101747503 ], [ -104.903455078337004, 39.667602965852403 ], [ -104.898817952976003, 39.667595514916101 ], [ -104.894095211476994, 39.667587738336699 ], [ -104.894020613346001, 39.667587696980803 ], [ -104.890216283076001, 39.664496654073801 ], [ -104.888351800096999, 39.665673648468498 ], [ -104.888846870698998, 39.665727012662302 ], [ -104.888887683655, 39.665731343006797 ], [ -104.888927584466998, 39.665738413845197 ], [ -104.888966573722001, 39.665748225281902 ], [ -104.889004654022003, 39.665760434093499 ], [ -104.889040934253998, 39.665775378987199 ], [ -104.889075420523, 39.665792373771801 ], [ -104.889108107254003, 39.665812104042097 ], [ -104.889138114556005, 39.665833536617797 ], [ -104.889154873541997, 39.665846664036799 ], [ -104.889668799402003, 39.666285159266899 ], [ -104.889737513853007, 39.666349002515901 ], [ -104.889799087615998, 39.666416926603397 ], [ -104.889852633906997, 39.666488926937497 ], [ -104.889891164418998, 39.6665515838978 ], [ -104.890458601020001, 39.667578889083998 ], [ -104.885163979609004, 39.667566070811603 ], [ -104.879516816291002, 39.663932768717402 ], [ -104.876211557302, 39.6639320894325 ], [ -104.876091828311999, 39.6640145014441 ], [ -104.875981799879, 39.664104514370003 ], [ -104.875882363095002, 39.664201790030901 ], [ -104.875793527126007, 39.664305298836702 ], [ -104.875717961972001, 39.664414368816097 ], [ -104.875653900935006, 39.664527960995002 ], [ -104.875604010990003, 39.664645746772102 ], [ -104.875566528703004, 39.664766343542503 ], [ -104.875543239064001, 39.664888731687697 ], [ -104.875534144873001, 39.6650125678416 ], [ -104.875536021924006, 39.6651011156641 ], [ -104.875533192074002, 39.665918531937301 ], [ -104.875436158426993, 39.667542240315001 ], [ -104.875378029765997, 39.668485991746202 ], [ -104.875380998067996, 39.668651415229498 ], [ -104.875403510058007, 39.668816256224602 ], [ -104.875436899438, 39.668956447199101 ], [ -104.876265903128001, 39.670909709304901 ], [ -104.876311135444993, 39.671016675087799 ], [ -104.876368831294002, 39.671120275146301 ], [ -104.876438112252004, 39.671219475491696 ], [ -104.876518095864995, 39.6713135849987 ], [ -104.876608785594996, 39.671402260426497 ], [ -104.876708417572004, 39.671484119950698 ], [ -104.876741948635001, 39.671508662773697 ], [ -104.877228998948993, 39.671869169397603 ], [ -104.877459050374995, 39.672066681149303 ], [ -104.875435904195996, 39.672063156480398 ], [ -104.875419622981994, 39.674791608286597 ], [ -104.875295281803005, 39.674791290799298 ], [ -104.870620052209006, 39.674779051314601 ], [ -104.866353816737004, 39.6712746789755 ], [ -104.865965929116001, 39.670954812275298 ], [ -104.865946365677004, 39.667515800285202 ], [ -104.865984405244006, 39.663893498496101 ], [ -104.866022441210006, 39.660271192331102 ] ] ] } },
{ "type": "Feature", "properties": { "nbhd_id": 58, "neighborhood": "Southmoor Park", "council_district": 4, "population": 6271, "per_capita_income": 145675, "pct_poverty": 6.402682420565224, "pct_renters": 74.513513513513516, "field_requests": 2392, "field_requests_2025": 360, "field_requests_per_1k_per_year": 54.491195298084151, "top_category": "Streets & Traffic", "share_open_in_file": 0.03887959866220736, "wait_index": 0.50907623991349826, "ranked_requests": 743, "p50_days": 1.9531712962962962 }, "geometry": { "type": "Polygon", "coordinates": [ [ [ -104.901863665869996, 39.6240934465146 ], [ -104.904038835291004, 39.624088704525903 ], [ -104.911631685173006, 39.624084082198301 ], [ -104.913406751506997, 39.624083007049201 ], [ -104.913389965133007, 39.625455619223601 ], [ -104.913316782118002, 39.631349259314199 ], [ -104.913227401087994, 39.638649127779502 ], [ -104.917858075290994, 39.642246641612303 ], [ -104.920660526451996, 39.644423502124802 ], [ -104.922496280654997, 39.645849494028703 ], [ -104.931873448188, 39.645825540118501 ], [ -104.931792653182995, 39.649447318120899 ], [ -104.931713250669006, 39.653045540717301 ], [ -104.931702914444998, 39.653045572643101 ], [ -104.930517484988002, 39.653044586053497 ], [ -104.929345686521003, 39.653046110416497 ], [ -104.928182910865004, 39.653049659325902 ], [ -104.927195488913, 39.653049031991699 ], [ -104.926191100625005, 39.653058422268501 ], [ -104.926088523136002, 39.653057613731498 ], [ -104.925197336622006, 39.653052957552497 ], [ -104.925020952213998, 39.653056429949999 ], [ -104.924204705985005, 39.653059040041803 ], [ -104.923956302643006, 39.6530643868346 ], [ -104.922809730770993, 39.653080652345203 ], [ -104.921735663153001, 39.653094451892997 ], [ -104.920458496612, 39.6530912823535 ], [ -104.920074993992998, 39.653082938738798 ], [ -104.919154185105, 39.653080944069302 ], [ -104.918585133703999, 39.653079694632297 ], [ -104.918448167495001, 39.653081469855501 ], [ -104.918325875758995, 39.652827579504397 ], [ -104.918155972299999, 39.6524748379477 ], [ -104.917489412848994, 39.651172113519202 ], [ -104.916675702245001, 39.649688458725798 ], [ -104.911552416039996, 39.640795454585401 ], [ -104.910423852682996, 39.638873719605101 ], [ -104.910218483118996, 39.638523999904798 ], [ -104.909380042137997, 39.637096198214401 ], [ -104.908457908884998, 39.635529860157 ], [ -104.908253257593003, 39.635100827959199 ], [ -104.907389818320993, 39.633596810309598 ], [ -104.906021077890998, 39.631291352778597 ], [ -104.904743275694997, 39.6290300811891 ], [ -104.904533086458997, 39.628678421322903 ], [ -104.904453590675004, 39.628545419542498 ], [ -104.904350997991003, 39.628350224727299 ], [ -104.904288841874006, 39.6282423766677 ], [ -104.903362132994005, 39.626634381071199 ], [ -104.902961904201007, 39.6259954774942 ], [ -104.902369381705, 39.624966718395299 ], [ -104.902053277663995, 39.624429692684899 ], [ -104.901863665869996, 39.6240934465146 ] ], [ [ -104.903787492516003, 39.626828017620497 ], [ -104.903917071313003, 39.626828675174998 ], [ -104.903909316276, 39.624186195099199 ], [ -104.902903787436998, 39.624181088477698 ], [ -104.902796238386003, 39.624304084557401 ], [ -104.903284563214001, 39.625954488399003 ], [ -104.903787492516003, 39.626828017620497 ] ] ] } },
{ "type": "Feature", "properties": { "nbhd_id": 38, "neighborhood": "Indian Creek", "council_district": 6, "population": 4090, "per_capita_income": 50825, "pct_poverty": 14.449877750611249, "pct_renters": 29.575328614762388, "field_requests": 1868, "field_requests_2025": 248, "field_requests_per_1k_per_year": 65.246245197345445, "top_category": "Solid Waste", "share_open_in_file": 0.061027837259100645, "wait_index": 0.50807736504341161, "ranked_requests": 464, "p50_days": 1.6735416666666667 }, "geometry": { "type": "Polygon", "coordinates": [ [ [ -104.903513964482997, 39.684756228814898 ], [ -104.903442921297, 39.684858374896798 ], [ -104.903431491410004, 39.685457624622302 ], [ -104.903425621653, 39.685744101981498 ], [ -104.903466378633993, 39.686383628695701 ], [ -104.903538591927003, 39.687377049415197 ], [ -104.903512227164001, 39.689350881636898 ], [ -104.898811155857004, 39.689338950721996 ], [ -104.898822392141994, 39.690723685656401 ], [ -104.898181851052001, 39.690726586147399 ], [ -104.898827906299005, 39.691428234778101 ], [ -104.898838794065, 39.692957439895999 ], [ -104.894195841504001, 39.692977194163497 ], [ -104.894082845084995, 39.692893908839999 ], [ -104.894071003750994, 39.689326287285702 ], [ -104.894058835002994, 39.685693801133603 ], [ -104.889328667713997, 39.6856847716234 ], [ -104.889308718137002, 39.682056013393002 ], [ -104.894045778985998, 39.682061305721 ], [ -104.894057424961005, 39.678448493500198 ], [ -104.896337448205003, 39.678451986735297 ], [ -104.903530918659996, 39.6784753190068 ], [ -104.903515406721993, 39.682077815018303 ], [ -104.903513964482997, 39.684756228814898 ] ], [ [ -104.902670828032996, 39.685712473196801 ], [ -104.901149759668002, 39.684808726565102 ], [ -104.898782948578997, 39.683402015786598 ], [ -104.898786323722007, 39.685704342575498 ], [ -104.902670828032996, 39.685712473196801 ] ] ] } },
{ "type": "Feature", "properties": { "nbhd_id": 76, "neighborhood": "Westwood", "council_district": 3, "population": 15771, "per_capita_income": 85699, "pct_poverty": 28.55962369692347, "pct_renters": 57.537025765875427, "field_requests": 10953, "field_requests_2025": 1683, "field_requests_per_1k_per_year": 99.214652572080766, "top_category": "Neighborhood Inspection", "share_open_in_file": 0.09832922486989866, "wait_index": 0.50775171790261575, "ranked_requests": 2759, "p50_days": 2.6522685185185186 }, "geometry": { "type": "Polygon", "coordinates": [ [ [ -105.039697539228001, 39.711250928757998 ], [ -105.038485540633005, 39.711237942281898 ], [ -105.037280561651002, 39.711238699036997 ], [ -105.036717215471995, 39.711232363489302 ], [ -105.036082781797006, 39.711225745089699 ], [ -105.035495391934006, 39.711227201769603 ], [ -105.034883120778005, 39.711228556980302 ], [ -105.034287751395993, 39.711227230644901 ], [ -105.033677275626999, 39.7112258412564 ], [ -105.032455520766007, 39.711210353465397 ], [ -105.031835341825996, 39.711198278152402 ], [ -105.031224935656994, 39.711186581495397 ], [ -105.030611842504996, 39.7111779597086 ], [ -105.029940107174994, 39.711168414129503 ], [ -105.029388339614002, 39.7111583150797 ], [ -105.028767268474994, 39.711146905922597 ], [ -105.028159466958002, 39.711144469320701 ], [ -105.027534781740002, 39.7111419617613 ], [ -105.026930448244997, 39.711152229810899 ], [ -105.026320785159996, 39.711162474498103 ], [ -105.025092622513, 39.711174677802497 ], [ -105.025091239169996, 39.7094097943449 ], [ -105.025089185479004, 39.708531635838298 ], [ -105.025078232217993, 39.707655499996797 ], [ -105.025081859373003, 39.707513445702297 ], [ -105.025089809259001, 39.706732784785501 ], [ -105.025102172513002, 39.705693740937903 ], [ -105.025099459171997, 39.704913036056602 ], [ -105.025083776982996, 39.703948001146699 ], [ -105.025084117194993, 39.703110000200702 ], [ -105.025083098020005, 39.702079136846898 ], [ -105.025078370714994, 39.7013334257583 ], [ -105.025080163753003, 39.700412041582702 ], [ -105.025080163392005, 39.699230532732003 ], [ -105.025081820159002, 39.698591913551297 ], [ -105.025080660908003, 39.697581637264598 ], [ -105.025059102547999, 39.696747280923397 ], [ -105.026395002276999, 39.696744129874801 ], [ -105.027441608239997, 39.696740790446903 ], [ -105.028483735284993, 39.696742914789397 ], [ -105.029739976116005, 39.6967451995909 ], [ -105.031011417629003, 39.696732775727 ], [ -105.031813674288003, 39.696733570368998 ], [ -105.032074152459003, 39.696731743216802 ], [ -105.032775615229994, 39.696769653472302 ], [ -105.033154654545996, 39.696818515176602 ], [ -105.033546922834006, 39.696882184144798 ], [ -105.033997612695003, 39.696978340843103 ], [ -105.034434828089005, 39.6970970909275 ], [ -105.034650801086002, 39.697171811484097 ], [ -105.034782576370006, 39.697202919842297 ], [ -105.034947413419999, 39.697223962904999 ], [ -105.035072724683005, 39.6972346540337 ], [ -105.035165110007995, 39.697235019241703 ], [ -105.035290556608999, 39.697225319383001 ], [ -105.035389607392005, 39.697215515109001 ], [ -105.035527966556998, 39.697178282082 ], [ -105.036367900795, 39.696855934994403 ], [ -105.036706156918001, 39.6967577510772 ], [ -105.037874441604998, 39.696759945363702 ], [ -105.039049852426999, 39.696759411384903 ], [ -105.040221691587007, 39.696761596535701 ], [ -105.041387951784998, 39.696768035951301 ], [ -105.042564415886005, 39.6967758801282 ], [ -105.043638642673002, 39.696773871741797 ], [ -105.043729318122004, 39.6967379729304 ], [ -105.044886128940007, 39.696742335859597 ], [ -105.046048161593006, 39.696749572706203 ], [ -105.047203978165001, 39.696756430754398 ], [ -105.048397981134997, 39.696765826404501 ], [ -105.049560063255001, 39.6967654789186 ], [ -105.050712421035996, 39.696757533633402 ], [ -105.051874505458002, 39.696756819955397 ], [ -105.053224816023999, 39.696770353873198 ], [ -105.053230836010002, 39.696770369516898 ], [ -105.053230816579998, 39.6968096799976 ], [ -105.053249381873002, 39.704081353991299 ], [ -105.053264436518006, 39.711344370599399 ], [ -105.053250235679997, 39.711344019707298 ], [ -105.052052416305997, 39.711336718503297 ], [ -105.051045611442007, 39.711335625592497 ], [ -105.050871462573994, 39.711332215129801 ], [ -105.050031641480004, 39.711343350942201 ], [ -105.048500809814001, 39.711301520244803 ], [ -105.047040889421993, 39.711287671576002 ], [ -105.046087419266996, 39.7112839959686 ], [ -105.045010447045996, 39.711277775644497 ], [ -105.043259035234001, 39.711267556276901 ], [ -105.042075399896007, 39.711265699400002 ], [ -105.040877619151004, 39.711252794532001 ], [ -105.039697539228001, 39.711250928757998 ] ] ] } },
{ "type": "Feature", "properties": { "nbhd_id": 41, "neighborhood": "Lincoln Park", "council_district": 3, "population": 7116, "per_capita_income": 105515, "pct_poverty": 21.704111911827045, "pct_renters": 68.551042810098792, "field_requests": 11165, "field_requests_2025": 1991, "field_requests_per_1k_per_year": 224.14277684092187, "top_category": "Streets & Traffic", "share_open_in_file": 0.04818629646215853, "wait_index": 0.5067809793678939, "ranked_requests": 2744, "p50_days": 1.93046875 }, "geometry": { "type": "Polygon", "coordinates": [ [ [ -104.998566933180001, 39.740193717891898 ], [ -104.998410530986007, 39.739923679780503 ], [ -104.998379016184998, 39.739855257174703 ], [ -104.998350922998995, 39.739805722824102 ], [ -104.998313029211005, 39.739759235015498 ], [ -104.998263657017006, 39.739701717019599 ], [ -104.998196528525, 39.739641034998797 ], [ -104.998150555383006, 39.739605493461397 ], [ -104.998116141663999, 39.739569658283003 ], [ -104.998066848353005, 39.7395011593525 ], [ -104.998021131051999, 39.739429930847798 ], [ -104.997996483509993, 39.739395853073098 ], [ -104.997968545008007, 39.7393246997879 ], [ -104.997941439517007, 39.739261443098897 ], [ -104.997906272318005, 39.739206730804703 ], [ -104.997870986663997, 39.739168489544397 ], [ -104.997800359541003, 39.739099899903501 ], [ -104.997761639001993, 39.739044828969803 ], [ -104.997709777908995, 39.738962592921098 ], [ -104.997660623314005, 39.738874877832799 ], [ -104.997636123616005, 39.738820211138197 ], [ -104.99758683156, 39.738751711989003 ], [ -104.997545442135007, 39.738696973208199 ], [ -104.997492515610006, 39.738639439683197 ], [ -104.997464345118999, 39.7386008857505 ], [ -104.997397195721007, 39.738543291487503 ], [ -104.997217935622004, 39.738375750458601 ], [ -104.997162881875994, 39.7382430564017 ], [ -104.997064242739, 39.738113950265998 ], [ -104.997040098016996, 39.738085032101402 ], [ -104.996983154442006, 39.738016832657699 ], [ -104.996860690077995, 39.737863260874697 ], [ -104.996678387016999, 39.737624672216903 ], [ -104.996482118101, 39.7373503352527 ], [ -104.996391460001007, 39.737224351038797 ], [ -104.996299953266004, 39.737092872894401 ], [ -104.995949657344994, 39.736604773871399 ], [ -104.995879113349005, 39.736525202103003 ], [ -104.995808628975993, 39.736437394509103 ], [ -104.995728679707, 39.736305964994301 ], [ -104.995654894045003, 39.736182798224398 ], [ -104.995599521965005, 39.736095055315701 ], [ -104.995497281905003, 39.735973138660398 ], [ -104.995406629756005, 39.735846810658501 ], [ -104.995297426899995, 39.735704274964597 ], [ -104.995182200119999, 39.735534259836299 ], [ -104.995048333691003, 39.735360390351801 ], [ -104.994978760178995, 39.735269840909901 ], [ -104.994887201284001, 39.735146253989299 ], [ -104.994800005816998, 39.735034009703902 ], [ -104.994719015935999, 39.734924194484798 ], [ -104.994550840765996, 39.734700761903397 ], [ -104.994494562577003, 39.734615759687102 ], [ -104.994452387544001, 39.7345472898701 ], [ -104.994407467076002, 39.734489789495001 ], [ -104.994305144511003, 39.734379882045303 ], [ -104.994217930873006, 39.734270382424803 ], [ -104.994122799604, 39.734149524710702 ], [ -104.994035705610003, 39.734023554223 ], [ -104.993975932273003, 39.733930300859299 ], [ -104.993923121470004, 39.733857667318901 ], [ -104.993793993284001, 39.733644010138597 ], [ -104.993734061818003, 39.733572718024703 ], [ -104.993597469574993, 39.733408100280499 ], [ -104.993537667612003, 39.733318964568497 ], [ -104.993502506303997, 39.733264251188203 ], [ -104.993425941964006, 39.733157542182298 ], [ -104.993327377124999, 39.733020197337602 ], [ -104.993249267403002, 39.732908037090397 ], [ -104.993247317465006, 39.732905237304898 ], [ -104.993124080483, 39.732737930862697 ], [ -104.993033364927996, 39.732621552356903 ], [ -104.992948944011999, 39.732495249117797 ], [ -104.992833648536006, 39.732336212613298 ], [ -104.992668932007007, 39.732127891077702 ], [ -104.992580924699993, 39.732006033033699 ], [ -104.992462194422004, 39.731830509615499 ], [ -104.992335425774996, 39.731660442466499 ], [ -104.992213002499, 39.731504119504699 ], [ -104.992132007801999, 39.7313960180431 ], [ -104.992083595292996, 39.731330265571302 ], [ -104.992013180274995, 39.731234219940703 ], [ -104.991935893401006, 39.731105201529402 ], [ -104.991859374159006, 39.730993001159199 ], [ -104.991806567501001, 39.7309203663388 ], [ -104.991732638003, 39.730818815157903 ], [ -104.991631529657994, 39.7306653290266 ], [ -104.991539860787, 39.730558553603899 ], [ -104.991403378827997, 39.730380206866997 ], [ -104.991323248645003, 39.730275883230803 ], [ -104.991249267743996, 39.730181537466798 ], [ -104.991116123710995, 39.730033403107903 ], [ -104.991035184691995, 39.7299180944838 ], [ -104.990919818356005, 39.729770036837998 ], [ -104.990845911022006, 39.729665739722599 ], [ -104.990747203916996, 39.729549324304799 ], [ -104.990677741384005, 39.729445046312001 ], [ -104.990593285971002, 39.729324575070002 ], [ -104.990527319242005, 39.729228547521402 ], [ -104.990463919728995, 39.729146257750301 ], [ -104.990414541497998, 39.729091481622298 ], [ -104.990221347738, 39.728889896204898 ], [ -104.990171912772993, 39.728843012405598 ], [ -104.990105747845007, 39.728774436895101 ], [ -104.990035098866997, 39.728711332349398 ], [ -104.989985681359002, 39.728662046249902 ], [ -104.989926649571998, 39.728590413206099 ], [ -104.989863328184001, 39.728497485269799 ], [ -104.989799790342005, 39.728434411608397 ], [ -104.989708818699, 39.728354747251302 ], [ -104.989648718968994, 39.728307816762801 ], [ -104.989599322510003, 39.728255785362002 ], [ -104.989547172081998, 39.728215752707897 ], [ -104.989465778527006, 39.728163582419903 ], [ -104.989367617400006, 39.728094867624101 ], [ -104.989250851273994, 39.728017835963399 ], [ -104.989064366722005, 39.727872213028199 ], [ -104.988952215571004, 39.727771865969999 ], [ -104.988892014008997, 39.7277390044245 ], [ -104.988792727743004, 39.727702884477402 ], [ -104.988736833218994, 39.727688915138401 ], [ -104.988687217500001, 39.727667080523901 ], [ -104.988543119707998, 39.727559731165897 ], [ -104.988313935681006, 39.727419412016701 ], [ -104.988077564487, 39.727289698596302 ], [ -104.987774711591001, 39.727135331140197 ], [ -104.987531438614994, 39.727002808607402 ], [ -104.987423599543007, 39.726944063626902 ], [ -104.987429702100997, 39.726668503499901 ], [ -104.987429989741997, 39.726616970148399 ], [ -104.987435451655003, 39.725638361678598 ], [ -104.988371307915003, 39.725646553252503 ], [ -104.988877895692994, 39.725651157313699 ], [ -104.989189875158999, 39.725650110201798 ], [ -104.990281280589002, 39.7256572459602 ], [ -104.990890066592996, 39.725664000033703 ], [ -104.991529100231006, 39.725666763654701 ], [ -104.992157468507997, 39.725669477766402 ], [ -104.992823165776997, 39.725672349451997 ], [ -104.993420427326996, 39.725674922713502 ], [ -104.994007911425001, 39.725677450891197 ], [ -104.994602491942004, 39.725682065336599 ], [ -104.995192628135001, 39.725686658058301 ], [ -104.995793437482007, 39.725690263978301 ], [ -104.996378250381994, 39.725693455176298 ], [ -104.996963916487999, 39.725701794582001 ], [ -104.997547009322005, 39.725697079926398 ], [ -104.998043818691997, 39.725701945881099 ], [ -104.998077592415001, 39.725702089974902 ], [ -104.998572624329, 39.7257069463138 ], [ -104.999337885206998, 39.725707460019699 ], [ -104.999449874651006, 39.725707593370103 ], [ -105.000148474919996, 39.725708161546002 ], [ -105.000869422006005, 39.7257561718882 ], [ -105.004595900159998, 39.725771922520103 ], [ -105.006362422928007, 39.7257827038949 ], [ -105.007003208886005, 39.725815592599403 ], [ -105.007075565579996, 39.725820036498398 ], [ -105.007355073458996, 39.725837201447497 ], [ -105.007776493444993, 39.725855744027598 ], [ -105.008050229150996, 39.725863600616101 ], [ -105.008289292753005, 39.725857888388198 ], [ -105.008545762457004, 39.725848892995302 ], [ -105.009007222779005, 39.7258257124371 ], [ -105.009039194050999, 39.725824106436001 ], [ -105.009430499184006, 39.725798892608204 ], [ -105.009484208352006, 39.725795603323498 ], [ -105.009687015438004, 39.7257831830361 ], [ -105.010725743368994, 39.725774084253302 ], [ -105.011323330634994, 39.725769856341302 ], [ -105.011645009979006, 39.725757768594001 ], [ -105.011953651566003, 39.7257456264852 ], [ -105.012436262785002, 39.725714069564802 ], [ -105.012990985802006, 39.725688888529 ], [ -105.013044560069005, 39.7256864564606 ], [ -105.013455691619001, 39.725670532240002 ], [ -105.013655663799, 39.7256587124456 ], [ -105.014321255073, 39.725609320497199 ], [ -105.014812258185998, 39.725572881564098 ], [ -105.015676368155994, 39.725509821845201 ], [ -105.015768559303993, 39.725503093525901 ], [ -105.015743978981007, 39.725692590276203 ], [ -105.015743602995002, 39.7256954897776 ], [ -105.015716615458004, 39.725871076208399 ], [ -105.015700676733999, 39.7259911166256 ], [ -105.015676801039007, 39.726290132878702 ], [ -105.015676352976996, 39.726295742119902 ], [ -105.015659320061005, 39.7265743175182 ], [ -105.015639648583999, 39.726848764447901 ], [ -105.015642165844, 39.726999078291499 ], [ -105.015637388166994, 39.727176128867598 ], [ -105.015650403142999, 39.727350851044598 ], [ -105.015675074041994, 39.727510864521101 ], [ -105.015682073541996, 39.727535451435102 ], [ -105.015722802686994, 39.727678522994601 ], [ -105.015824127936, 39.727936309420798 ], [ -105.015919606512995, 39.728139852798897 ], [ -105.015985537991995, 39.728245816793603 ], [ -105.016091267891994, 39.728380770369597 ], [ -105.016399810620996, 39.728750935256897 ], [ -105.016539990957995, 39.728917257151203 ], [ -105.016675588162002, 39.729103806729199 ], [ -105.016734480362004, 39.729199789960802 ], [ -105.016832572941993, 39.7294115788685 ], [ -105.016898171725003, 39.7295662697449 ], [ -105.016934753672004, 39.729675201619401 ], [ -105.016956442547993, 39.729752501411802 ], [ -105.016966558533994, 39.729832499151399 ], [ -105.016983167449993, 39.7306475698363 ], [ -105.016994557977995, 39.731187748745903 ], [ -105.017014226716, 39.732074895263402 ], [ -105.017003361362001, 39.732941024538498 ], [ -105.016998463164995, 39.733331477762597 ], [ -105.017005634712007, 39.733839038918198 ], [ -105.016995609079999, 39.734778565693297 ], [ -105.017025815043993, 39.735297545294003 ], [ -105.017085871910993, 39.735612468166501 ], [ -105.017155054485997, 39.735893112358397 ], [ -105.017212640824994, 39.736050515445797 ], [ -105.017428381423002, 39.736477602874501 ], [ -105.017680782376004, 39.737003326552497 ], [ -105.017855835733997, 39.7374014212687 ], [ -105.017953509802993, 39.7376763477873 ], [ -105.017993653030004, 39.737785293374102 ], [ -105.018043932856003, 39.737971491169198 ], [ -105.018061737888999, 39.738097159736597 ], [ -105.018060478750996, 39.738280400795603 ], [ -105.018043992382999, 39.738480394437502 ], [ -105.018013124280003, 39.7387033207782 ], [ -105.017982373899002, 39.738909089691198 ], [ -105.017963194095003, 39.738983476447103 ], [ -105.017914346149993, 39.739106126924298 ], [ -105.01786917906, 39.739210604947601 ], [ -105.017838454674006, 39.739283228595902 ], [ -105.017552274107999, 39.740048327090904 ], [ -105.017465231168998, 39.740295387056797 ], [ -105.017461143065006, 39.740306629543802 ], [ -105.017385186303002, 39.740515535705597 ], [ -105.015322817910004, 39.740466436237902 ], [ -105.014577891667997, 39.740448344217803 ], [ -105.010866674241001, 39.740372886941202 ], [ -105.009346658439, 39.740335011587703 ], [ -105.006433308957995, 39.740262363305298 ], [ -105.005886946987999, 39.7402383848613 ], [ -105.005234368496005, 39.740209742159799 ], [ -105.004777404986996, 39.740189683203397 ], [ -105.004417590418001, 39.7401656347594 ], [ -105.004125826120003, 39.740149383324201 ], [ -105.003546923537002, 39.740150697964097 ], [ -105.00282160754, 39.7401588464055 ], [ -105.001724965050002, 39.740171164176999 ], [ -105.001569573801007, 39.740174679501401 ], [ -105.000145847328, 39.740206879597103 ], [ -105.000116937000996, 39.7402075330237 ], [ -105.000049587936999, 39.740207969136101 ], [ -104.999969994775, 39.740208484519897 ], [ -104.999066122729005, 39.740214331340297 ], [ -104.998911720186996, 39.740207919099802 ], [ -104.998566933180001, 39.740193717891898 ] ] ] } },
{ "type": "Feature", "properties": { "nbhd_id": 18, "neighborhood": "Cole", "council_district": 9, "population": 4487, "per_capita_income": 54352, "pct_poverty": 10.162235241099594, "pct_renters": 45.950506186726656, "field_requests": 5925, "field_requests_2025": 781, "field_requests_per_1k_per_year": 188.64019866917124, "top_category": "Neighborhood Inspection", "share_open_in_file": 0.082194092827004225, "wait_index": 0.50512736644505374, "ranked_requests": 1334, "p50_days": 2.8548668981481478 }, "geometry": { "type": "Polygon", "coordinates": [ [ [ -104.959752576190994, 39.761991908487197 ], [ -104.960365298409002, 39.761990257752302 ], [ -104.960981576245004, 39.761988620461203 ], [ -104.961593404726997, 39.761987302615999 ], [ -104.962217685758006, 39.761985695660698 ], [ -104.962833918754001, 39.761989881822899 ], [ -104.963449262406002, 39.7619940609056 ], [ -104.964104656104993, 39.761993958403004 ], [ -104.964719142020002, 39.761994008954801 ], [ -104.965340742489005, 39.7619940886146 ], [ -104.965955231083001, 39.761993789802901 ], [ -104.966573252996994, 39.761996592109597 ], [ -104.967179715143004, 39.761999338846202 ], [ -104.967809331417996, 39.761997726436 ], [ -104.968419384334993, 39.761996021458501 ], [ -104.970879967903997, 39.761999901653503 ], [ -104.971489971615, 39.762004700994098 ], [ -104.972115979018, 39.762009912268802 ], [ -104.972712682758001, 39.762009498220699 ], [ -104.972887840539002, 39.762013371228903 ], [ -104.973340221548995, 39.762047652867999 ], [ -104.973344513388, 39.762423427626501 ], [ -104.973336473570996, 39.763256917334999 ], [ -104.973330660987003, 39.7637939300959 ], [ -104.973335556265994, 39.764207797456301 ], [ -104.973340378437001, 39.764512884571801 ], [ -104.973328503540003, 39.765146639875297 ], [ -104.973319406304995, 39.765765651757803 ], [ -104.973322360170997, 39.765845963252197 ], [ -104.973328760472995, 39.766059434455897 ], [ -104.973352176023994, 39.7664939740094 ], [ -104.973348559461002, 39.766975404710401 ], [ -104.973346066285004, 39.767188836033803 ], [ -104.973337902783001, 39.767920406442698 ], [ -104.973343187107005, 39.768164070250798 ], [ -104.973347056101005, 39.769188062332503 ], [ -104.971915695061995, 39.770301020056699 ], [ -104.969723996184996, 39.7719832664745 ], [ -104.968476249538995, 39.772911363564397 ], [ -104.965937174393005, 39.7728864896348 ], [ -104.964705243625005, 39.772899425609197 ], [ -104.959400845283994, 39.772894060972398 ], [ -104.959656053209997, 39.772208579596899 ], [ -104.959730353130993, 39.771915523090101 ], [ -104.959739550517, 39.771414558940499 ], [ -104.959741581510002, 39.771151025054699 ], [ -104.959742600663006, 39.7692876972636 ], [ -104.959745991362993, 39.768155300262002 ], [ -104.959745437953003, 39.766957685041 ], [ -104.959746773706001, 39.765745665363497 ], [ -104.959760011455998, 39.764489432504703 ], [ -104.959754457762998, 39.763248211710803 ], [ -104.959752576190994, 39.761991908487197 ] ] ] } },
{ "type": "Feature", "properties": { "nbhd_id": 59, "neighborhood": "Speer", "council_district": 10, "population": 12867, "per_capita_income": 333280, "pct_poverty": 6.1941400481852797, "pct_renters": 71.878660107753561, "field_requests": 15999, "field_requests_2025": 2223, "field_requests_per_1k_per_year": 177.63048329613963, "top_category": "Neighborhood Inspection", "share_open_in_file": 0.059566222888930556, "wait_index": 0.50499107237926411, "ranked_requests": 4889, "p50_days": 3.2073032407407407 }, "geometry": { "type": "Polygon", "coordinates": [ [ [ -104.973247941422002, 39.718403558095403 ], [ -104.973232162977993, 39.718196632898596 ], [ -104.973150950421996, 39.718005128169899 ], [ -104.973145981276005, 39.716536717496297 ], [ -104.973145332862003, 39.714729625458503 ], [ -104.973392387749001, 39.714729014944098 ], [ -104.973397105299995, 39.7129164545034 ], [ -104.973394067721998, 39.711545164822901 ], [ -104.973392898529994, 39.711109000279897 ], [ -104.973966954494998, 39.711108480354497 ], [ -104.974560562498993, 39.7111077018915 ], [ -104.975153284410993, 39.711106573650099 ], [ -104.975736231762994, 39.711105398504301 ], [ -104.976320958551, 39.711103885211898 ], [ -104.976907460166998, 39.711102720487297 ], [ -104.977497518305995, 39.7111012250557 ], [ -104.978082245541003, 39.711099703009999 ], [ -104.978662485998001, 39.7111039920308 ], [ -104.979225843619005, 39.711108203592303 ], [ -104.979798078865997, 39.711113481007096 ], [ -104.980382755066998, 39.711118810598101 ], [ -104.980969236369006, 39.711120370518799 ], [ -104.981531723171997, 39.711122164932597 ], [ -104.982104824749001, 39.711130523361497 ], [ -104.98212792823, 39.711130625084202 ], [ -104.982135925430995, 39.711130660294103 ], [ -104.982781885362002, 39.711140365968902 ], [ -104.983432337853003, 39.711143224377402 ], [ -104.984014369030007, 39.7111457790594 ], [ -104.984612382315007, 39.711150116690298 ], [ -104.985194400940998, 39.711154381025999 ], [ -104.985779097489996, 39.711156938640698 ], [ -104.986369126331994, 39.7111595166337 ], [ -104.986963623134997, 39.711158679808001 ], [ -104.987575003439005, 39.7111579131304 ], [ -104.987549372949999, 39.712112134813701 ], [ -104.987542954271007, 39.7129909444186 ], [ -104.987536334919, 39.713897205777499 ], [ -104.987525442193004, 39.714780113379803 ], [ -104.987510917470999, 39.7156736422316 ], [ -104.987505806382003, 39.716130025241903 ], [ -104.987501661585995, 39.716575773782502 ], [ -104.987505845643, 39.717462863665801 ], [ -104.987497523512005, 39.718358821382303 ], [ -104.987498139397005, 39.719369432956697 ], [ -104.987450197412997, 39.720943990035501 ], [ -104.987485667738, 39.722536410421803 ], [ -104.987481971663001, 39.724137238255402 ], [ -104.987458785903996, 39.724877676889598 ], [ -104.987435451655003, 39.725638361678598 ], [ -104.987429989741997, 39.726616970148399 ], [ -104.987429702100997, 39.726668503499901 ], [ -104.987423599543007, 39.726944063626902 ], [ -104.987415487434006, 39.727275835061 ], [ -104.986149778615001, 39.7272778629277 ], [ -104.984892960582997, 39.727279573729902 ], [ -104.983622785044005, 39.727284643205401 ], [ -104.982978411351993, 39.727280783954903 ], [ -104.982364257374996, 39.727277053987997 ], [ -104.981750121144998, 39.727270918797799 ], [ -104.981138648834005, 39.727265134926299 ], [ -104.979937807552005, 39.727269441493803 ], [ -104.979356536618994, 39.727266184304497 ], [ -104.978770824120005, 39.727262561237097 ], [ -104.977558464154995, 39.7272619883462 ], [ -104.976407313642994, 39.727277460422698 ], [ -104.975250035670001, 39.727280197071103 ], [ -104.974082092290004, 39.727282874459902 ], [ -104.973506123497998, 39.727283730104098 ], [ -104.972939045678004, 39.727284279430798 ], [ -104.972914543490006, 39.725576946462397 ], [ -104.972915905129994, 39.723739670243098 ], [ -104.972910661021999, 39.721953494590402 ], [ -104.972911156622004, 39.720231514366297 ], [ -104.972930763204005, 39.7201060047555 ], [ -104.972994900792997, 39.719967998618799 ], [ -104.973100082510001, 39.719808213676998 ], [ -104.973183866119996, 39.719657597741403 ], [ -104.973248638876996, 39.719434832863001 ], [ -104.973251678904006, 39.719377038557802 ], [ -104.973251908898007, 39.718762594639699 ], [ -104.973270996351999, 39.718706057996201 ], [ -104.973247941422002, 39.718403558095403 ] ] ] } },
{ "type": "Feature", "properties": { "nbhd_id": 22, "neighborhood": "Country Club", "council_district": 10, "population": 3306, "per_capita_income": 179956, "pct_poverty": 4.0229885057471266, "pct_renters": 10.518834399431414, "field_requests": 3655, "field_requests_2025": 451, "field_requests_per_1k_per_year": 157.93794831907354, "top_category": "Streets & Traffic", "share_open_in_file": 0.07441860465116279, "wait_index": 0.50418387521209296, "ranked_requests": 1027, "p50_days": 3.0374074074074073 }, "geometry": { "type": "Polygon", "coordinates": [ [ [ -104.960170556254994, 39.725607697309201 ], [ -104.960149105281005, 39.725507737853803 ], [ -104.960112307272993, 39.725438593893898 ], [ -104.960050642241995, 39.725366933342698 ], [ -104.959931394856, 39.725270643951198 ], [ -104.959785457755999, 39.725177664071097 ], [ -104.959459158331001, 39.724961003130502 ], [ -104.959454907549997, 39.724128475240398 ], [ -104.959443064081995, 39.722551252017197 ], [ -104.959434711971994, 39.720982279782902 ], [ -104.959438741415994, 39.7194212566788 ], [ -104.959304384763001, 39.718452640802901 ], [ -104.959310678598996, 39.718344932977999 ], [ -104.959319960363999, 39.7181868617443 ], [ -104.959311027046994, 39.716074086754901 ], [ -104.959308766432997, 39.715657065331698 ], [ -104.959330342211004, 39.715654827888699 ], [ -104.959399387836996, 39.715647668089197 ], [ -104.959488316486002, 39.715639840883497 ], [ -104.959579932162001, 39.715629280717003 ], [ -104.959690167353003, 39.715624296231397 ], [ -104.959743381097994, 39.715638267188602 ], [ -104.959831357656, 39.715638671216901 ], [ -104.959927395573999, 39.715630876526397 ], [ -104.959990553058006, 39.715622930365399 ], [ -104.960051063175996, 39.7156125701608 ], [ -104.960093824116001, 39.7155990400923 ], [ -104.960143684062999, 39.7155869151578 ], [ -104.960206883531001, 39.715573478446103 ], [ -104.960334933865994, 39.715563084881303 ], [ -104.960472801668999, 39.715547245730001 ], [ -104.960617754921998, 39.715534527074503 ], [ -104.960742229236999, 39.715526861857498 ], [ -104.960848041857005, 39.7155191110256 ], [ -104.960940567158005, 39.715505808279801 ], [ -104.961049955858002, 39.715495328616797 ], [ -104.961159323117997, 39.7154875937916 ], [ -104.961255329064002, 39.715483915478302 ], [ -104.961361141821001, 39.715476164336501 ], [ -104.961457239672001, 39.715460475535501 ], [ -104.961588082172995, 39.715433621559903 ], [ -104.961751060078996, 39.715388040447202 ], [ -104.961900648305999, 39.7153502909959 ], [ -104.962006668341999, 39.715315430266202 ], [ -104.962081525086006, 39.715288319320898 ], [ -104.962144777237, 39.715268019116003 ], [ -104.962290828635005, 39.715227850336397 ], [ -104.962471560479997, 39.715184751641097 ], [ -104.962634390247004, 39.715158385649097 ], [ -104.962765273840006, 39.715126040126798 ], [ -104.962864991340993, 39.715101788014501 ], [ -104.962956666481006, 39.715083332556297 ], [ -104.963024350305005, 39.715064424329597 ], [ -104.963060085169005, 39.715039879754897 ], [ -104.963119916227996, 39.715002062188503 ], [ -104.963198639403004, 39.7149341318285 ], [ -104.963319317396994, 39.714841685944002 ], [ -104.963376442718001, 39.714809002595999 ], [ -104.963465545939997, 39.714778181434703 ], [ -104.963585722212002, 39.714751276638196 ], [ -104.963709453402998, 39.714724387675801 ], [ -104.963777259942006, 39.714689350921901 ], [ -104.963827233988994, 39.714662126235801 ], [ -104.963891423253997, 39.7146353088444 ], [ -104.963936806771997, 39.714627279960901 ], [ -104.963979524223006, 39.714619238559699 ], [ -104.964043590187998, 39.714608549127099 ], [ -104.964068576876997, 39.714594936628203 ], [ -104.964121255660999, 39.714562576391003 ], [ -104.964192661127996, 39.714521722035002 ], [ -104.964281962761007, 39.714464820638 ], [ -104.964384614481006, 39.7144052347737 ], [ -104.964515775837995, 39.714336170071597 ], [ -104.964601378221005, 39.714298125684898 ], [ -104.964661973182004, 39.714276438810302 ], [ -104.964743087566006, 39.714244207753403 ], [ -104.964839269349, 39.714217192239197 ], [ -104.964906042536001, 39.714201024226597 ], [ -104.965002201163003, 39.714177097294403 ], [ -104.965108137111002, 39.714152871363801 ], [ -104.96517579879, 39.714136707238602 ], [ -104.965250485921999, 39.714131556320297 ], [ -104.965313536652999, 39.714137333416801 ], [ -104.965380926850997, 39.714156856949003 ], [ -104.965451850375999, 39.714179141537301 ], [ -104.965507708586998, 39.714195867150202 ], [ -104.965543204463003, 39.714202548352297 ], [ -104.965596459593996, 39.714211026429098 ], [ -104.965649756816006, 39.7142140137436 ], [ -104.965684392843002, 39.714216916519497 ], [ -104.965762550616006, 39.714222761996098 ], [ -104.965833578832004, 39.714231320233097 ], [ -104.965875323546001, 39.714234255233997 ], [ -104.965960486065995, 39.714253858930697 ], [ -104.966056190269995, 39.714289639070699 ], [ -104.966150940156993, 39.714333994047799 ], [ -104.966242984890997, 39.714383484119999 ], [ -104.966309319133003, 39.714424964383198 ], [ -104.966365860695007, 39.714468802442198 ], [ -104.966450733909994, 39.714526495578603 ], [ -104.966548854123999, 39.714595230032799 ], [ -104.966675253855996, 39.714684682010798 ], [ -104.966788501899998, 39.714750739408302 ], [ -104.966883211154993, 39.7148005840751 ], [ -104.967014232330001, 39.714866721599797 ], [ -104.967161949927998, 39.714957642250603 ], [ -104.967291897978001, 39.715048139361102 ], [ -104.967398035371005, 39.715114506884603 ], [ -104.967567084912005, 39.715205180870299 ], [ -104.967756982954, 39.715359090455998 ], [ -104.967900960639994, 39.7154747013197 ], [ -104.967971649502999, 39.715528210705301 ], [ -104.968037801635006, 39.715594054050499 ], [ -104.968119018794994, 39.715665455949498 ], [ -104.968196682102004, 39.7157368412715 ], [ -104.968269818639996, 39.7158191876266 ], [ -104.968343885850999, 39.7158960477161 ], [ -104.968400221796003, 39.715967337153003 ], [ -104.968459242041007, 39.716036235980901 ], [ -104.968490882495004, 39.716082705493498 ], [ -104.968620491338001, 39.716218497002799 ], [ -104.968714241257999, 39.716318996017897 ], [ -104.968733327934004, 39.716339456591598 ], [ -104.968793198230003, 39.716413506572202 ], [ -104.968841724360999, 39.716460052635497 ], [ -104.968905294858004, 39.716514902310202 ], [ -104.968990191143007, 39.716570191348097 ], [ -104.969077881198004, 39.716608678187498 ], [ -104.969145058014007, 39.716656680714699 ], [ -104.969214806104006, 39.716717392297603 ], [ -104.969278335921004, 39.716777731799901 ], [ -104.969355938758, 39.716857352604002 ], [ -104.969429140366003, 39.71693146258 ], [ -104.969538510583007, 39.717041081046297 ], [ -104.969629340820006, 39.717134487433398 ], [ -104.969721038946005, 39.717230642843298 ], [ -104.969790769431995, 39.717293756043397 ], [ -104.969865005559996, 39.717348653048099 ], [ -104.969939280690994, 39.717398403040299 ], [ -104.970019779899999, 39.717447837896799 ], [ -104.970090472102001, 39.717501346572 ], [ -104.970136476153996, 39.717529006447897 ], [ -104.970245454321997, 39.717573079153297 ], [ -104.970334052661002, 39.717609166717502 ], [ -104.970485625505006, 39.717661666432299 ], [ -104.970587533461995, 39.717700559299999 ], [ -104.970683368476998, 39.717719864630602 ], [ -104.970750783802998, 39.717736639516097 ], [ -104.970795961530996, 39.717756060160603 ], [ -104.970895164929999, 39.717800087881201 ], [ -104.970982740935, 39.717854014877297 ], [ -104.971110423911, 39.717892679867603 ], [ -104.971208881093006, 39.717917830304401 ], [ -104.971325858582006, 39.717961937353003 ], [ -104.971413673173004, 39.717984294401802 ], [ -104.971551274093997, 39.718004129614897 ], [ -104.971682533313995, 39.718040064810999 ], [ -104.971773902256004, 39.718062437552497 ], [ -104.971852003080997, 39.7180765145499 ], [ -104.972106634419006, 39.718133592868099 ], [ -104.972703672235994, 39.718275594262202 ], [ -104.972763111261003, 39.718289586999298 ], [ -104.972873101852002, 39.718317532809003 ], [ -104.972953943695998, 39.718335682342001 ], [ -104.973021268118003, 39.718350796977802 ], [ -104.973137479849996, 39.718378770608602 ], [ -104.973247941422002, 39.718403558095403 ], [ -104.973270996351999, 39.718706057996201 ], [ -104.973251908898007, 39.718762594639699 ], [ -104.973251678904006, 39.719377038557802 ], [ -104.973248638876996, 39.719434832863001 ], [ -104.973183866119996, 39.719657597741403 ], [ -104.973100082510001, 39.719808213676998 ], [ -104.972994900792997, 39.719967998618799 ], [ -104.972930763204005, 39.7201060047555 ], [ -104.972911156622004, 39.720231514366297 ], [ -104.972910661021999, 39.721953494590402 ], [ -104.972915905129994, 39.723739670243098 ], [ -104.972914543490006, 39.725576946462397 ], [ -104.972939045678004, 39.727284279430798 ], [ -104.972935337620001, 39.729078990663503 ], [ -104.971778929194002, 39.729080324383901 ], [ -104.970621577529997, 39.729088849532999 ], [ -104.969461641967001, 39.729086369950799 ], [ -104.968887444043006, 39.729086181351299 ], [ -104.968307021108004, 39.729086304996102 ], [ -104.967730153906999, 39.729086442064599 ], [ -104.967141732247995, 39.729086523773901 ], [ -104.966563949884005, 39.729090082459301 ], [ -104.965881278869006, 39.729094191669702 ], [ -104.964822632519997, 39.729096930479699 ], [ -104.964241292373998, 39.729100804754502 ], [ -104.963664393822995, 39.729105039582699 ], [ -104.963088409755997, 39.729105843773603 ], [ -104.962506201408999, 39.7291069605403 ], [ -104.961931992806001, 39.729108110760698 ], [ -104.961350673230001, 39.729109225422498 ], [ -104.960770250615994, 39.729109311487299 ], [ -104.960192494408005, 39.729109407725502 ], [ -104.960181384351998, 39.727319088415101 ], [ -104.960162901836, 39.727115509176699 ], [ -104.960170556254994, 39.725607697309201 ] ] ] } },
{ "type": "Feature", "properties": { "nbhd_id": 45, "neighborhood": "Montbello", "council_district": 11, "population": 32433, "per_capita_income": 157096, "pct_poverty": 13.832389090121049, "pct_renters": 34.663638330088688, "field_requests": 16884, "field_requests_2025": 2184, "field_requests_per_1k_per_year": 74.368698547775423, "top_category": "Solid Waste", "share_open_in_file": 0.09417199715707178, "wait_index": 0.50369394761619213, "ranked_requests": 3658, "p50_days": 1.9325752314814817 }, "geometry": { "type": "Polygon", "coordinates": [ [ [ -104.809897981936999, 39.772831543728699 ], [ -104.819253950228997, 39.772813608709399 ], [ -104.828162608065995, 39.772787575737098 ], [ -104.828163414852, 39.772576521232502 ], [ -104.830389048626998, 39.772766307091999 ], [ -104.831566010806995, 39.772866651956797 ], [ -104.833824236449004, 39.773063214190103 ], [ -104.834462866818996, 39.773118791776398 ], [ -104.837607366975007, 39.773394492899499 ], [ -104.840792280312996, 39.773665890688598 ], [ -104.841941329631993, 39.773764652665399 ], [ -104.845054198650999, 39.774032148893902 ], [ -104.847035536838007, 39.7742046805554 ], [ -104.848054815946, 39.7742934256624 ], [ -104.851061216698, 39.7745546612475 ], [ -104.851880152671001, 39.774629744467099 ], [ -104.853744990682003, 39.774800701695803 ], [ -104.856590172525003, 39.775047566311898 ], [ -104.859786720589, 39.775322958519602 ], [ -104.861540504995006, 39.775467907723197 ], [ -104.862896999387004, 39.775580003425802 ], [ -104.865812197934005, 39.775840361014701 ], [ -104.865887419006995, 39.775843290303598 ], [ -104.865887872862999, 39.775938670783198 ], [ -104.865892498524005, 39.776911592650599 ], [ -104.865894835166998, 39.777081302271299 ], [ -104.865890358979996, 39.778685973411903 ], [ -104.865890776699004, 39.778860952336501 ], [ -104.865897559103999, 39.780596580403298 ], [ -104.865904128180006, 39.782278180051698 ], [ -104.865900636768004, 39.782435297771599 ], [ -104.865919558689995, 39.784306299615899 ], [ -104.865944249303993, 39.786747786319999 ], [ -104.865978531753996, 39.7901377469761 ], [ -104.865981344663993, 39.790316709810199 ], [ -104.865985151453003, 39.791197984365603 ], [ -104.865991566998005, 39.792682382844703 ], [ -104.865999465605, 39.794510622249902 ], [ -104.866046505284999, 39.796940736407798 ], [ -104.866057610699002, 39.798257333178697 ], [ -104.866040845537995, 39.798387305124699 ], [ -104.866035226845995, 39.7984106722269 ], [ -104.856614060397007, 39.798379141367299 ], [ -104.847192905398003, 39.798346513921999 ], [ -104.837644029680007, 39.798271579305997 ], [ -104.828094290623, 39.798195178597702 ], [ -104.819167871749997, 39.798251664312303 ], [ -104.809632058852003, 39.798306803129996 ], [ -104.809690925165, 39.796984538051802 ], [ -104.809709881390006, 39.796736290621901 ], [ -104.809721905415003, 39.794791359203799 ], [ -104.809752718575993, 39.790431174986097 ], [ -104.809753888013006, 39.790264711584499 ], [ -104.809769770458004, 39.787868443891497 ], [ -104.809797351864006, 39.783755499099499 ], [ -104.809849005738002, 39.780345604426699 ], [ -104.809876782114998, 39.778472186589603 ], [ -104.809902159469999, 39.776760485813199 ], [ -104.809904610154007, 39.776595166134499 ], [ -104.809897919817999, 39.7750489014607 ], [ -104.809879307822996, 39.773188349284403 ], [ -104.809897981936999, 39.772831543728699 ] ] ] } },
{ "type": "Feature", "properties": { "nbhd_id": 64, "neighborhood": "University", "council_district": 6, "population": 9389, "per_capita_income": 107096, "pct_poverty": 11.792828685258964, "pct_renters": 49.099606077658976, "field_requests": 7663, "field_requests_2025": 1013, "field_requests_per_1k_per_year": 116.59540800024345, "top_category": "Neighborhood Inspection", "share_open_in_file": 0.071642959676366955, "wait_index": 0.50366915998435691, "ranked_requests": 2587, "p50_days": 4.1259027777777773 }, "geometry": { "type": "Polygon", "coordinates": [ [ [ -104.959447130437994, 39.684728733927003 ], [ -104.959446846443996, 39.684604510968803 ], [ -104.959446411255001, 39.684413492207199 ], [ -104.959434618879996, 39.683297095031399 ], [ -104.959425125807002, 39.682787678781999 ], [ -104.959386117535004, 39.682486060023599 ], [ -104.959378368128995, 39.682035646366799 ], [ -104.959388503043002, 39.680252968220401 ], [ -104.959393323141995, 39.678425844075299 ], [ -104.959391523955006, 39.676631332175297 ], [ -104.959381221087995, 39.674842741467899 ], [ -104.959385134900003, 39.673029587104502 ], [ -104.959390234305005, 39.671214594151401 ], [ -104.959394435777, 39.669407955040299 ], [ -104.959379283456002, 39.667595255725402 ], [ -104.959399346471997, 39.666025624059401 ], [ -104.95943410436, 39.663925197268199 ], [ -104.959442073907994, 39.663048582721203 ], [ -104.959445111201006, 39.661911226064603 ], [ -104.959440525171004, 39.661591398349401 ], [ -104.963065758667, 39.661579208221198 ], [ -104.963037651717997, 39.660377646539899 ], [ -104.968827792577997, 39.660431066672999 ], [ -104.968803658878997, 39.665851299635101 ], [ -104.969964320545003, 39.665854480071403 ], [ -104.971134753206996, 39.665857349873903 ], [ -104.973464074177002, 39.6658630025522 ], [ -104.973456697174001, 39.667675581106302 ], [ -104.973485966179993, 39.667675745333803 ], [ -104.973485932280994, 39.667684941827901 ], [ -104.973474913150994, 39.669492181650298 ], [ -104.973465030732996, 39.671279436843598 ], [ -104.973451455046003, 39.673110987481202 ], [ -104.973445519126997, 39.674849248317003 ], [ -104.973456612527997, 39.676702308670201 ], [ -104.973430647026007, 39.678512945635298 ], [ -104.973416388019999, 39.680332534689398 ], [ -104.973402184302003, 39.682078636711502 ], [ -104.973422598951998, 39.682145070448499 ], [ -104.973425228864997, 39.683981021653501 ], [ -104.973421632289003, 39.685747312424702 ], [ -104.973424086250006, 39.687561073022501 ], [ -104.973419609082995, 39.688881895717898 ], [ -104.973424011345998, 39.689039738241298 ], [ -104.973433023648994, 39.6893627171021 ], [ -104.973429276470995, 39.689684770691898 ], [ -104.973424217201995, 39.689823973084998 ], [ -104.973282403105998, 39.689754416258999 ], [ -104.969913350297006, 39.688101814687698 ], [ -104.968842021691003, 39.687574228351302 ], [ -104.968607838645994, 39.687458900541003 ], [ -104.968191387925003, 39.687253809028 ], [ -104.965299643467006, 39.685823915380297 ], [ -104.964645964320994, 39.685514342737299 ], [ -104.964237657168994, 39.685341875834503 ], [ -104.963701519728005, 39.685146571676299 ], [ -104.963168226652002, 39.684998256741103 ], [ -104.962618226079996, 39.684876568795602 ], [ -104.962156822658002, 39.684809428591599 ], [ -104.961744320763003, 39.684767980011401 ], [ -104.961170170694999, 39.684731970165402 ], [ -104.960048385118, 39.684730469368297 ], [ -104.959447130437994, 39.684728733927003 ] ] ] } },
{ "type": "Feature", "properties": { "nbhd_id": 51, "neighborhood": "Platt Park", "council_district": 7, "population": 7078, "per_capita_income": 185160, "pct_poverty": 6.117547329754168, "pct_renters": 40.174278846153847, "field_requests": 8872, "field_requests_2025": 1235, "field_requests_per_1k_per_year": 179.06591854034633, "top_category": "Neighborhood Inspection", "share_open_in_file": 0.061203787195671773, "wait_index": 0.50333737986754878, "ranked_requests": 2878, "p50_days": 3.003125 }, "geometry": { "type": "Polygon", "coordinates": [ [ [ -104.973424217201995, 39.689823973084998 ], [ -104.973429276470995, 39.689684770691898 ], [ -104.973433023648994, 39.6893627171021 ], [ -104.973424011345998, 39.689039738241298 ], [ -104.973419609082995, 39.688881895717898 ], [ -104.973424086250006, 39.687561073022501 ], [ -104.973421632289003, 39.685747312424702 ], [ -104.973425228864997, 39.683981021653501 ], [ -104.973422598951998, 39.682145070448499 ], [ -104.973402184302003, 39.682078636711502 ], [ -104.973416388019999, 39.680332534689398 ], [ -104.973430647026007, 39.678512945635298 ], [ -104.974593879778993, 39.678519628710497 ], [ -104.975751649673001, 39.678526907479103 ], [ -104.976910970234997, 39.678529241109104 ], [ -104.978127740827006, 39.678532299488303 ], [ -104.97936053091, 39.678546038257799 ], [ -104.980523181546999, 39.678569703549499 ], [ -104.981680103930003, 39.678569356789097 ], [ -104.982885580238005, 39.678564784954098 ], [ -104.984074729297006, 39.678561610502797 ], [ -104.985224010194997, 39.678560936969298 ], [ -104.986369687820002, 39.678554474604297 ], [ -104.987567216355004, 39.6785195191448 ], [ -104.987571394982993, 39.680327788562899 ], [ -104.987568648741004, 39.682149269630301 ], [ -104.987545515890005, 39.683966142441101 ], [ -104.987533896022995, 39.685777713271897 ], [ -104.987512696758998, 39.6875744712451 ], [ -104.987499843456007, 39.689400098666702 ], [ -104.987480258076005, 39.691168629600803 ], [ -104.987468280824004, 39.693019301437602 ], [ -104.987449325419007, 39.694798870087801 ], [ -104.987430740280999, 39.696634305869203 ], [ -104.986219401111995, 39.696628211650101 ], [ -104.985070486918005, 39.6966253482029 ], [ -104.983942651416996, 39.696620413744299 ], [ -104.982769559985996, 39.696659576105702 ], [ -104.982218069053005, 39.696657748532402 ], [ -104.982027445618996, 39.696489191258998 ], [ -104.981170409621001, 39.695742379915998 ], [ -104.981050153056998, 39.695641180112901 ], [ -104.980272819239005, 39.695027740895902 ], [ -104.979884312558994, 39.694700047274402 ], [ -104.979414176060999, 39.6942845191396 ], [ -104.979107541344007, 39.694013497831399 ], [ -104.979098519323998, 39.694005358257101 ], [ -104.978139475282006, 39.693140111797298 ], [ -104.976797709078994, 39.691929525027099 ], [ -104.976160986262997, 39.6913949951416 ], [ -104.975787636898005, 39.691120086431901 ], [ -104.975176304594996, 39.690724269910199 ], [ -104.974740664419002, 39.690482636208401 ], [ -104.973605648543995, 39.689912966483902 ], [ -104.973560070844002, 39.689890611243101 ], [ -104.973424217201995, 39.689823973084998 ] ] ] } },
{ "type": "Feature", "properties": { "nbhd_id": 9, "neighborhood": "Capitol Hill", "council_district": 10, "population": 16643, "per_capita_income": 412910, "pct_poverty": 8.3001568343587895, "pct_renters": 73.728953449983493, "field_requests": 17424, "field_requests_2025": 2792, "field_requests_per_1k_per_year": 149.56094797469552, "top_category": "Streets & Traffic", "share_open_in_file": 0.040002295684113863, "wait_index": 0.50332997547226277, "ranked_requests": 3842, "p50_days": 2.5109548611111112 }, "geometry": { "type": "Polygon", "coordinates": [ [ [ -104.973412216403005, 39.740029970892699 ], [ -104.972991654629993, 39.740039069163203 ], [ -104.972999809767998, 39.739545299968498 ], [ -104.973019073456001, 39.738401294569002 ], [ -104.973008305617, 39.736876590998101 ], [ -104.972998994731, 39.735158007486902 ], [ -104.972978767331995, 39.733709440986999 ], [ -104.972979680224, 39.732049925153703 ], [ -104.972948115666995, 39.730454090636201 ], [ -104.972935337620001, 39.729078990663503 ], [ -104.972939045678004, 39.727284279430798 ], [ -104.973506123497998, 39.727283730104098 ], [ -104.974082092290004, 39.727282874459902 ], [ -104.975250035670001, 39.727280197071103 ], [ -104.976407313642994, 39.727277460422698 ], [ -104.977558464154995, 39.7272619883462 ], [ -104.978770824120005, 39.727262561237097 ], [ -104.979356536618994, 39.727266184304497 ], [ -104.979937807552005, 39.727269441493803 ], [ -104.981138648834005, 39.727265134926299 ], [ -104.981750121144998, 39.727270918797799 ], [ -104.982364257374996, 39.727277053987997 ], [ -104.982978411351993, 39.727280783954903 ], [ -104.983622785044005, 39.727284643205401 ], [ -104.984892960582997, 39.727279573729902 ], [ -104.986149778615001, 39.7272778629277 ], [ -104.987415487434006, 39.727275835061 ], [ -104.987403972278003, 39.729094875311198 ], [ -104.987402930399, 39.730453783303702 ], [ -104.987402860116006, 39.732044670543097 ], [ -104.987415396873004, 39.733856606250797 ], [ -104.987400692912004, 39.735260406321899 ], [ -104.987393518605003, 39.736850230338298 ], [ -104.987413072017006, 39.738431934279497 ], [ -104.987394648638997, 39.739614721410398 ], [ -104.987390687512004, 39.740013019694103 ], [ -104.987388831494997, 39.740107110254101 ], [ -104.986258206965999, 39.740114043617297 ], [ -104.986135225032001, 39.740063227193502 ], [ -104.985479159964001, 39.7400617327974 ], [ -104.984855986586993, 39.740060378941003 ], [ -104.984223074702001, 39.740053488479198 ], [ -104.983583940586996, 39.740046567707601 ], [ -104.982963552851004, 39.740029087618701 ], [ -104.982327060328998, 39.7400256029375 ], [ -104.981727876858002, 39.740026053780603 ], [ -104.981102021804006, 39.740026727540503 ], [ -104.980495743776999, 39.740024738590101 ], [ -104.979910803956002, 39.740022497651999 ], [ -104.979332091610999, 39.740019595510098 ], [ -104.978742709505994, 39.740016986183797 ], [ -104.978205794095004, 39.740012204334398 ], [ -104.977640434145002, 39.740006950794601 ], [ -104.976475865690006, 39.740005550241101 ], [ -104.976096196707999, 39.740014841479301 ], [ -104.975444517995001, 39.740021203722797 ], [ -104.975321828153994, 39.740022372519498 ], [ -104.974792001617004, 39.740020695038503 ], [ -104.974151059782997, 39.740017832575703 ], [ -104.973412216403005, 39.740029970892699 ] ] ] } },
{ "type": "Feature", "properties": { "nbhd_id": 39, "neighborhood": "Jefferson Park", "council_district": 1, "population": 4903, "per_capita_income": 97767, "pct_poverty": 9.6960926193921857, "pct_renters": 74.714956405097254, "field_requests": 4628, "field_requests_2025": 766, "field_requests_per_1k_per_year": 134.84455581131087, "top_category": "Neighborhood Inspection", "share_open_in_file": 0.057260155574762314, "wait_index": 0.50245097280831874, "ranked_requests": 1243, "p50_days": 2.8684143518518521 }, "geometry": { "type": "Polygon", "coordinates": [ [ [ -105.009489391760994, 39.753927001933299 ], [ -105.009763609014996, 39.753688201649403 ], [ -105.009920148171005, 39.753554336319397 ], [ -105.010020131725, 39.753497445495299 ], [ -105.010169156738996, 39.753420855656302 ], [ -105.010269197484007, 39.753355729080901 ], [ -105.010523000288998, 39.753172167005999 ], [ -105.010652601988994, 39.753075592424899 ], [ -105.010824193285998, 39.752950367559201 ], [ -105.011185462808996, 39.752656067854502 ], [ -105.011319590056999, 39.752547844255503 ], [ -105.011394754657005, 39.752479524702501 ], [ -105.011487839745001, 39.752391377088202 ], [ -105.011536270752998, 39.752331525730199 ], [ -105.011607139714002, 39.752241569490103 ], [ -105.011677977687, 39.752156074341102 ], [ -105.012054584168993, 39.751828892526902 ], [ -105.012233681471002, 39.751646389349901 ], [ -105.012527907028002, 39.751401908393099 ], [ -105.012773584863993, 39.7512340929472 ], [ -105.012963839394999, 39.751108941770802 ], [ -105.013111945329001, 39.751035432736799 ], [ -105.013301860778995, 39.750959008303703 ], [ -105.013375834737005, 39.750933577470803 ], [ -105.013439161392, 39.7509050140049 ], [ -105.013498897744995, 39.7508812402045 ], [ -105.013588126917995, 39.750835625714501 ], [ -105.014398479619004, 39.750398702517899 ], [ -105.014602805070993, 39.750295225714297 ], [ -105.014684997700002, 39.750238257465803 ], [ -105.014781535666998, 39.750164190537397 ], [ -105.014956766073993, 39.750024904875701 ], [ -105.015083828962005, 39.749908068952301 ], [ -105.015139405449005, 39.749842754977699 ], [ -105.015158304140996, 39.749809889946903 ], [ -105.015192523652999, 39.749747233154601 ], [ -105.015267475216007, 39.749580081434999 ], [ -105.015309203653004, 39.749460148556501 ], [ -105.015374265885995, 39.749180057535398 ], [ -105.015443920525001, 39.748750025858797 ], [ -105.015475253806997, 39.748461559896 ], [ -105.015543437106004, 39.747729543941198 ], [ -105.015556348439006, 39.747545774843402 ], [ -105.015575975995006, 39.747266416101901 ], [ -105.015593074110001, 39.746979264156998 ], [ -105.015609275621998, 39.746693137712597 ], [ -105.015618322142004, 39.746541842727098 ], [ -105.015619656542995, 39.746348651015701 ], [ -105.015621630878002, 39.746062809119302 ], [ -105.015630215670001, 39.745849743371302 ], [ -105.015678449584001, 39.745302263707202 ], [ -105.015699507994, 39.744956447971099 ], [ -105.015730831422005, 39.744669010931403 ], [ -105.015750508517002, 39.744523249920199 ], [ -105.015799640175004, 39.7443604524927 ], [ -105.015840201659998, 39.744250617097698 ], [ -105.015844939222006, 39.744237788449396 ], [ -105.015950316336998, 39.744040906776398 ], [ -105.016070035360002, 39.743826925518299 ], [ -105.016261337779994, 39.743389931410697 ], [ -105.016313296635005, 39.743426661579299 ], [ -105.016833294826, 39.743971925156501 ], [ -105.017415548699006, 39.7445596848615 ], [ -105.017564004068007, 39.744757703213502 ], [ -105.017864836699005, 39.745158966731303 ], [ -105.018081064471005, 39.745546076229999 ], [ -105.018219412112998, 39.745890623028401 ], [ -105.018317970468999, 39.746337597414097 ], [ -105.018320310088995, 39.746380285179001 ], [ -105.018981866960999, 39.746385433246097 ], [ -105.019629092190002, 39.746388076922898 ], [ -105.020482931537003, 39.746392448400002 ], [ -105.020490236355997, 39.746831515983999 ], [ -105.020508987431, 39.747599920441502 ], [ -105.022068494186001, 39.747592537927503 ], [ -105.023616412243001, 39.747589548556803 ], [ -105.023619661732994, 39.7471112011416 ], [ -105.023624748003996, 39.746362453527098 ], [ -105.025213503220996, 39.746364414257698 ], [ -105.025221939483004, 39.746956735239301 ], [ -105.025223649419999, 39.7470977790136 ], [ -105.025229296665003, 39.747577537329697 ], [ -105.025232369079006, 39.748088305222602 ], [ -105.025273873049002, 39.748120059754498 ], [ -105.025272799885002, 39.748786158049299 ], [ -105.025267991465, 39.7499992394768 ], [ -105.025270169560997, 39.750682434752797 ], [ -105.025229855948993, 39.750727064485901 ], [ -105.025228723538007, 39.751207443514801 ], [ -105.025224920035996, 39.7516866816378 ], [ -105.025299181578006, 39.751715067353203 ], [ -105.025296489682006, 39.752416310470103 ], [ -105.025277160849001, 39.753624454746003 ], [ -105.025282038910007, 39.754023486942998 ], [ -105.025215181053994, 39.754046615352301 ], [ -105.025222817908997, 39.754837665872699 ], [ -105.025223528026999, 39.755440171339401 ], [ -105.025273771239995, 39.755468449487999 ], [ -105.025269804855, 39.756020168613198 ], [ -105.025275334257003, 39.757252226594503 ], [ -105.025276998042997, 39.757790402832597 ], [ -105.025234675302997, 39.757832350492201 ], [ -105.025235014827999, 39.757896128428797 ], [ -105.025233743068995, 39.758476874622403 ], [ -105.024374763297999, 39.7584754658454 ], [ -105.023613597329003, 39.758474103600001 ], [ -105.023084535539994, 39.758470245168802 ], [ -105.022623053109996, 39.758466658712997 ], [ -105.022071761413002, 39.758462705819703 ], [ -105.021368398434007, 39.758460877196804 ], [ -105.020538077197003, 39.758039534676598 ], [ -105.019296455692995, 39.757560572547597 ], [ -105.018479623473993, 39.757250109404197 ], [ -105.017811739200994, 39.757004420991002 ], [ -105.016916646374995, 39.756697401104802 ], [ -105.016726835845006, 39.756627990968397 ], [ -105.015835427918006, 39.756303819880401 ], [ -105.015621536729, 39.756347779951703 ], [ -105.014880927543999, 39.7561450114517 ], [ -105.014639455912999, 39.7560788986207 ], [ -105.013152386575996, 39.755536597664999 ], [ -105.011765407552005, 39.7550307728281 ], [ -105.011707715336996, 39.755009732233297 ], [ -105.010406687124004, 39.754397401866299 ], [ -105.010120304969007, 39.754262612432903 ], [ -105.009489391760994, 39.753927001933299 ] ] ] } },
{ "type": "Feature", "properties": { "nbhd_id": 34, "neighborhood": "Harvey Park", "council_district": 2, "population": 10885, "per_capita_income": 78077, "pct_poverty": 13.471454880294658, "pct_renters": 31.419723677941882, "field_requests": 9019, "field_requests_2025": 1195, "field_requests_per_1k_per_year": 118.3673469387755, "top_category": "Neighborhood Inspection", "share_open_in_file": 0.12085597072846213, "wait_index": 0.50240813845264187, "ranked_requests": 2577, "p50_days": 3.7363657407407409 }, "geometry": { "type": "Polygon", "coordinates": [ [ [ -105.025108481786006, 39.667715967576797 ], [ -105.026045330694998, 39.667732945914601 ], [ -105.026967245340003, 39.6677263886139 ], [ -105.027950336391001, 39.667721762655802 ], [ -105.028872157332998, 39.667713660566797 ], [ -105.029868887328007, 39.667706425319302 ], [ -105.030908622124997, 39.667700719306502 ], [ -105.031885337573996, 39.667693112011101 ], [ -105.033827389492998, 39.667677767774997 ], [ -105.034961908331994, 39.667681441493897 ], [ -105.035922025451001, 39.667685875872401 ], [ -105.036845869771, 39.667692200130602 ], [ -105.037767215459994, 39.667698927223398 ], [ -105.038686056901994, 39.667701903245103 ], [ -105.039685627172005, 39.667711342016602 ], [ -105.040682597617007, 39.667713153009203 ], [ -105.041751408246, 39.667719040664203 ], [ -105.042847051416999, 39.667727849582199 ], [ -105.043838618167996, 39.667732526743102 ], [ -105.044831763953994, 39.667736842208797 ], [ -105.045532567921001, 39.667740926737501 ], [ -105.045826451265995, 39.667742405767697 ], [ -105.046559044370994, 39.667746606443799 ], [ -105.046823585164006, 39.667747969739096 ], [ -105.047811314689994, 39.667749227632399 ], [ -105.048808199128004, 39.6677538885465 ], [ -105.049805901306996, 39.6677652633241 ], [ -105.050794872047007, 39.667770762341803 ], [ -105.051781746396998, 39.667777609248297 ], [ -105.053233463281998, 39.6677845172076 ], [ -105.053233494577, 39.675036634343698 ], [ -105.062608252263004, 39.675008058343401 ], [ -105.062622405265998, 39.679293895133597 ], [ -105.061397053633002, 39.6782365010137 ], [ -105.060988081299996, 39.6780160361347 ], [ -105.060326030878997, 39.677928456889298 ], [ -105.059330647626993, 39.678306672463599 ], [ -105.057782812438006, 39.678680743566503 ], [ -105.057783792890007, 39.679089113141899 ], [ -105.057809948929005, 39.682268972169098 ], [ -105.053235265441003, 39.682294573652598 ], [ -105.053220741435993, 39.682292271970098 ], [ -105.052110954221007, 39.682283700951501 ], [ -105.051065638238995, 39.682277959336098 ], [ -105.050025252381005, 39.682271237346697 ], [ -105.048975720678996, 39.682265712002497 ], [ -105.047996243434, 39.682257570835297 ], [ -105.047067738151995, 39.682255097502001 ], [ -105.046145191191002, 39.682248395528703 ], [ -105.045224197547, 39.682242461949798 ], [ -105.044264007338001, 39.682238132969204 ], [ -105.043252410925007, 39.682232697095699 ], [ -105.042260687861003, 39.682230382195399 ], [ -105.041259506941003, 39.6822264576329 ], [ -105.040269156359997, 39.682221032811299 ], [ -105.039202388614001, 39.682217771760897 ], [ -105.038276097216993, 39.682214436528298 ], [ -105.037176430727996, 39.68221193147 ], [ -105.036255851061, 39.682208008684398 ], [ -105.035333118382994, 39.682204800861797 ], [ -105.034373459126996, 39.682211681635302 ], [ -105.033226017713005, 39.682218574027701 ], [ -105.032086704422994, 39.682223991881699 ], [ -105.030953592518003, 39.6822321299504 ], [ -105.029788922736003, 39.6822397786785 ], [ -105.028321379182998, 39.682250293391903 ], [ -105.027371275003006, 39.682255895993698 ], [ -105.026213641084993, 39.6822619153793 ], [ -105.025037985048996, 39.682270753213103 ], [ -105.025030275096, 39.680509408120201 ], [ -105.025057704337001, 39.6786371547351 ], [ -105.025044017398997, 39.676766470117798 ], [ -105.025066446851994, 39.675132405570999 ], [ -105.025072791110006, 39.673340242107898 ], [ -105.025076969186003, 39.6725125060712 ], [ -105.025061771343999, 39.671786853503598 ], [ -105.025060049727998, 39.671196257817599 ], [ -105.025076820986996, 39.670153790039898 ], [ -105.025073143832003, 39.6685425611388 ], [ -105.025108481786006, 39.667715967576797 ] ] ] } },
{ "type": "Feature", "properties": { "nbhd_id": 36, "neighborhood": "Highland", "council_district": 1, "population": 11344, "per_capita_income": 298296, "pct_poverty": 5.6501203101327873, "pct_renters": 64.307598039215691, "field_requests": 14340, "field_requests_2025": 2064, "field_requests_per_1k_per_year": 180.58633890791859, "top_category": "Neighborhood Inspection", "share_open_in_file": 0.059693165969316599, "wait_index": 0.50190983009439094, "ranked_requests": 4088, "p50_days": 2.9511226851851853 }, "geometry": { "type": "Polygon", "coordinates": [ [ [ -104.998203286901003, 39.769297304342601 ], [ -104.998205108362001, 39.769153007354397 ], [ -104.998206650425004, 39.768046538971298 ], [ -104.998246599333996, 39.762119586280903 ], [ -104.998314126178002, 39.7621001209151 ], [ -104.998440543461001, 39.762080413576001 ], [ -104.998558955202995, 39.762061014920697 ], [ -104.998666737446996, 39.762035737181897 ], [ -104.998707514933997, 39.762023644086597 ], [ -104.998752289020004, 39.762010365083 ], [ -104.998826299797003, 39.7619821983997 ], [ -104.998971697125, 39.7619196766559 ], [ -104.999042212123996, 39.7618829160782 ], [ -104.999198484185996, 39.761791958512298 ], [ -104.999332460339005, 39.761709827757997 ], [ -104.999451157571997, 39.761650280610603 ], [ -104.999596615401998, 39.761579179470097 ], [ -104.999811633731994, 39.761480235104997 ], [ -105.000023906088998, 39.7613922598253 ], [ -105.000462570587004, 39.761231123284901 ], [ -105.000848482834002, 39.761109910838897 ], [ -105.001030171772996, 39.761070532145403 ], [ -105.001208159699004, 39.761051383558197 ], [ -105.001353104185, 39.761051997671899 ], [ -105.001482084147, 39.761046710099997 ], [ -105.001620036630996, 39.761030136511998 ], [ -105.001726905480993, 39.761007940815603 ], [ -105.001857018086, 39.7609683421068 ], [ -105.001976521215994, 39.760920119837003 ], [ -105.002136158458995, 39.760855252015098 ], [ -105.002269990786004, 39.760792677728702 ], [ -105.002462570188996, 39.760722115661899 ], [ -105.002518713171995, 39.760705194944897 ], [ -105.002648703513998, 39.760682753007302 ], [ -105.002785865635005, 39.760652105463301 ], [ -105.002837562451006, 39.760635165863299 ], [ -105.002882186693, 39.7606123628766 ], [ -105.002967977999006, 39.760552673202398 ], [ -105.003019847391997, 39.760511370150198 ], [ -105.003168867382996, 39.760406040237299 ], [ -105.003430066700005, 39.760221419421903 ], [ -105.003586348282994, 39.760127710717498 ], [ -105.003716759837005, 39.760045560325402 ], [ -105.003816910734997, 39.759967056635702 ], [ -105.003917938464994, 39.7598902724718 ], [ -105.004025229703998, 39.759808024089203 ], [ -105.004114901042001, 39.7597023669923 ], [ -105.004186804514006, 39.759594232667801 ], [ -105.004249757875996, 39.759494296411297 ], [ -105.004294713361006, 39.759424482079801 ], [ -105.004422235169002, 39.759247607420598 ], [ -105.004538012487004, 39.759096763558802 ], [ -105.004728707582004, 39.758914320553302 ], [ -105.004866531912, 39.758789305426802 ], [ -105.005074926834993, 39.7586186041 ], [ -105.005157239197999, 39.758547230326002 ], [ -105.005496716793999, 39.758198295423703 ], [ -105.005612308606999, 39.758073185744799 ], [ -105.005653574161002, 39.758021886139097 ], [ -105.005698539600004, 39.757950354915003 ], [ -105.005755383196004, 39.757833577897003 ], [ -105.005796061926006, 39.757739380728601 ], [ -105.00581169342, 39.757666353892503 ], [ -105.005827392399993, 39.7575837194277 ], [ -105.005838587403005, 39.757509301815098 ], [ -105.005869242990002, 39.757449378037997 ], [ -105.005943770773996, 39.757346744215504 ], [ -105.006033433656995, 39.757241428422397 ], [ -105.006115944363998, 39.757141573175701 ], [ -105.006175183677996, 39.757063239323799 ], [ -105.006328523326999, 39.756880637247399 ], [ -105.006440796581998, 39.756752171538302 ], [ -105.006507808419002, 39.756675495435601 ], [ -105.006597510383997, 39.756564345905602 ], [ -105.006645936376003, 39.756506212370802 ], [ -105.006747400183002, 39.756366286780398 ], [ -105.006837121199993, 39.7562523919485 ], [ -105.007023515865001, 39.756047279104997 ], [ -105.007154438927998, 39.7558906620662 ], [ -105.007583783117994, 39.755403461593701 ], [ -105.008186492834994, 39.754792075557297 ], [ -105.008217839531994, 39.754782702607699 ], [ -105.008270251520997, 39.754767032005098 ], [ -105.008344130202005, 39.754756016350598 ], [ -105.008436662232995, 39.7547478239482 ], [ -105.008540752827003, 39.754739679737497 ], [ -105.008578157208007, 39.754731257020197 ], [ -105.008629930016994, 39.754702647918698 ], [ -105.00871932583, 39.754634389922202 ], [ -105.009006163066999, 39.754432781585997 ], [ -105.009069623876002, 39.754385690706599 ], [ -105.009154611656001, 39.754311923405403 ], [ -105.009271142033001, 39.754177892099101 ], [ -105.009330425743997, 39.75409235043 ], [ -105.009356491976007, 39.754052309593199 ], [ -105.009397712131005, 39.7540068419368 ], [ -105.009489391760994, 39.753927001933299 ], [ -105.010120304969007, 39.754262612432903 ], [ -105.010406687124004, 39.754397401866299 ], [ -105.011707715336996, 39.755009732233297 ], [ -105.011765407552005, 39.7550307728281 ], [ -105.013152386575996, 39.755536597664999 ], [ -105.014639455912999, 39.7560788986207 ], [ -105.014880927543999, 39.7561450114517 ], [ -105.015621536729, 39.756347779951703 ], [ -105.015835427918006, 39.756303819880401 ], [ -105.016726835845006, 39.756627990968397 ], [ -105.016916646374995, 39.756697401104802 ], [ -105.017811739200994, 39.757004420991002 ], [ -105.018479623473993, 39.757250109404197 ], [ -105.019296455692995, 39.757560572547597 ], [ -105.020538077197003, 39.758039534676598 ], [ -105.021368398434007, 39.758460877196804 ], [ -105.022071761413002, 39.758462705819703 ], [ -105.022623053109996, 39.758466658712997 ], [ -105.023084535539994, 39.758470245168802 ], [ -105.023613597329003, 39.758474103600001 ], [ -105.024374763297999, 39.7584754658454 ], [ -105.025233743068995, 39.758476874622403 ], [ -105.025235912960994, 39.760257514691602 ], [ -105.025223858505996, 39.760855929828899 ], [ -105.025241748556994, 39.762022385227503 ], [ -105.02524248668, 39.762438635143504 ], [ -105.025244445216003, 39.7631997621625 ], [ -105.025278018549002, 39.763779168148602 ], [ -105.025281305641997, 39.764665679043098 ], [ -105.025282949814994, 39.765087367299401 ], [ -105.025233456855005, 39.765610376542 ], [ -105.025287591584004, 39.766078847227803 ], [ -105.025286861254997, 39.766512119310697 ], [ -105.025287546241003, 39.767437738901002 ], [ -105.025288118776004, 39.7681569127869 ], [ -105.025250470220996, 39.7683515621883 ], [ -105.025238785724994, 39.769289010027201 ], [ -105.024605576889996, 39.769286455483602 ], [ -105.024216937177002, 39.769284885421399 ], [ -105.023624639158996, 39.769282490134003 ], [ -105.022906891543997, 39.769287476076897 ], [ -105.022061158887993, 39.769280270974598 ], [ -105.021122052818001, 39.769271650339299 ], [ -105.020523550923002, 39.769266125715902 ], [ -105.018975137637, 39.7692714763146 ], [ -105.018394380399997, 39.7692721901632 ], [ -105.017995054688001, 39.769272614924503 ], [ -105.017422303838998, 39.769273013636997 ], [ -105.015868522676996, 39.769282762506499 ], [ -105.015288621612001, 39.769288268611 ], [ -105.014951530405, 39.769291684400599 ], [ -105.014711385772003, 39.769294125967903 ], [ -105.014399224100998, 39.7692935250274 ], [ -105.014108404115007, 39.769293354519 ], [ -105.013785568271004, 39.7692930510159 ], [ -105.013535659892995, 39.769292705085398 ], [ -105.013374694871999, 39.769291353329102 ], [ -105.012965612564997, 39.769287945908701 ], [ -105.012794864819995, 39.769286553288197 ], [ -105.012368849297005, 39.769288220891902 ], [ -105.012199870908006, 39.769288206923498 ], [ -105.011801441033995, 39.769287584922502 ], [ -105.011202017252003, 39.769286813491803 ], [ -105.010614147347994, 39.7692871163052 ], [ -105.010217492178995, 39.769287182464197 ], [ -105.009618062837006, 39.7692870892391 ], [ -105.008033216883007, 39.7692876828701 ], [ -105.007438234901997, 39.769287597181403 ], [ -105.007037132820003, 39.769287633968197 ], [ -105.006458156055004, 39.769287953468499 ], [ -105.006048172701, 39.7692862339416 ], [ -105.005861411853004, 39.769285450167501 ], [ -105.005287788470994, 39.7692833839263 ], [ -105.004705237500005, 39.769286081589001 ], [ -105.004137807999001, 39.769288497342899 ], [ -105.003614011558994, 39.769283201190497 ], [ -105.003557985640995, 39.769282621768497 ], [ -105.002966602591002, 39.769276695181098 ], [ -105.002359150019998, 39.769279276296601 ], [ -105.001759701770993, 39.769281887954101 ], [ -105.001174482728004, 39.7692845568534 ], [ -105.000588374323996, 39.769287219271597 ], [ -105.000435707267002, 39.769320002507499 ], [ -104.998381209987002, 39.769296020186502 ], [ -104.998203286901003, 39.769297304342601 ] ] ] } },
{ "type": "Feature", "properties": { "nbhd_id": 50, "neighborhood": "Overland", "council_district": 7, "population": 3866, "per_capita_income": 61547, "pct_poverty": 7.144706186901371, "pct_renters": 70.332063146434407, "field_requests": 6613, "field_requests_2025": 979, "field_requests_per_1k_per_year": 244.36479195920478, "top_category": "Neighborhood Inspection", "share_open_in_file": 0.043399364887343111, "wait_index": 0.50170969866061221, "ranked_requests": 1670, "p50_days": 1.8371412037037036 }, "geometry": { "type": "Polygon", "coordinates": [ [ [ -104.987430740280999, 39.696634305869203 ], [ -104.987449325419007, 39.694798870087801 ], [ -104.987468280824004, 39.693019301437602 ], [ -104.987480258076005, 39.691168629600803 ], [ -104.987499843456007, 39.689400098666702 ], [ -104.987512696758998, 39.6875744712451 ], [ -104.987533896022995, 39.685777713271897 ], [ -104.987545515890005, 39.683966142441101 ], [ -104.987568648741004, 39.682149269630301 ], [ -104.987571394982993, 39.680327788562899 ], [ -104.987567216355004, 39.6785195191448 ], [ -104.987574054383998, 39.676706078129499 ], [ -104.987574510998002, 39.674891715665602 ], [ -104.987581411414993, 39.673089225780799 ], [ -104.987584065662006, 39.671287972112097 ], [ -104.987584278019, 39.669485143422598 ], [ -104.987571892828001, 39.667682890810298 ], [ -104.997005012309003, 39.6676606546757 ], [ -105.000185998809002, 39.6676742232302 ], [ -105.000195319165996, 39.668111457615304 ], [ -104.999987772262998, 39.668199112123197 ], [ -104.999772130083997, 39.6683011448727 ], [ -104.999605432227, 39.668388972378402 ], [ -104.999434108073004, 39.668502860582201 ], [ -104.999281476728001, 39.6686106510857 ], [ -104.999152022589001, 39.668706186446101 ], [ -104.999028787108003, 39.668801404980201 ], [ -104.998891045763997, 39.668938084588 ], [ -104.998753142444002, 39.669097412375102 ], [ -104.998685924664997, 39.669182917388298 ], [ -104.998629180359003, 39.669294204578001 ], [ -104.998569362094003, 39.669462787902297 ], [ -104.998541964919994, 39.669568366082203 ], [ -104.998508248397997, 39.669688330595697 ], [ -104.998470294881997, 39.669779794200899 ], [ -104.998361182848001, 39.670010966493301 ], [ -104.998301752977, 39.670124987313699 ], [ -104.998226418550999, 39.6702276157245 ], [ -104.998177775548996, 39.670323494690599 ], [ -104.998158667086003, 39.670387585366299 ], [ -104.998150991036994, 39.670467510530401 ], [ -104.998131215274, 39.670624939522902 ], [ -104.998104550500997, 39.670752140460799 ], [ -104.998058858147999, 39.670932108196197 ], [ -104.997997957657006, 39.671127452905999 ], [ -104.997949080588, 39.671255931769501 ], [ -104.997881265879002, 39.671424480291201 ], [ -104.997780142259003, 39.671655685651302 ], [ -104.997632968567004, 39.671992389342698 ], [ -104.997564907316004, 39.672195253219698 ], [ -104.997508636118994, 39.672363850615 ], [ -104.997466862012999, 39.672492359390901 ], [ -104.997444116427005, 39.672568101973397 ], [ -104.997428488264006, 39.672642159156801 ], [ -104.997413192238, 39.672793773540199 ], [ -104.997404636810003, 39.672872321996699 ], [ -104.997392976860993, 39.673012283897499 ], [ -104.997380571717002, 39.673132339072801 ], [ -104.997376301922003, 39.673232525644998 ], [ -104.997349563277993, 39.673369677780997 ], [ -104.997314586216007, 39.6735411111394 ], [ -104.997314156206997, 39.673601163773498 ], [ -104.997347413395005, 39.673669939050299 ], [ -104.997397880761, 39.673816000618899 ], [ -104.997412426069999, 39.673893275424099 ], [ -104.997415568235994, 39.673950597046399 ], [ -104.997414976168997, 39.674033297827101 ], [ -104.997418077031, 39.674096453600697 ], [ -104.997442952962004, 39.6742194137369 ], [ -104.997501025849999, 39.674419727767898 ], [ -104.997547634341004, 39.674608668535797 ], [ -104.997612844291993, 39.6749035517037 ], [ -104.997626783596004, 39.674966585890601 ], [ -104.997669901684006, 39.675146932306497 ], [ -104.997680048364003, 39.675218354519203 ], [ -104.997668980868994, 39.675275615993002 ], [ -104.997667917634999, 39.675424202279601 ], [ -104.997685851769006, 39.675524483204001 ], [ -104.997714342576998, 39.6756388793657 ], [ -104.99775388642, 39.67582229904 ], [ -104.997771371767001, 39.675985377560501 ], [ -104.997788449153006, 39.676205420087797 ], [ -104.997790855244006, 39.676365688694901 ], [ -104.997786340339999, 39.676500190697098 ], [ -104.997802959748, 39.677280964497498 ], [ -104.99782689749, 39.677535352435697 ], [ -104.997861727060993, 39.677757186274398 ], [ -104.997897802780997, 39.677928923152798 ], [ -104.997930510429995, 39.678074908659802 ], [ -104.998000425431997, 39.6786071141481 ], [ -104.998028508730997, 39.678778816604499 ], [ -104.998086523457999, 39.678988052679003 ], [ -104.998176974339998, 39.679257137325997 ], [ -104.99835167034, 39.679669681637698 ], [ -104.998450565718997, 39.679876002831897 ], [ -104.998563795411002, 39.680065226997201 ], [ -104.998640353769005, 39.680165757822301 ], [ -104.998728438862997, 39.6802690832561 ], [ -104.998923427256003, 39.680452821483797 ], [ -104.999062887646005, 39.680576269128103 ], [ -104.999159212980004, 39.680645312353398 ], [ -104.999254801559999, 39.680693076450503 ], [ -104.999354905966001, 39.680730564349901 ], [ -104.999435549195994, 39.680756645313203 ], [ -104.999583533782001, 39.680806004990202 ], [ -104.999837900865003, 39.680884299345799 ], [ -105.000070983423996, 39.680958042265303 ], [ -105.000450826462995, 39.681128493762898 ], [ -105.000826915735999, 39.681327411078499 ], [ -105.000940886611005, 39.681413686638201 ], [ -105.00104056504, 39.681511225168897 ], [ -105.001139212170003, 39.681629006337801 ], [ -105.001194560662, 39.681715032638003 ], [ -105.001347642956006, 39.682047522950697 ], [ -105.001394754114003, 39.682167830555599 ], [ -105.001412675599994, 39.682270856056398 ], [ -105.001432373360998, 39.682624056617797 ], [ -105.001430343029995, 39.682909904594801 ], [ -105.001409454680996, 39.683224498336997 ], [ -105.001393745515998, 39.683310222988702 ], [ -105.001348114105994, 39.683481612351599 ], [ -105.001302543427997, 39.683644422372502 ], [ -105.000901563295002, 39.684945375356001 ], [ -105.000532150926006, 39.686302053263098 ], [ -105.000498287802998, 39.686441920480199 ], [ -105.000471570025994, 39.686576327367497 ], [ -105.000425690778002, 39.686782031589303 ], [ -105.000394225788995, 39.686959313630602 ], [ -105.000348692683005, 39.687116290062697 ], [ -105.000315173068003, 39.687207772378201 ], [ -105.000285370876995, 39.687276278809797 ], [ -105.000232189260004, 39.687384492671796 ], [ -105.000179790678999, 39.687507466128501 ], [ -105.000108231902999, 39.687701392851501 ], [ -105.000092620352007, 39.687773048195297 ], [ -105.000092192636998, 39.6878330999387 ], [ -105.000091266320993, 39.687963155711302 ], [ -105.000090860599997, 39.688020119153499 ], [ -105.000083374946996, 39.688073277939203 ], [ -105.000079496465005, 39.688118902248199 ], [ -105.000052175201006, 39.688213156322 ], [ -104.999988873991995, 39.688370056351303 ], [ -104.999916709131, 39.6885241736355 ], [ -104.999860491624005, 39.688684192147797 ], [ -104.999814518468, 39.688902592183503 ], [ -104.999784306386005, 39.689028405189703 ], [ -104.999723424343003, 39.689219632199404 ], [ -104.99967796848, 39.689365283423598 ], [ -104.999657681792002, 39.689419923779802 ], [ -104.999610038190994, 39.689548244392498 ], [ -104.999546193672998, 39.689656412442602 ], [ -104.999501388330998, 39.689710785201697 ], [ -104.999419153332994, 39.689781813028098 ], [ -104.999352142076006, 39.6898357478102 ], [ -104.999302126307001, 39.689873282830902 ], [ -104.999125282212006, 39.690006363800698 ], [ -104.998913645849996, 39.690159886218403 ], [ -104.998690337133993, 39.690330516441897 ], [ -104.998493095496997, 39.690458362156299 ], [ -104.998321860643998, 39.690552001838903 ], [ -104.998162295906994, 39.6906285331251 ], [ -104.997932368514, 39.690730500839003 ], [ -104.997668599811007, 39.690843991077998 ], [ -104.997449434073005, 39.690931590873099 ], [ -104.997144841533, 39.691039072012202 ], [ -104.996885797654997, 39.6911383621295 ], [ -104.996414369085997, 39.691319056122303 ], [ -104.996124855882002, 39.691429344452096 ], [ -104.995775597586004, 39.691570603456199 ], [ -104.995451984365999, 39.691728100616302 ], [ -104.994983890927003, 39.6919635609895 ], [ -104.994835806430004, 39.692048715754197 ], [ -104.994679501953001, 39.692165063366701 ], [ -104.994533886438006, 39.692277338281201 ], [ -104.994191325413993, 39.6925977535684 ], [ -104.994034562932995, 39.692777240257101 ], [ -104.993915297103996, 39.692931151021902 ], [ -104.993746313873004, 39.6932035823463 ], [ -104.993551132975, 39.6935359538965 ], [ -104.993322307501003, 39.693975247741903 ], [ -104.993194753319997, 39.694292124784099 ], [ -104.993107567704001, 39.694554955516303 ], [ -104.993076546984, 39.694667722820697 ], [ -104.993042769073995, 39.694793175398303 ], [ -104.993004175175997, 39.6949704245243 ], [ -104.992928331309997, 39.695261787090303 ], [ -104.992886472937002, 39.695398872029003 ], [ -104.992860193701006, 39.6954701367208 ], [ -104.992754596818003, 39.695698571487803 ], [ -104.992690446430004, 39.695846884722201 ], [ -104.992615406105003, 39.6960267216784 ], [ -104.992525312398996, 39.696199630688398 ], [ -104.992435272652997, 39.696364990461802 ], [ -104.992405386903997, 39.6964434460766 ], [ -104.992393361316005, 39.696509281460699 ], [ -104.992384178403995, 39.696660972371497 ], [ -104.991874293874005, 39.696662149652099 ], [ -104.991275557552996, 39.696652011675504 ], [ -104.990238084962002, 39.696647519033498 ], [ -104.990125949703, 39.696647032898099 ], [ -104.989993038644002, 39.696646406769702 ], [ -104.987430740280999, 39.696634305869203 ] ] ] } },
{ "type": "Feature", "properties": { "nbhd_id": 43, "neighborhood": "Mar Lee", "council_district": 2, "population": 12945, "per_capita_income": 58674, "pct_poverty": 19.233176838810643, "pct_renters": 44.68802698145025, "field_requests": 7975, "field_requests_2025": 1094, "field_requests_per_1k_per_year": 88.009711416432154, "top_category": "Neighborhood Inspection", "share_open_in_file": 0.1031974921630094, "wait_index": 0.50152229614323851, "ranked_requests": 1810, "p50_days": 3.1048495370370368 }, "geometry": { "type": "Polygon", "coordinates": [ [ [ -105.025059102547999, 39.696747280923397 ], [ -105.025067070041999, 39.694918802757897 ], [ -105.025063676260999, 39.693109461850398 ], [ -105.025062032128005, 39.691297472390602 ], [ -105.025059366229996, 39.690805255500599 ], [ -105.025057606803998, 39.6894864522056 ], [ -105.025051253656997, 39.687680300547399 ], [ -105.025054254644004, 39.6858860863383 ], [ -105.025044030703995, 39.684972344399398 ], [ -105.025042369773999, 39.684078957890897 ], [ -105.025037985048996, 39.682270753213103 ], [ -105.026213641084993, 39.6822619153793 ], [ -105.027371275003006, 39.682255895993698 ], [ -105.028321379182998, 39.682250293391903 ], [ -105.029788922736003, 39.6822397786785 ], [ -105.030953592518003, 39.6822321299504 ], [ -105.032086704422994, 39.682223991881699 ], [ -105.033226017713005, 39.682218574027701 ], [ -105.034373459126996, 39.682211681635302 ], [ -105.035333118382994, 39.682204800861797 ], [ -105.036255851061, 39.682208008684398 ], [ -105.037176430727996, 39.68221193147 ], [ -105.038276097216993, 39.682214436528298 ], [ -105.039202388614001, 39.682217771760897 ], [ -105.040269156359997, 39.682221032811299 ], [ -105.041259506941003, 39.6822264576329 ], [ -105.042260687861003, 39.682230382195399 ], [ -105.043252410925007, 39.682232697095699 ], [ -105.044264007338001, 39.682238132969204 ], [ -105.045224197547, 39.682242461949798 ], [ -105.046145191191002, 39.682248395528703 ], [ -105.047067738151995, 39.682255097502001 ], [ -105.047996243434, 39.682257570835297 ], [ -105.048975720678996, 39.682265712002497 ], [ -105.050025252381005, 39.682271237346697 ], [ -105.051065638238995, 39.682277959336098 ], [ -105.052110954221007, 39.682283700951501 ], [ -105.053220741435993, 39.682292271970098 ], [ -105.053235265441003, 39.682294573652598 ], [ -105.053234388701, 39.689549739023498 ], [ -105.053230836010002, 39.696770369516898 ], [ -105.053224816023999, 39.696770353873198 ], [ -105.051874505458002, 39.696756819955397 ], [ -105.050712421035996, 39.696757533633402 ], [ -105.049560063255001, 39.6967654789186 ], [ -105.048397981134997, 39.696765826404501 ], [ -105.047203978165001, 39.696756430754398 ], [ -105.046048161593006, 39.696749572706203 ], [ -105.044886128940007, 39.696742335859597 ], [ -105.043729318122004, 39.6967379729304 ], [ -105.043638642673002, 39.696773871741797 ], [ -105.042564415886005, 39.6967758801282 ], [ -105.041387951784998, 39.696768035951301 ], [ -105.040221691587007, 39.696761596535701 ], [ -105.039049852426999, 39.696759411384903 ], [ -105.037874441604998, 39.696759945363702 ], [ -105.036706156918001, 39.6967577510772 ], [ -105.036367900795, 39.696855934994403 ], [ -105.035527966556998, 39.697178282082 ], [ -105.035389607392005, 39.697215515109001 ], [ -105.035290556608999, 39.697225319383001 ], [ -105.035165110007995, 39.697235019241703 ], [ -105.035072724683005, 39.6972346540337 ], [ -105.034947413419999, 39.697223962904999 ], [ -105.034782576370006, 39.697202919842297 ], [ -105.034650801086002, 39.697171811484097 ], [ -105.034434828089005, 39.6970970909275 ], [ -105.033997612695003, 39.696978340843103 ], [ -105.033546922834006, 39.696882184144798 ], [ -105.033154654545996, 39.696818515176602 ], [ -105.032775615229994, 39.696769653472302 ], [ -105.032074152459003, 39.696731743216802 ], [ -105.031813674288003, 39.696733570368998 ], [ -105.031011417629003, 39.696732775727 ], [ -105.029739976116005, 39.6967451995909 ], [ -105.028483735284993, 39.696742914789397 ], [ -105.027441608239997, 39.696740790446903 ], [ -105.026395002276999, 39.696744129874801 ], [ -105.025059102547999, 39.696747280923397 ] ] ] } },
{ "type": "Feature", "properties": { "nbhd_id": 17, "neighborhood": "Clayton", "council_district": 9, "population": 3957, "per_capita_income": 42995, "pct_poverty": 29.492039423805917, "pct_renters": 43.721461187214608, "field_requests": 4494, "field_requests_2025": 545, "field_requests_per_1k_per_year": 162.24412433661863, "top_category": "Solid Waste", "share_open_in_file": 0.078771695594125501, "wait_index": 0.50110554648747885, "ranked_requests": 1027, "p50_days": 2.956990740740741 }, "geometry": { "type": "Polygon", "coordinates": [ [ [ -104.940578188695994, 39.761958201106303 ], [ -104.940715808318004, 39.7619438043222 ], [ -104.941149331676002, 39.761917357738803 ], [ -104.941349292294007, 39.761900511982503 ], [ -104.941660902525001, 39.7618575040552 ], [ -104.942072657389005, 39.7617853120734 ], [ -104.942322713707995, 39.761750907967098 ], [ -104.942534202372002, 39.761734114816797 ], [ -104.942711106028, 39.761717157802401 ], [ -104.942910947615999, 39.761715137905 ], [ -104.943110766157005, 39.761716083423899 ], [ -104.943287528075999, 39.7617169195588 ], [ -104.943502599211001, 39.7617327656206 ], [ -104.943725308956999, 39.761754578263499 ], [ -104.943978642092006, 39.761791364665001 ], [ -104.944239566974005, 39.7618400491681 ], [ -104.944561951441003, 39.7618919887788 ], [ -104.944838435620994, 39.761917019509497 ], [ -104.945026632742, 39.761929770166901 ], [ -104.945276405778003, 39.761930947318 ], [ -104.945888102915006, 39.761933829030397 ], [ -104.946261958959994, 39.761935588738801 ], [ -104.947101674647001, 39.761939534974303 ], [ -104.947493233266997, 39.761939048988197 ], [ -104.947601245203003, 39.761938914642798 ], [ -104.948723397945002, 39.761936622920302 ], [ -104.948923193949994, 39.761936213770198 ], [ -104.949699319282004, 39.761951707954402 ], [ -104.949914348945001, 39.761954406520502 ], [ -104.950075878443002, 39.761956433446699 ], [ -104.951183402976994, 39.7619635952734 ], [ -104.952415028085994, 39.761971546683498 ], [ -104.953646556715, 39.761979484808101 ], [ -104.954874478104998, 39.761987449349299 ], [ -104.955019458154993, 39.761980025066201 ], [ -104.955500187696998, 39.7619781482612 ], [ -104.956104833276001, 39.761985747943797 ], [ -104.956721110912, 39.761984132806603 ], [ -104.957336496902002, 39.761982853657102 ], [ -104.957953629412003, 39.761985697121197 ], [ -104.958564537228995, 39.761988508717799 ], [ -104.959174563489995, 39.761990283621302 ], [ -104.959752576190994, 39.761991908487197 ], [ -104.959754457762998, 39.763248211710803 ], [ -104.959760011455998, 39.764489432504703 ], [ -104.959746773706001, 39.765745665363497 ], [ -104.959745437953003, 39.766957685041 ], [ -104.959745991362993, 39.768155300262002 ], [ -104.959742600663006, 39.7692876972636 ], [ -104.959741581510002, 39.771151025054699 ], [ -104.959739550517, 39.771414558940499 ], [ -104.959730353130993, 39.771915523090101 ], [ -104.959656053209997, 39.772208579596899 ], [ -104.959400845283994, 39.772894060972398 ], [ -104.958261365973001, 39.7729128439749 ], [ -104.957170045514999, 39.772914680031001 ], [ -104.954153194181998, 39.772911025988101 ], [ -104.953610686765998, 39.7729067934564 ], [ -104.953053060111003, 39.772902488435399 ], [ -104.952504246977995, 39.772908516141698 ], [ -104.951944760654996, 39.772914492005903 ], [ -104.950844653486001, 39.772902502262603 ], [ -104.950290541870999, 39.772903691318 ], [ -104.949824483344997, 39.772904602543903 ], [ -104.949276615822001, 39.772903413746803 ], [ -104.949187675665996, 39.7729033405829 ], [ -104.948640694629006, 39.772902495946099 ], [ -104.947540561363994, 39.772893907082498 ], [ -104.946978450752994, 39.772894356465798 ], [ -104.946401217092003, 39.772895075025097 ], [ -104.942933507807993, 39.772882149571501 ], [ -104.941688379341002, 39.772876251122597 ], [ -104.940992850913005, 39.772877411528597 ], [ -104.940617243779997, 39.772877656226797 ], [ -104.940607070612003, 39.769182539592798 ], [ -104.940618395087995, 39.768096071786601 ], [ -104.940630533491003, 39.766908600668998 ], [ -104.940625753668996, 39.765796434344701 ], [ -104.940570073190003, 39.765671046431599 ], [ -104.940569837975005, 39.764475291095103 ], [ -104.940571935110995, 39.763766682927702 ], [ -104.940578188695994, 39.761958201106303 ] ] ] } },
{ "type": "Feature", "properties": { "nbhd_id": 56, "neighborhood": "Sloan Lake", "council_district": 1, "population": 7928, "per_capita_income": 229312, "pct_poverty": 8.8578680203045685, "pct_renters": 41.05263157894737, "field_requests": 8563, "field_requests_2025": 1210, "field_requests_per_1k_per_year": 154.29940896641199, "top_category": "Streets & Traffic", "share_open_in_file": 0.078710732220016344, "wait_index": 0.50101235493071627, "ranked_requests": 2352, "p50_days": 3.1359027777777779 }, "geometry": { "type": "Polygon", "coordinates": [ [ [ -105.025233743068995, 39.758476874622403 ], [ -105.025235014827999, 39.757896128428797 ], [ -105.025234675302997, 39.757832350492201 ], [ -105.025276998042997, 39.757790402832597 ], [ -105.025275334257003, 39.757252226594503 ], [ -105.025269804855, 39.756020168613198 ], [ -105.025273771239995, 39.755468449487999 ], [ -105.025223528026999, 39.755440171339401 ], [ -105.025222817908997, 39.754837665872699 ], [ -105.025215181053994, 39.754046615352301 ], [ -105.025282038910007, 39.754023486942998 ], [ -105.025277160849001, 39.753624454746003 ], [ -105.025296489682006, 39.752416310470103 ], [ -105.025299181578006, 39.751715067353203 ], [ -105.025224920035996, 39.7516866816378 ], [ -105.025228723538007, 39.751207443514801 ], [ -105.025229855948993, 39.750727064485901 ], [ -105.025270169560997, 39.750682434752797 ], [ -105.025267991465, 39.7499992394768 ], [ -105.025272799885002, 39.748786158049299 ], [ -105.025273873049002, 39.748120059754498 ], [ -105.025232369079006, 39.748088305222602 ], [ -105.025229296665003, 39.747577537329697 ], [ -105.025223649419999, 39.7470977790136 ], [ -105.025221939483004, 39.746956735239301 ], [ -105.025213503220996, 39.746364414257698 ], [ -105.026820927497994, 39.7463660824192 ], [ -105.027431705473006, 39.746368536632097 ], [ -105.027778429966006, 39.746369928421402 ], [ -105.028380315134001, 39.746372342629201 ], [ -105.029041776743, 39.746373275666997 ], [ -105.029284493345997, 39.746373217119803 ], [ -105.029940620616998, 39.746374123919502 ], [ -105.030698992688997, 39.746374748590199 ], [ -105.031511596792996, 39.7463755842289 ], [ -105.032316167700003, 39.7463811864747 ], [ -105.033048725376005, 39.746386497453699 ], [ -105.033803511778999, 39.746391549008401 ], [ -105.034582300536002, 39.746397033773299 ], [ -105.034939781416995, 39.7463857499474 ], [ -105.035190510673999, 39.746383995512701 ], [ -105.035771103238005, 39.746379423828301 ], [ -105.035772043924993, 39.745162937129699 ], [ -105.035765837819994, 39.743951568911797 ], [ -105.036380165506003, 39.743951245371697 ], [ -105.036985600758001, 39.743951227012801 ], [ -105.037566096652, 39.743958313808001 ], [ -105.038157307822004, 39.7439582333242 ], [ -105.038731674925998, 39.743950877881502 ], [ -105.039308637288997, 39.743954510382601 ], [ -105.042510871698994, 39.743967002900597 ], [ -105.042837140798994, 39.743968270845997 ], [ -105.044023087978005, 39.743972872047998 ], [ -105.044587631374995, 39.743972313001699 ], [ -105.045158397421005, 39.743971775047299 ], [ -105.045754945355, 39.743971333845899 ], [ -105.046323044453999, 39.743970780349997 ], [ -105.047516068459998, 39.7439808640233 ], [ -105.048084132438007, 39.743985792281499 ], [ -105.048686868123994, 39.743990850520802 ], [ -105.049269229009994, 39.743984503579803 ], [ -105.049808912849997, 39.743978676799998 ], [ -105.050321890750993, 39.743978236291497 ], [ -105.050923774631002, 39.7439774459529 ], [ -105.051516783880004, 39.743974217045199 ], [ -105.052087567417004, 39.743970900556199 ], [ -105.052642294026995, 39.743976098968503 ], [ -105.053212133667003, 39.7439813544038 ], [ -105.053220172752006, 39.747604083665898 ], [ -105.053240324328002, 39.758473656643503 ], [ -105.053239833438994, 39.7584736092113 ], [ -105.052646730926995, 39.7584720426293 ], [ -105.052080305966996, 39.758470574581899 ], [ -105.051510300160004, 39.758472864963103 ], [ -105.051477397533006, 39.758473082963 ], [ -105.050894942626996, 39.758475322724699 ], [ -105.049861692152007, 39.758471375795999 ], [ -105.049301425026997, 39.758480212703397 ], [ -105.049013286732006, 39.7584849429862 ], [ -105.048670902995994, 39.758490150620801 ], [ -105.048423764603996, 39.758479937568403 ], [ -105.046948521478001, 39.758483533684199 ], [ -105.046325990357005, 39.758495205260999 ], [ -105.045456357125005, 39.758491163688298 ], [ -105.045068641224006, 39.758493440243797 ], [ -105.044005975697999, 39.758500309696402 ], [ -105.043422689503998, 39.758493587273499 ], [ -105.042826956404994, 39.758486470643703 ], [ -105.042248947537004, 39.758488685493901 ], [ -105.041654930087006, 39.758491178141099 ], [ -105.041075140277002, 39.758493722863001 ], [ -105.040494463488002, 39.7584959188966 ], [ -105.039896889258003, 39.758498388385298 ], [ -105.039303763923996, 39.758500529482099 ], [ -105.038700870263, 39.758500570069401 ], [ -105.038664410663998, 39.758500770497498 ], [ -105.038137101870007, 39.758500761450797 ], [ -105.037562662780005, 39.758500908410099 ], [ -105.036971328730004, 39.758500985352697 ], [ -105.035798383130995, 39.758510091616898 ], [ -105.035198125343001, 39.758514928878903 ], [ -105.034613875334003, 39.758519483652201 ], [ -105.033434002582993, 39.758500400090497 ], [ -105.032282489416005, 39.758495830006801 ], [ -105.031089183671, 39.758491082171702 ], [ -105.029930556585001, 39.758486460737302 ], [ -105.028173404125994, 39.758493499432703 ], [ -105.027597235008997, 39.758486384338397 ], [ -105.027558107781005, 39.758486570469401 ], [ -105.026841383298006, 39.758488152401398 ], [ -105.026094472058006, 39.758482745524297 ], [ -105.025233743068995, 39.758476874622403 ] ] ] } },
{ "type": "Feature", "properties": { "nbhd_id": 3, "neighborhood": "Baker", "council_district": 7, "population": 6604, "per_capita_income": 139542, "pct_poverty": 6.2386432465172623, "pct_renters": 59.344167150319215, "field_requests": 12040, "field_requests_2025": 1951, "field_requests_per_1k_per_year": 260.4482132041187, "top_category": "Neighborhood Inspection", "share_open_in_file": 0.057973421926910296, "wait_index": 0.50084995656877362, "ranked_requests": 3360, "p50_days": 2.9696006944444444 }, "geometry": { "type": "Polygon", "coordinates": [ [ [ -104.987435451655003, 39.725638361678598 ], [ -104.987458785903996, 39.724877676889598 ], [ -104.987481971663001, 39.724137238255402 ], [ -104.987485667738, 39.722536410421803 ], [ -104.987450197412997, 39.720943990035501 ], [ -104.987498139397005, 39.719369432956697 ], [ -104.987497523512005, 39.718358821382303 ], [ -104.987505845643, 39.717462863665801 ], [ -104.987501661585995, 39.716575773782502 ], [ -104.987505806382003, 39.716130025241903 ], [ -104.987510917470999, 39.7156736422316 ], [ -104.987525442193004, 39.714780113379803 ], [ -104.987536334919, 39.713897205777499 ], [ -104.987542954271007, 39.7129909444186 ], [ -104.987549372949999, 39.712112134813701 ], [ -104.987575003439005, 39.7111579131304 ], [ -104.987581714756999, 39.710238954426899 ], [ -104.987598080243004, 39.7093365090182 ], [ -104.987601803919006, 39.708461461404099 ], [ -104.987622781721996, 39.707535700660003 ], [ -104.987557771208998, 39.705730382185997 ], [ -104.987488644723001, 39.7038807766559 ], [ -104.987488044434997, 39.703354705372597 ], [ -104.987487911307994, 39.702642984607003 ], [ -104.987528056323001, 39.702134247986798 ], [ -104.987561937498995, 39.7019964455056 ], [ -104.987557518489993, 39.701920554047398 ], [ -104.987546274413006, 39.701727470264998 ], [ -104.987540358744994, 39.701530511284297 ], [ -104.987528987081006, 39.7014092719537 ], [ -104.987494895213004, 39.701267223499897 ], [ -104.987475311937999, 39.701185627888002 ], [ -104.987469590147995, 39.701015282002899 ], [ -104.987477147944006, 39.700345460056198 ], [ -104.987475490397998, 39.700212907609398 ], [ -104.987430740280999, 39.696634305869203 ], [ -104.989993038644002, 39.696646406769702 ], [ -104.990125949703, 39.696647032898099 ], [ -104.990238084962002, 39.696647519033498 ], [ -104.991275557552996, 39.696652011675504 ], [ -104.991874293874005, 39.696662149652099 ], [ -104.992384178403995, 39.696660972371497 ], [ -104.992381253009995, 39.696709293682801 ], [ -104.992380250235001, 39.696847927553598 ], [ -104.992379505597995, 39.696950873414899 ], [ -104.992378966977995, 39.697025337404597 ], [ -104.992363109392997, 39.697129590798603 ], [ -104.992317012776994, 39.697361027385703 ], [ -104.992290059449999, 39.697525286041 ], [ -104.992269560310007, 39.697779825286503 ], [ -104.992264268770001, 39.698020016799497 ], [ -104.992255174991996, 39.698294508401901 ], [ -104.992264719014997, 39.698448972915998 ], [ -104.992270493335994, 39.698633276611801 ], [ -104.992290613926997, 39.698922307443098 ], [ -104.992319962113996, 39.699041168674597 ], [ -104.992348741938002, 39.6991157591712 ], [ -104.992392399405006, 39.6992216420104 ], [ -104.992436305717007, 39.69929320944 ], [ -104.992491843338001, 39.699353502669098 ], [ -104.992580150186001, 39.6994283501705 ], [ -104.992649945563997, 39.699482871009103 ], [ -104.992675482286003, 39.699514552486001 ], [ -104.992700741460993, 39.6995846664894 ], [ -104.992813161832999, 39.699888164758796 ], [ -104.992922656556999, 39.700104829872899 ], [ -104.993087703493003, 39.700380072043501 ], [ -104.993175828092006, 39.7004803121674 ], [ -104.993267608834998, 39.7005664984056 ], [ -104.993451108875007, 39.700747449715799 ], [ -104.993686368420995, 39.701020247968202 ], [ -104.994119866568994, 39.701525533714403 ], [ -104.994347023648999, 39.701813738029799 ], [ -104.994669850834995, 39.702265698704899 ], [ -104.99474640807, 39.702368976439097 ], [ -104.994830912018998, 39.702479151566997 ], [ -104.995014359292, 39.702668678915103 ], [ -104.995389302774001, 39.703040904326002 ], [ -104.996129231655004, 39.703688879275298 ], [ -104.996414337426998, 39.703938046137097 ], [ -104.996470950144996, 39.703987522037202 ], [ -104.996747207183006, 39.704246076593201 ], [ -104.996827139147001, 39.704320463220199 ], [ -104.996920206322997, 39.704407073827198 ], [ -104.996986249681996, 39.704490401313102 ], [ -104.997113650201001, 39.704691009986703 ], [ -104.997209495291997, 39.704831429948797 ], [ -104.997293932581002, 39.704951897956697 ], [ -104.997355421118996, 39.7050509916428 ], [ -104.997407229174996, 39.705137003824099 ], [ -104.997483547760993, 39.705274594698899 ], [ -104.997557220326996, 39.705409429321797 ], [ -104.997604628386, 39.705489588640901 ], [ -104.997714608181994, 39.705641735946898 ], [ -104.997754856914995, 39.705729071257998 ], [ -104.997805553703003, 39.705846306142298 ], [ -104.997841961294, 39.7059737750483 ], [ -104.997873751382997, 39.706125588364699 ], [ -104.997928420340003, 39.706308727325798 ], [ -104.997993914305994, 39.7064692639143 ], [ -104.998063056199001, 39.706616775377803 ], [ -104.998372918403007, 39.707272851260797 ], [ -104.998500846393995, 39.707525277872698 ], [ -104.998566651790995, 39.707642576561703 ], [ -104.998610260194994, 39.707757378527297 ], [ -104.998638869096993, 39.707857360898203 ], [ -104.998663850374001, 39.7079676224431 ], [ -104.998743758955996, 39.708225334507901 ], [ -104.998958647329999, 39.708744082025603 ], [ -104.999071677610999, 39.708967961826303 ], [ -104.999177889392996, 39.709151319350902 ], [ -104.999390250247998, 39.709526956577399 ], [ -104.999609458105994, 39.7099396834925 ], [ -104.999649711404004, 39.710027017768802 ], [ -104.999715273752003, 39.710178974403497 ], [ -104.999834512435001, 39.710529850046903 ], [ -104.999884849737995, 39.710698556311101 ], [ -104.999924807948005, 39.710827411838302 ], [ -104.999950126829006, 39.7108906613676 ], [ -105.000001923076994, 39.710979417179502 ], [ -105.000135391574005, 39.711191079303298 ], [ -105.000143070362995, 39.711203256869098 ], [ -105.000283985373002, 39.711426726103802 ], [ -105.000367312711006, 39.711580130176401 ], [ -105.000418884688997, 39.711700455734402 ], [ -105.00051671848, 39.711938339281602 ], [ -105.000600632141996, 39.712134297639302 ], [ -105.000906783846006, 39.712819174851496 ], [ -105.001060156622998, 39.713120091931899 ], [ -105.001257555506996, 39.713478503432398 ], [ -105.001466000632007, 39.713908338826798 ], [ -105.001531573175001, 39.714059950868602 ], [ -105.001672748595993, 39.7144524391679 ], [ -105.001771135248006, 39.714738709489097 ], [ -105.001825487740007, 39.714843603594097 ], [ -105.001960755799999, 39.715067231497798 ], [ -105.002041741916997, 39.715176013320502 ], [ -105.002360550958997, 39.715583665110699 ], [ -105.002463610768999, 39.7157127864036 ], [ -105.002548274876006, 39.715804425558801 ], [ -105.002717821814002, 39.715956819649598 ], [ -105.003022556879998, 39.716219596240997 ], [ -105.003273457318997, 39.716429641288201 ], [ -105.003368928265999, 39.716501421633197 ], [ -105.003763593288994, 39.716740554760598 ], [ -105.004114031756004, 39.716950674489397 ], [ -105.004575072093999, 39.717229890745998 ], [ -105.005053886355, 39.717509523868799 ], [ -105.005496351594005, 39.717777334680498 ], [ -105.005780250317002, 39.717972756539901 ], [ -105.006141222679005, 39.718203160572102 ], [ -105.006280320417005, 39.718292730387198 ], [ -105.006396017819995, 39.718367231422498 ], [ -105.006491526212997, 39.718440935692698 ], [ -105.006587828478004, 39.718515252181099 ], [ -105.006676253071006, 39.718578764523897 ], [ -105.006768014280993, 39.718673518427103 ], [ -105.006841133497005, 39.718765105949302 ], [ -105.007028798045994, 39.718997525664001 ], [ -105.007120467887006, 39.719105319521397 ], [ -105.008061286450996, 39.720041281528601 ], [ -105.008484881504998, 39.720469257294702 ], [ -105.008775226853004, 39.720762156436898 ], [ -105.009216646273003, 39.721184370470901 ], [ -105.009381858750004, 39.721325068908101 ], [ -105.009633017225994, 39.721503529943803 ], [ -105.009953409467997, 39.721694975683299 ], [ -105.010057031773997, 39.721746881488102 ], [ -105.010204201898006, 39.721798968317202 ], [ -105.010418856615004, 39.721859914624801 ], [ -105.010881109175997, 39.721973364682299 ], [ -105.012056893839002, 39.722235617352801 ], [ -105.012267126978998, 39.722293797155601 ], [ -105.012459606524999, 39.722348814203599 ], [ -105.012551797024997, 39.722383512215998 ], [ -105.012699837867999, 39.722438687855998 ], [ -105.012810513448997, 39.722499199470803 ], [ -105.012883902658999, 39.722553722571398 ], [ -105.012943071861997, 39.722608186953501 ], [ -105.013019994752995, 39.722665812946097 ], [ -105.013219138592007, 39.722785370703001 ], [ -105.013887526082002, 39.723165610488202 ], [ -105.014049495050998, 39.723263393592198 ], [ -105.014325478990997, 39.723453271364598 ], [ -105.014521081322002, 39.723571439433101 ], [ -105.015144434351996, 39.723911336477798 ], [ -105.015270133406005, 39.723984947392097 ], [ -105.015392152111005, 39.7240767306225 ], [ -105.015513042508999, 39.724203168161097 ], [ -105.015667332302002, 39.724383962478797 ], [ -105.015677148243, 39.724396550151802 ], [ -105.015729883123001, 39.724464176144899 ], [ -105.015792352971005, 39.724556056927902 ], [ -105.015836080861007, 39.724659184802597 ], [ -105.015846263255995, 39.724729231420397 ], [ -105.015838106426003, 39.724880874457497 ], [ -105.015825585529996, 39.725020831740203 ], [ -105.015817765267997, 39.725123747646798 ], [ -105.015768559303993, 39.725503093525901 ], [ -105.015676368155994, 39.725509821845201 ], [ -105.014812258185998, 39.725572881564098 ], [ -105.014321255073, 39.725609320497199 ], [ -105.013655663799, 39.7256587124456 ], [ -105.013455691619001, 39.725670532240002 ], [ -105.013044560069005, 39.7256864564606 ], [ -105.012990985802006, 39.725688888529 ], [ -105.012436262785002, 39.725714069564802 ], [ -105.011953651566003, 39.7257456264852 ], [ -105.011645009979006, 39.725757768594001 ], [ -105.011323330634994, 39.725769856341302 ], [ -105.010725743368994, 39.725774084253302 ], [ -105.009687015438004, 39.7257831830361 ], [ -105.009484208352006, 39.725795603323498 ], [ -105.009430499184006, 39.725798892608204 ], [ -105.009039194050999, 39.725824106436001 ], [ -105.009007222779005, 39.7258257124371 ], [ -105.008545762457004, 39.725848892995302 ], [ -105.008289292753005, 39.725857888388198 ], [ -105.008050229150996, 39.725863600616101 ], [ -105.007776493444993, 39.725855744027598 ], [ -105.007355073458996, 39.725837201447497 ], [ -105.007075565579996, 39.725820036498398 ], [ -105.007003208886005, 39.725815592599403 ], [ -105.006362422928007, 39.7257827038949 ], [ -105.004595900159998, 39.725771922520103 ], [ -105.000869422006005, 39.7257561718882 ], [ -105.000148474919996, 39.725708161546002 ], [ -104.999449874651006, 39.725707593370103 ], [ -104.999337885206998, 39.725707460019699 ], [ -104.998572624329, 39.7257069463138 ], [ -104.998077592415001, 39.725702089974902 ], [ -104.998043818691997, 39.725701945881099 ], [ -104.997547009322005, 39.725697079926398 ], [ -104.996963916487999, 39.725701794582001 ], [ -104.996378250381994, 39.725693455176298 ], [ -104.995793437482007, 39.725690263978301 ], [ -104.995192628135001, 39.725686658058301 ], [ -104.994602491942004, 39.725682065336599 ], [ -104.994007911425001, 39.725677450891197 ], [ -104.993420427326996, 39.725674922713502 ], [ -104.992823165776997, 39.725672349451997 ], [ -104.992157468507997, 39.725669477766402 ], [ -104.991529100231006, 39.725666763654701 ], [ -104.990890066592996, 39.725664000033703 ], [ -104.990281280589002, 39.7256572459602 ], [ -104.989189875158999, 39.725650110201798 ], [ -104.988877895692994, 39.725651157313699 ], [ -104.988371307915003, 39.725646553252503 ], [ -104.987435451655003, 39.725638361678598 ] ] ] } },
{ "type": "Feature", "properties": { "nbhd_id": 1, "neighborhood": "Athmar Park", "council_district": 7, "population": 8118, "per_capita_income": 77695, "pct_poverty": 11.519486926492354, "pct_renters": 29.733204757312759, "field_requests": 9271, "field_requests_2025": 1304, "field_requests_per_1k_per_year": 163.14715095202899, "top_category": "Neighborhood Inspection", "share_open_in_file": 0.098802718153381514, "wait_index": 0.49954440497382335, "ranked_requests": 2618, "p50_days": 2.3920428240740743 }, "geometry": { "type": "Polygon", "coordinates": [ [ [ -104.992384178403995, 39.696660972371497 ], [ -104.992945755934002, 39.696661970277603 ], [ -104.994440051504, 39.696670806092698 ], [ -104.995618089163003, 39.696675864633796 ], [ -104.996792555471004, 39.696683298160501 ], [ -104.997964374476993, 39.696688306586303 ], [ -104.999149520111004, 39.696693360093597 ], [ -105.000314214983007, 39.696700717281402 ], [ -105.001515352064004, 39.696705814892702 ], [ -105.006166677739003, 39.696723528583199 ], [ -105.006595340481994, 39.696725151588403 ], [ -105.008709791995003, 39.6967288843286 ], [ -105.009362777133006, 39.696731610491597 ], [ -105.010708710638994, 39.696739620288596 ], [ -105.011706419017003, 39.696741365155503 ], [ -105.012707647157001, 39.696747920276302 ], [ -105.013873210764004, 39.696758347364302 ], [ -105.015690202797003, 39.696763587716497 ], [ -105.017014742327007, 39.6967581394888 ], [ -105.018061365758996, 39.6967524816964 ], [ -105.019223466553001, 39.696749688667303 ], [ -105.020359835574993, 39.696741975226303 ], [ -105.021553919073, 39.696739289560199 ], [ -105.022725789808007, 39.696736845203603 ], [ -105.023717595394999, 39.696734489475404 ], [ -105.025059102547999, 39.696747280923397 ], [ -105.025080660908003, 39.697581637264598 ], [ -105.025081820159002, 39.698591913551297 ], [ -105.025080163392005, 39.699230532732003 ], [ -105.025080163753003, 39.700412041582702 ], [ -105.025078370714994, 39.7013334257583 ], [ -105.025083098020005, 39.702079136846898 ], [ -105.025084117194993, 39.703110000200702 ], [ -105.025083776982996, 39.703948001146699 ], [ -105.025099459171997, 39.704913036056602 ], [ -105.025102172513002, 39.705693740937903 ], [ -105.025089809259001, 39.706732784785501 ], [ -105.025081859373003, 39.707513445702297 ], [ -105.025078232217993, 39.707655499996797 ], [ -105.025089185479004, 39.708531635838298 ], [ -105.025091239169996, 39.7094097943449 ], [ -105.025092622513, 39.711174677802497 ], [ -105.023865569490994, 39.711154618609001 ], [ -105.022706777292001, 39.711158501776701 ], [ -105.022135380091001, 39.711160299811802 ], [ -105.021506221105994, 39.711162203037198 ], [ -105.020982806272002, 39.711164533986903 ], [ -105.020334977711002, 39.711167727330398 ], [ -105.019829336170005, 39.711169782295698 ], [ -105.019160181057998, 39.711172882307103 ], [ -105.018652767250998, 39.711174238862398 ], [ -105.018076929014001, 39.711175655829898 ], [ -105.017500192995996, 39.7111784385609 ], [ -105.016914572709993, 39.711180838947499 ], [ -105.016319159139002, 39.711185941632102 ], [ -105.015700642194005, 39.711190946179897 ], [ -105.014523283542005, 39.711180945313799 ], [ -105.011009595920996, 39.711190411812503 ], [ -105.008653768575996, 39.711202213669303 ], [ -105.006273270399006, 39.711184009685702 ], [ -105.003885452950996, 39.7111955815584 ], [ -105.001564508984004, 39.711175130938798 ], [ -105.000649931042005, 39.711200764035802 ], [ -105.000143070362995, 39.711203256869098 ], [ -105.000135391574005, 39.711191079303298 ], [ -105.000001923076994, 39.710979417179502 ], [ -104.999950126829006, 39.7108906613676 ], [ -104.999924807948005, 39.710827411838302 ], [ -104.999884849737995, 39.710698556311101 ], [ -104.999834512435001, 39.710529850046903 ], [ -104.999715273752003, 39.710178974403497 ], [ -104.999649711404004, 39.710027017768802 ], [ -104.999609458105994, 39.7099396834925 ], [ -104.999390250247998, 39.709526956577399 ], [ -104.999177889392996, 39.709151319350902 ], [ -104.999071677610999, 39.708967961826303 ], [ -104.998958647329999, 39.708744082025603 ], [ -104.998743758955996, 39.708225334507901 ], [ -104.998663850374001, 39.7079676224431 ], [ -104.998638869096993, 39.707857360898203 ], [ -104.998610260194994, 39.707757378527297 ], [ -104.998566651790995, 39.707642576561703 ], [ -104.998500846393995, 39.707525277872698 ], [ -104.998372918403007, 39.707272851260797 ], [ -104.998063056199001, 39.706616775377803 ], [ -104.997993914305994, 39.7064692639143 ], [ -104.997928420340003, 39.706308727325798 ], [ -104.997873751382997, 39.706125588364699 ], [ -104.997841961294, 39.7059737750483 ], [ -104.997805553703003, 39.705846306142298 ], [ -104.997754856914995, 39.705729071257998 ], [ -104.997714608181994, 39.705641735946898 ], [ -104.997604628386, 39.705489588640901 ], [ -104.997557220326996, 39.705409429321797 ], [ -104.997483547760993, 39.705274594698899 ], [ -104.997407229174996, 39.705137003824099 ], [ -104.997355421118996, 39.7050509916428 ], [ -104.997293932581002, 39.704951897956697 ], [ -104.997209495291997, 39.704831429948797 ], [ -104.997113650201001, 39.704691009986703 ], [ -104.996986249681996, 39.704490401313102 ], [ -104.996920206322997, 39.704407073827198 ], [ -104.996827139147001, 39.704320463220199 ], [ -104.996747207183006, 39.704246076593201 ], [ -104.996470950144996, 39.703987522037202 ], [ -104.996414337426998, 39.703938046137097 ], [ -104.996129231655004, 39.703688879275298 ], [ -104.995389302774001, 39.703040904326002 ], [ -104.995014359292, 39.702668678915103 ], [ -104.994830912018998, 39.702479151566997 ], [ -104.99474640807, 39.702368976439097 ], [ -104.994669850834995, 39.702265698704899 ], [ -104.994347023648999, 39.701813738029799 ], [ -104.994119866568994, 39.701525533714403 ], [ -104.993686368420995, 39.701020247968202 ], [ -104.993451108875007, 39.700747449715799 ], [ -104.993267608834998, 39.7005664984056 ], [ -104.993175828092006, 39.7004803121674 ], [ -104.993087703493003, 39.700380072043501 ], [ -104.992922656556999, 39.700104829872899 ], [ -104.992813161832999, 39.699888164758796 ], [ -104.992700741460993, 39.6995846664894 ], [ -104.992675482286003, 39.699514552486001 ], [ -104.992649945563997, 39.699482871009103 ], [ -104.992580150186001, 39.6994283501705 ], [ -104.992491843338001, 39.699353502669098 ], [ -104.992436305717007, 39.69929320944 ], [ -104.992392399405006, 39.6992216420104 ], [ -104.992348741938002, 39.6991157591712 ], [ -104.992319962113996, 39.699041168674597 ], [ -104.992290613926997, 39.698922307443098 ], [ -104.992270493335994, 39.698633276611801 ], [ -104.992264719014997, 39.698448972915998 ], [ -104.992255174991996, 39.698294508401901 ], [ -104.992264268770001, 39.698020016799497 ], [ -104.992269560310007, 39.697779825286503 ], [ -104.992290059449999, 39.697525286041 ], [ -104.992317012776994, 39.697361027385703 ], [ -104.992363109392997, 39.697129590798603 ], [ -104.992378966977995, 39.697025337404597 ], [ -104.992379505597995, 39.696950873414899 ], [ -104.992380250235001, 39.696847927553598 ], [ -104.992381253009995, 39.696709293682801 ], [ -104.992384178403995, 39.696660972371497 ] ] ] } },
{ "type": "Feature", "properties": { "nbhd_id": 8, "neighborhood": "Berkeley", "council_district": 1, "population": 9168, "per_capita_income": 174904, "pct_poverty": 6.2301890917040117, "pct_renters": 29.9797434166104, "field_requests": 12224, "field_requests_2025": 1774, "field_requests_per_1k_per_year": 190.47619047619045, "top_category": "Neighborhood Inspection", "share_open_in_file": 0.080251963350785341, "wait_index": 0.49927727111126996, "ranked_requests": 3393, "p50_days": 3.014710648148148 }, "geometry": { "type": "Polygon", "coordinates": [ [ [ -105.025192461689002, 39.784384739504198 ], [ -105.025191418603001, 39.784309695640303 ], [ -105.025185957711997, 39.783916722607898 ], [ -105.025193178348005, 39.782988610148401 ], [ -105.025240952499999, 39.782571829877 ], [ -105.025242454299004, 39.782145451275497 ], [ -105.025245024914, 39.780947295328602 ], [ -105.025188470006995, 39.780262847694097 ], [ -105.025250386528, 39.779832352243702 ], [ -105.025257343874998, 39.779043884832497 ], [ -105.025268284432002, 39.777853547352898 ], [ -105.025222770688003, 39.776643753892898 ], [ -105.025287038353, 39.775767321001702 ], [ -105.025285969381002, 39.774713498281997 ], [ -105.025287282687998, 39.773440919542502 ], [ -105.025230088119997, 39.772937043321697 ], [ -105.025291509092, 39.772434055287398 ], [ -105.025293748118003, 39.772045432645001 ], [ -105.025298854159004, 39.771135809689497 ], [ -105.02529914182, 39.770840908882199 ], [ -105.025237798410998, 39.770222728849198 ], [ -105.025238265320993, 39.769759473702798 ], [ -105.025238785724994, 39.769289010027201 ], [ -105.025953683268995, 39.7693107651329 ], [ -105.027610228271996, 39.7693603182841 ], [ -105.029969417237993, 39.769403047283099 ], [ -105.031537035754994, 39.769451846897901 ], [ -105.032300865401993, 39.769471698519702 ], [ -105.033072724765006, 39.769487802396199 ], [ -105.033644439900996, 39.769509628076698 ], [ -105.034044551201006, 39.769524938674998 ], [ -105.034642940130993, 39.769547894892497 ], [ -105.035237976711997, 39.769539951203001 ], [ -105.035804549825002, 39.769532578167102 ], [ -105.036411161649994, 39.769522614860499 ], [ -105.036986643830005, 39.769512869571301 ], [ -105.037579125061995, 39.769487745728 ], [ -105.038155593843001, 39.769463242730602 ], [ -105.038740890903, 39.769448379600703 ], [ -105.039337752880996, 39.769433216297799 ], [ -105.039918425452996, 39.769445438306903 ], [ -105.040499101253999, 39.769457314894503 ], [ -105.041086112306999, 39.769452398215599 ], [ -105.041674903835002, 39.769447142370602 ], [ -105.042264759939002, 39.769415122208997 ], [ -105.042309244501993, 39.769412549996197 ], [ -105.042856395860994, 39.769382762683101 ], [ -105.043432765315004, 39.769372989135 ], [ -105.044012694120994, 39.7693628829795 ], [ -105.045149172698004, 39.769382035573003 ], [ -105.045717477657007, 39.769381484403603 ], [ -105.046285780709994, 39.769381273855601 ], [ -105.047442046957002, 39.769366164998203 ], [ -105.047973010503995, 39.769363743679499 ], [ -105.048598251102007, 39.769360652440298 ], [ -105.048808992725995, 39.769366264773097 ], [ -105.049760616127998, 39.769365103705603 ], [ -105.050336064077996, 39.7693600972868 ], [ -105.050916850844004, 39.769354764698697 ], [ -105.051494999257002, 39.7693446152986 ], [ -105.052079373257996, 39.769334486596897 ], [ -105.052655679718995, 39.769334275551103 ], [ -105.053240880146006, 39.769334096189702 ], [ -105.053242804803006, 39.776568109557701 ], [ -105.053243744796006, 39.7836716601443 ], [ -105.053234469242, 39.783674536921801 ], [ -105.052970516963995, 39.783749038701302 ], [ -105.052613767406996, 39.783884969612103 ], [ -105.052386048556997, 39.783992985802399 ], [ -105.051742756758003, 39.7843195507931 ], [ -105.050917829986005, 39.784742466294603 ], [ -105.050708725966999, 39.784817412507998 ], [ -105.050315181477004, 39.784948461875899 ], [ -105.049842082533999, 39.785046067758202 ], [ -105.049697492963006, 39.785069739902298 ], [ -105.049418251269998, 39.785115456426396 ], [ -105.048862727322998, 39.785148834576901 ], [ -105.048537587170003, 39.7851381203523 ], [ -105.048249353767005, 39.785113344650497 ], [ -105.047985786056998, 39.785069727595904 ], [ -105.047709947097999, 39.7850260626143 ], [ -105.047403765591994, 39.784930206105301 ], [ -105.047091510363003, 39.784824857763397 ], [ -105.046816040229999, 39.7847243841262 ], [ -105.046485746561004, 39.7845621569626 ], [ -105.046097241515994, 39.784387868947299 ], [ -105.045253172507003, 39.783972755390799 ], [ -105.044745011266002, 39.783800368131999 ], [ -105.044236451898001, 39.783689518882099 ], [ -105.044034187831997, 39.7836555980737 ], [ -105.043785890733005, 39.783623865025199 ], [ -105.043540615620998, 39.783599244587798 ], [ -105.043307519663003, 39.783588872665298 ], [ -105.041009672908999, 39.7835823047592 ], [ -105.038282169669998, 39.783597678279001 ], [ -105.037214552673007, 39.783593487055498 ], [ -105.036625585037001, 39.783581702276798 ], [ -105.036269712415006, 39.783580301269602 ], [ -105.035561334128005, 39.783532536816899 ], [ -105.034549474339997, 39.783448063223297 ], [ -105.033751988180001, 39.783421238220299 ], [ -105.033377804531995, 39.783405554314598 ], [ -105.033132407194998, 39.783399847255602 ], [ -105.032846892452, 39.783429486152599 ], [ -105.032656590357007, 39.783442932588997 ], [ -105.032441682118005, 39.783465749497303 ], [ -105.032110005923002, 39.783516505720399 ], [ -105.031702539652002, 39.783584824358897 ], [ -105.030055242577006, 39.7838610053686 ], [ -105.028090002227998, 39.784129648900702 ], [ -105.027313028346001, 39.784235849688002 ], [ -105.026594694506002, 39.784299239771599 ], [ -105.026017674222004, 39.784334790551902 ], [ -105.025655438296994, 39.784366470030598 ], [ -105.025373096113995, 39.7843795341443 ], [ -105.025335730649005, 39.784380609912297 ], [ -105.025192461689002, 39.784384739504198 ] ] ] } },
{ "type": "Feature", "properties": { "nbhd_id": 77, "neighborhood": "Whittier", "council_district": 9, "population": 4352, "per_capita_income": 73734, "pct_poverty": 17.593880389429764, "pct_renters": 44.678856071261137, "field_requests": 5625, "field_requests_2025": 624, "field_requests_per_1k_per_year": 184.64417016806723, "top_category": "Solid Waste", "share_open_in_file": 0.075022222222222226, "wait_index": 0.49902675571462246, "ranked_requests": 1317, "p50_days": 2.9680902777777778 }, "geometry": { "type": "Polygon", "coordinates": [ [ [ -104.959766530048, 39.750717550122097 ], [ -104.960378263370998, 39.750715895777397 ], [ -104.960995330941998, 39.750714262331996 ], [ -104.961610572839007, 39.750718794206897 ], [ -104.962226707110005, 39.750722983968203 ], [ -104.962838439904999, 39.750721316432298 ], [ -104.963451951411997, 39.750719653876203 ], [ -104.964093011406007, 39.750719829494898 ], [ -104.964710066283004, 39.750719892241698 ], [ -104.965329811681997, 39.750716875849697 ], [ -104.965942444465995, 39.750713823718399 ], [ -104.966566614266995, 39.750713566293797 ], [ -104.967178333644, 39.7507135919166 ], [ -104.967807814994998, 39.750716440082599 ], [ -104.968425737852996, 39.750719232675799 ], [ -104.969035682500007, 39.750718897453403 ], [ -104.969650069419004, 39.750718922514402 ], [ -104.970272427395997, 39.750723098148598 ], [ -104.970877892754004, 39.750727194194504 ], [ -104.971500291997003, 39.750725873017899 ], [ -104.972113803335006, 39.750724165459502 ], [ -104.972733525231007, 39.750724198152199 ], [ -104.973357695359994, 39.750723904461999 ], [ -104.973363359537998, 39.751982287668099 ], [ -104.973364687062002, 39.753226238037499 ], [ -104.973359202677003, 39.754548397673602 ], [ -104.973360774957996, 39.754931024307503 ], [ -104.973361190117998, 39.7551125561695 ], [ -104.973367671701993, 39.755315047911097 ], [ -104.973360919412002, 39.755740531749503 ], [ -104.973361473351005, 39.756377090134002 ], [ -104.973363130443005, 39.756985171233701 ], [ -104.973354898718, 39.757726009281797 ], [ -104.973349251691005, 39.758241061594397 ], [ -104.973324616116997, 39.759508227980803 ], [ -104.973337317626999, 39.760421766669602 ], [ -104.973341897515994, 39.760759109575702 ], [ -104.973350509764003, 39.761151717709197 ], [ -104.973343124397005, 39.7617796610458 ], [ -104.973340221548995, 39.762047652867999 ], [ -104.972887840539002, 39.762013371228903 ], [ -104.972712682758001, 39.762009498220699 ], [ -104.972115979018, 39.762009912268802 ], [ -104.971489971615, 39.762004700994098 ], [ -104.970879967903997, 39.761999901653503 ], [ -104.968419384334993, 39.761996021458501 ], [ -104.967809331417996, 39.761997726436 ], [ -104.967179715143004, 39.761999338846202 ], [ -104.966573252996994, 39.761996592109597 ], [ -104.965955231083001, 39.761993789802901 ], [ -104.965340742489005, 39.7619940886146 ], [ -104.964719142020002, 39.761994008954801 ], [ -104.964104656104993, 39.761993958403004 ], [ -104.963449262406002, 39.7619940609056 ], [ -104.962833918754001, 39.761989881822899 ], [ -104.962217685758006, 39.761985695660698 ], [ -104.961593404726997, 39.761987302615999 ], [ -104.960981576245004, 39.761988620461203 ], [ -104.960365298409002, 39.761990257752302 ], [ -104.959752576190994, 39.761991908487197 ], [ -104.959758608570993, 39.760747651189597 ], [ -104.959753284643, 39.7594765751954 ], [ -104.959762892819001, 39.758229587945699 ], [ -104.959765414152997, 39.756979136293801 ], [ -104.959759019342997, 39.755731731055803 ], [ -104.959758089645007, 39.7544675360515 ], [ -104.959770438139998, 39.753210951054299 ], [ -104.959768484026, 39.7519642509519 ], [ -104.959766530048, 39.750717550122097 ] ] ] } },
{ "type": "Feature", "properties": { "nbhd_id": 5, "neighborhood": "Barnum West", "council_district": 3, "population": 5147, "per_capita_income": 35217, "pct_poverty": 6.5344224037339558, "pct_renters": 23.168831168831169, "field_requests": 5082, "field_requests_2025": 526, "field_requests_per_1k_per_year": 141.05304060617834, "top_category": "Solid Waste", "share_open_in_file": 0.085792994883903975, "wait_index": 0.49872215578008039, "ranked_requests": 1016, "p50_days": 3.0157638888888889 }, "geometry": { "type": "Polygon", "coordinates": [ [ [ -105.039454241716996, 39.725708284709199 ], [ -105.039454676844997, 39.7256420072815 ], [ -105.039455626873007, 39.725497301266003 ], [ -105.039455654955006, 39.724545377248397 ], [ -105.039450130754005, 39.722950007465002 ], [ -105.039717628442006, 39.7229534563998 ], [ -105.039715828862001, 39.721331334113401 ], [ -105.039701411839005, 39.719735927511202 ], [ -105.039702055768998, 39.718147785705099 ], [ -105.039681322090999, 39.716567108702698 ], [ -105.039700724998994, 39.7149642823221 ], [ -105.039686275597006, 39.713374019398998 ], [ -105.039694055799998, 39.711781783886501 ], [ -105.039697539228001, 39.711250928757998 ], [ -105.040877619151004, 39.711252794532001 ], [ -105.042075399896007, 39.711265699400002 ], [ -105.043259035234001, 39.711267556276901 ], [ -105.045010447045996, 39.711277775644497 ], [ -105.046087419266996, 39.7112839959686 ], [ -105.047040889421993, 39.711287671576002 ], [ -105.048500809814001, 39.711301520244803 ], [ -105.050031641480004, 39.711343350942201 ], [ -105.050871462573994, 39.711332215129801 ], [ -105.051045611442007, 39.711335625592497 ], [ -105.052052416305997, 39.711336718503297 ], [ -105.053250235679997, 39.711344019707298 ], [ -105.053264436518006, 39.711344370599399 ], [ -105.053264440115996, 39.711346132376498 ], [ -105.053280447286994, 39.7186019734525 ], [ -105.053254027351002, 39.725800883629603 ], [ -105.051420255516007, 39.725808764039101 ], [ -105.048897842592993, 39.7258149415972 ], [ -105.048745331559005, 39.725815313481299 ], [ -105.048154437777995, 39.725792910689798 ], [ -105.047741806256994, 39.7257577677413 ], [ -105.047411637470006, 39.725739718778897 ], [ -105.047144416630005, 39.725731979267103 ], [ -105.043194125024996, 39.725716707552799 ], [ -105.039795086648994, 39.725709057048398 ], [ -105.039454241716996, 39.725708284709199 ] ] ] } },
{ "type": "Feature", "properties": { "nbhd_id": 37, "neighborhood": "Hilltop", "council_district": 5, "population": 9475, "per_capita_income": 257812, "pct_poverty": 2.0242047766948699, "pct_renters": 25.710594315245476, "field_requests": 8207, "field_requests_2025": 924, "field_requests_per_1k_per_year": 123.73916321145872, "top_category": "Streets & Traffic", "share_open_in_file": 0.060679907396125256, "wait_index": 0.49868311776040386, "ranked_requests": 2309, "p50_days": 2.7553472222222219 }, "geometry": { "type": "Polygon", "coordinates": [ [ [ -104.910236800857007, 39.711201983283999 ], [ -104.911124434298003, 39.711205408136401 ], [ -104.911812684265996, 39.711202643700403 ], [ -104.912791852740995, 39.711211755742198 ], [ -104.912918209828007, 39.711212930820203 ], [ -104.914125689800997, 39.711207724108299 ], [ -104.915284127947999, 39.711186399138199 ], [ -104.916455650521996, 39.711196498618001 ], [ -104.917622530871995, 39.711198547913597 ], [ -104.918786635578996, 39.7111909441685 ], [ -104.919952119895001, 39.711196762289397 ], [ -104.921121768697006, 39.711198992778201 ], [ -104.922285899032005, 39.7112149344184 ], [ -104.923454572877006, 39.711200199582798 ], [ -104.924624551980997, 39.711175188225099 ], [ -104.925802914235007, 39.711180967000999 ], [ -104.926978325220006, 39.711179840812697 ], [ -104.928148488695001, 39.711182126041599 ], [ -104.929319405800001, 39.711187806289303 ], [ -104.931565521267999, 39.7112092614639 ], [ -104.931673749135001, 39.711094981736103 ], [ -104.940686363142007, 39.711076070713901 ], [ -104.940704692327998, 39.711563793391299 ], [ -104.940684770231996, 39.713059545237698 ], [ -104.940695236135994, 39.714645007111599 ], [ -104.940697796078993, 39.715064929449298 ], [ -104.940704863636, 39.716224286696502 ], [ -104.940707945236994, 39.717456609552002 ], [ -104.940708788235995, 39.717793730181498 ], [ -104.940708512935004, 39.7183500309335 ], [ -104.940707994079006, 39.719398895401497 ], [ -104.940702645734007, 39.720961629503002 ], [ -104.940700736606004, 39.722538791908498 ], [ -104.940702963147999, 39.723151346028203 ], [ -104.940694416978005, 39.724111814444498 ], [ -104.940696119473003, 39.724344142909104 ], [ -104.940688521750005, 39.725297065880099 ], [ -104.940691440635007, 39.7255997479797 ], [ -104.939471325686, 39.725606210079299 ], [ -104.938311859229998, 39.725604327311402 ], [ -104.937156076221001, 39.725610600666897 ], [ -104.936017385612004, 39.725608920548602 ], [ -104.934927336583996, 39.7256123746578 ], [ -104.933817518794001, 39.725615747772103 ], [ -104.932715133873998, 39.725613741611298 ], [ -104.931618924785994, 39.7256171590032 ], [ -104.930521663247006, 39.7256163983186 ], [ -104.929413468823995, 39.725621452740903 ], [ -104.928312508225005, 39.725621255055003 ], [ -104.927210775890998, 39.725623681945997 ], [ -104.926104937190999, 39.7256260784388 ], [ -104.925001156009003, 39.725627551401701 ], [ -104.923901971701, 39.725627642421799 ], [ -104.922798781186998, 39.725632079532801 ], [ -104.921662013081999, 39.7256363659844 ], [ -104.920562536426999, 39.725634339695098 ], [ -104.919461213193003, 39.725634058045799 ], [ -104.918357417986996, 39.725635153133197 ], [ -104.917256857720005, 39.725635969176899 ], [ -104.916154697897994, 39.725637027809903 ], [ -104.915049018711997, 39.7256377132816 ], [ -104.913952113006999, 39.725638853889599 ], [ -104.912793747142004, 39.725639431406698 ], [ -104.912451130774997, 39.725640635899097 ], [ -104.911636656995, 39.725639528776803 ], [ -104.910499229455993, 39.725640086584903 ], [ -104.909360322981996, 39.725640893017498 ], [ -104.908154814881996, 39.725640380364297 ], [ -104.906943013618005, 39.725642514470699 ], [ -104.905802984147002, 39.725643395433302 ], [ -104.904627411415007, 39.725643354254998 ], [ -104.904364232939997, 39.725643054355899 ], [ -104.903407530045996, 39.725641959782898 ], [ -104.903493838874994, 39.725254727824101 ], [ -104.903510703307006, 39.725039980613097 ], [ -104.903519999565006, 39.724831001570998 ], [ -104.903528929062006, 39.723275102116602 ], [ -104.903534036598003, 39.722385127450998 ], [ -104.903536627419001, 39.721995612145399 ], [ -104.903734720044994, 39.721995684469803 ], [ -104.904772727582994, 39.722002391202601 ], [ -104.905789790528004, 39.722004570924497 ], [ -104.906007500564002, 39.722009101737299 ], [ -104.906521604629006, 39.722008459445803 ], [ -104.906660751689998, 39.722008280448897 ], [ -104.906865168321005, 39.722008281582703 ], [ -104.907944141940007, 39.722007196584698 ], [ -104.908145003526997, 39.722007177854103 ], [ -104.908146121008002, 39.721874722894 ], [ -104.908146847726002, 39.721683241398601 ], [ -104.908148309702995, 39.721509951999003 ], [ -104.908157866986002, 39.720061030080501 ], [ -104.908164978643995, 39.718796648093203 ], [ -104.908165511324, 39.718628157615299 ], [ -104.908166915297002, 39.718461730796101 ], [ -104.908169465533007, 39.718370119279399 ], [ -104.908222789768999, 39.718370044214502 ], [ -104.908276113680998, 39.7183699690735 ], [ -104.908329437394002, 39.718369894359 ], [ -104.908356097804997, 39.718370028450401 ], [ -104.908382758475, 39.718370162536999 ], [ -104.908777141654994, 39.718366015908401 ], [ -104.909729114960996, 39.718362559902197 ], [ -104.910691626989006, 39.718362994740303 ], [ -104.911643452793001, 39.718362496000701 ], [ -104.912781294401995, 39.718363873890297 ], [ -104.912695047449006, 39.718280217344898 ], [ -104.912697438742001, 39.716250850244499 ], [ -104.912699153925004, 39.714795268622403 ], [ -104.910146662208007, 39.714801047216703 ], [ -104.907431913120007, 39.714783487625198 ], [ -104.907454441070001, 39.714754782518398 ], [ -104.907460422889997, 39.714747160633003 ], [ -104.907687465756993, 39.714457869889401 ], [ -104.908765085808, 39.713084776138103 ], [ -104.909096556926997, 39.712662401271302 ], [ -104.909977513352004, 39.711539791507697 ], [ -104.910097472819004, 39.711383787357803 ], [ -104.910236800857007, 39.711201983283999 ] ] ] } },
{ "type": "Feature", "properties": { "nbhd_id": 26, "neighborhood": "Five Points", "council_district": 9, "population": 22761, "per_capita_income": 418610, "pct_poverty": 15.680014190058088, "pct_renters": 81.06919176856546, "field_requests": 26994, "field_requests_2025": 4262, "field_requests_per_1k_per_year": 169.42514451411247, "top_category": "Neighborhood Inspection", "share_open_in_file": 0.044157961028376679, "wait_index": 0.49840062992499246, "ranked_requests": 6164, "p50_days": 1.9395081018518521 }, "geometry": { "type": "Polygon", "coordinates": [ [ [ -104.971915695061995, 39.770301020056699 ], [ -104.973347056101005, 39.769188062332503 ], [ -104.973343187107005, 39.768164070250798 ], [ -104.973337902783001, 39.767920406442698 ], [ -104.973346066285004, 39.767188836033803 ], [ -104.973348559461002, 39.766975404710401 ], [ -104.973352176023994, 39.7664939740094 ], [ -104.973328760472995, 39.766059434455897 ], [ -104.973322360170997, 39.765845963252197 ], [ -104.973319406304995, 39.765765651757803 ], [ -104.973328503540003, 39.765146639875297 ], [ -104.973340378437001, 39.764512884571801 ], [ -104.973335556265994, 39.764207797456301 ], [ -104.973330660987003, 39.7637939300959 ], [ -104.973336473570996, 39.763256917334999 ], [ -104.973344513388, 39.762423427626501 ], [ -104.973340221548995, 39.762047652867999 ], [ -104.973343124397005, 39.7617796610458 ], [ -104.973350509764003, 39.761151717709197 ], [ -104.973341897515994, 39.760759109575702 ], [ -104.973337317626999, 39.760421766669602 ], [ -104.973324616116997, 39.759508227980803 ], [ -104.973349251691005, 39.758241061594397 ], [ -104.973354898718, 39.757726009281797 ], [ -104.973363130443005, 39.756985171233701 ], [ -104.973361473351005, 39.756377090134002 ], [ -104.973360919412002, 39.755740531749503 ], [ -104.973367671701993, 39.755315047911097 ], [ -104.973361190117998, 39.7551125561695 ], [ -104.973360774957996, 39.754931024307503 ], [ -104.973359202677003, 39.754548397673602 ], [ -104.973364687062002, 39.753226238037499 ], [ -104.973363359537998, 39.751982287668099 ], [ -104.973357695359994, 39.750723904461999 ], [ -104.973359056074997, 39.749477219613702 ], [ -104.973356770264999, 39.748360917638102 ], [ -104.973334341687007, 39.748119125098697 ], [ -104.973335064284001, 39.747529103641 ], [ -104.973338951912993, 39.746964102122298 ], [ -104.973365886318007, 39.745943249588102 ], [ -104.973384908124004, 39.745087317211599 ], [ -104.973390360207006, 39.7448351204009 ], [ -104.973383172756002, 39.743779533782799 ], [ -104.973980769166005, 39.744232086822102 ], [ -104.974777280235003, 39.744835484814899 ], [ -104.976141770740995, 39.745908486186302 ], [ -104.976486674569998, 39.746179701714503 ], [ -104.976993304865999, 39.746555996728702 ], [ -104.977544156362001, 39.746964399134001 ], [ -104.978177634980995, 39.747500820088398 ], [ -104.978206051737999, 39.747505407016298 ], [ -104.978364135068006, 39.747528756299097 ], [ -104.978721536316002, 39.747530339922399 ], [ -104.979885313327003, 39.747535489026397 ], [ -104.981074832209998, 39.7475462308876 ], [ -104.981687393222998, 39.747548930334098 ], [ -104.982310622951999, 39.747551673523198 ], [ -104.982948098058998, 39.747551730446098 ], [ -104.983123861139006, 39.747551750937497 ], [ -104.983590018426995, 39.747551803773298 ], [ -104.983936710769996, 39.747558815321803 ], [ -104.984217665950993, 39.747558330876302 ], [ -104.984760331914998, 39.747547990564001 ], [ -104.984851652271004, 39.747549172595903 ], [ -104.984938785924001, 39.747545768307603 ], [ -104.985091068569005, 39.747548272116198 ], [ -104.985218626543997, 39.7475558248453 ], [ -104.985376371059004, 39.747565840805699 ], [ -104.985479753424002, 39.7475769778966 ], [ -104.985574129951999, 39.7475968682567 ], [ -104.985675993507996, 39.747527652146999 ], [ -104.986105428580004, 39.7475267831338 ], [ -104.987201831828003, 39.747523475852198 ], [ -104.987307427565995, 39.747421416239803 ], [ -104.987400279880006, 39.747358465167999 ], [ -104.987398472029994, 39.748213933010199 ], [ -104.987396921799004, 39.748912594565397 ], [ -104.987525738607005, 39.7490483597403 ], [ -104.988226867915003, 39.749587079234303 ], [ -104.988670733982005, 39.749925645506302 ], [ -104.989101339941996, 39.750254201211597 ], [ -104.989975676103001, 39.750942248525199 ], [ -104.990830758176998, 39.751590399738802 ], [ -104.991690824998003, 39.752289010152097 ], [ -104.992143693171002, 39.752616964110999 ], [ -104.992597448943997, 39.752945606243998 ], [ -104.992992432934997, 39.753287033383799 ], [ -104.993418351848007, 39.753654672641403 ], [ -104.993827678442997, 39.753981059667097 ], [ -104.994272374385005, 39.754335393058199 ], [ -104.994701297971005, 39.754658086315899 ], [ -104.995147916449994, 39.754993550949699 ], [ -104.996118952421995, 39.755728978181303 ], [ -104.997019222015993, 39.756469661337697 ], [ -104.997377530666995, 39.7567644475048 ], [ -104.998574674099004, 39.757749330974903 ], [ -104.999547640586997, 39.758473755867001 ], [ -104.999830776617998, 39.758672274055698 ], [ -105.000104374849002, 39.758836778656502 ], [ -105.000825549723004, 39.759210104080402 ], [ -105.001330647518003, 39.759458287853697 ], [ -105.001778196670003, 39.759671566884499 ], [ -105.001893606772001, 39.7597612722438 ], [ -105.003168867382996, 39.760406040237299 ], [ -105.003019847391997, 39.760511370150198 ], [ -105.002967977999006, 39.760552673202398 ], [ -105.002882186693, 39.7606123628766 ], [ -105.002837562451006, 39.760635165863299 ], [ -105.002785865635005, 39.760652105463301 ], [ -105.002648703513998, 39.760682753007302 ], [ -105.002518713171995, 39.760705194944897 ], [ -105.002462570188996, 39.760722115661899 ], [ -105.002269990786004, 39.760792677728702 ], [ -105.002136158458995, 39.760855252015098 ], [ -105.001976521215994, 39.760920119837003 ], [ -105.001857018086, 39.7609683421068 ], [ -105.001726905480993, 39.761007940815603 ], [ -105.001620036630996, 39.761030136511998 ], [ -105.001482084147, 39.761046710099997 ], [ -105.001353104185, 39.761051997671899 ], [ -105.001208159699004, 39.761051383558197 ], [ -105.001030171772996, 39.761070532145403 ], [ -105.000848482834002, 39.761109910838897 ], [ -105.000462570587004, 39.761231123284901 ], [ -105.000023906088998, 39.7613922598253 ], [ -104.999811633731994, 39.761480235104997 ], [ -104.999596615401998, 39.761579179470097 ], [ -104.999451157571997, 39.761650280610603 ], [ -104.999332460339005, 39.761709827757997 ], [ -104.999198484185996, 39.761791958512298 ], [ -104.999042212123996, 39.7618829160782 ], [ -104.998971697125, 39.7619196766559 ], [ -104.998826299797003, 39.7619821983997 ], [ -104.998752289020004, 39.762010365083 ], [ -104.998707514933997, 39.762023644086597 ], [ -104.998666737446996, 39.762035737181897 ], [ -104.998558955202995, 39.762061014920697 ], [ -104.998440543461001, 39.762080413576001 ], [ -104.998314126178002, 39.7621001209151 ], [ -104.998246599333996, 39.762119586280903 ], [ -104.998128775694994, 39.762153549256801 ], [ -104.997909591326007, 39.762212666939099 ], [ -104.997813287631999, 39.762249317019702 ], [ -104.997705196937005, 39.762317486651199 ], [ -104.997608767591004, 39.762371636957297 ], [ -104.997485704526994, 39.762419496569699 ], [ -104.99734135864, 39.762459029316801 ], [ -104.997270095648005, 39.762475882738897 ], [ -104.997136605129, 39.762489725113397 ], [ -104.997046580854999, 39.762492064400597 ], [ -104.996955158668001, 39.762494440002001 ], [ -104.996777164039997, 39.762513925262901 ], [ -104.996599048258005, 39.762550224771402 ], [ -104.996387761177004, 39.7626237857653 ], [ -104.996209440263002, 39.762688565424497 ], [ -104.995990015792998, 39.7627806211744 ], [ -104.995670676253994, 39.762916515506603 ], [ -104.995506517769002, 39.762990276576303 ], [ -104.995420798881, 39.763038637498397 ], [ -104.995324339348997, 39.7630965604042 ], [ -104.995175092503999, 39.763198867156603 ], [ -104.994672547139999, 39.763582760589898 ], [ -104.994187430474994, 39.764015454601299 ], [ -104.994053112065998, 39.764143560529597 ], [ -104.993930476442998, 39.764254558729 ], [ -104.993799919953005, 39.764354198528899 ], [ -104.993628292124995, 39.764476309977603 ], [ -104.993382336674003, 39.764669821049203 ], [ -104.993199768088999, 39.7648289453007 ], [ -104.993087926133995, 39.764922831530697 ], [ -104.992957428725006, 39.765013891764099 ], [ -104.992816281971997, 39.765101817612901 ], [ -104.992529558205007, 39.765275247890898 ], [ -104.992392101807994, 39.765344659003098 ], [ -104.992143121447995, 39.765463689550501 ], [ -104.991971799359007, 39.765542905121301 ], [ -104.991786287593996, 39.765616569269199 ], [ -104.991652563855993, 39.765661631207898 ], [ -104.991377151148001, 39.765746230652297 ], [ -104.990976253585004, 39.765843326522599 ], [ -104.990850636424994, 39.765874010246499 ], [ -104.990727767519999, 39.7658937245955 ], [ -104.990620090386997, 39.765903210572603 ], [ -104.989618806524007, 39.766013143908701 ], [ -104.989414970688003, 39.766037996432701 ], [ -104.989103217895007, 39.766105275195997 ], [ -104.988851024905003, 39.766175899922501 ], [ -104.988717360448007, 39.766212380318699 ], [ -104.987633655682004, 39.766515670762601 ], [ -104.987540156215999, 39.766541837485498 ], [ -104.986552696366999, 39.766826471158403 ], [ -104.985442003404998, 39.767178845737803 ], [ -104.985330597974993, 39.767211301811301 ], [ -104.984605174221002, 39.767536870319397 ], [ -104.984438115681996, 39.767639085413997 ], [ -104.984355793944999, 39.767707355796396 ], [ -104.984207009158993, 39.7678642121612 ], [ -104.984105655437006, 39.767980783723701 ], [ -104.984022994615003, 39.768095035471603 ], [ -104.983887808263006, 39.768337396357801 ], [ -104.983752704427999, 39.768568433386498 ], [ -104.983539236921999, 39.768933643332801 ], [ -104.983411435199002, 39.769138975572503 ], [ -104.983319727481003, 39.769275607079102 ], [ -104.983262161902005, 39.769361371191103 ], [ -104.983160677952995, 39.769495099195197 ], [ -104.982835804082995, 39.769891388524201 ], [ -104.982416714319996, 39.770399817779797 ], [ -104.982222035516003, 39.770627845994497 ], [ -104.981714179961003, 39.7712319656086 ], [ -104.981583171416005, 39.771388553442698 ], [ -104.981253772176004, 39.771793054409002 ], [ -104.981096650203, 39.771992764212499 ], [ -104.980483543340995, 39.7727549512731 ], [ -104.980378427884006, 39.7728972398316 ], [ -104.980176322635003, 39.773165380414703 ], [ -104.980108865413001, 39.773266656234597 ], [ -104.979951759721004, 39.773463276201703 ], [ -104.979846662558998, 39.773602818910497 ], [ -104.979772153135997, 39.773695484515798 ], [ -104.979678765035004, 39.773815175727002 ], [ -104.979604245234995, 39.7739092137626 ], [ -104.979428459076999, 39.774105750222702 ], [ -104.979241173285999, 39.774293656895999 ], [ -104.979166769412004, 39.774371909793999 ], [ -104.979066412231006, 39.774471666843901 ], [ -104.978939076713004, 39.7746111105035 ], [ -104.978852949460006, 39.774710930142803 ], [ -104.978725505976996, 39.774864785404397 ], [ -104.978609667491995, 39.775012858293799 ], [ -104.978523444892005, 39.7751253738179 ], [ -104.978414635684004, 39.775305887362201 ], [ -104.978302399377, 39.775187878178897 ], [ -104.978046077979002, 39.774970898268201 ], [ -104.977180304038001, 39.774302710388604 ], [ -104.976300342843004, 39.773631020769002 ], [ -104.975859926515994, 39.773294828614802 ], [ -104.975425709063998, 39.772962779938197 ], [ -104.974985275365995, 39.772630015734698 ], [ -104.974550148266999, 39.772301734648799 ], [ -104.973680130698, 39.771615313579296 ], [ -104.972810022108007, 39.770943298217098 ], [ -104.972366834203996, 39.770625267039598 ], [ -104.971915695061995, 39.770301020056699 ] ] ] } },
{ "type": "Feature", "properties": { "nbhd_id": 15, "neighborhood": "City Park West", "council_district": 9, "population": 6033, "per_capita_income": 122672, "pct_poverty": 16.288975975464304, "pct_renters": 70.413511939429242, "field_requests": 8770, "field_requests_2025": 1306, "field_requests_per_1k_per_year": 207.66735336601076, "top_category": "Streets & Traffic", "share_open_in_file": 0.044469783352337512, "wait_index": 0.4983297367653326, "ranked_requests": 1913, "p50_days": 2.8041666666666667 }, "geometry": { "type": "Polygon", "coordinates": [ [ [ -104.959781605420005, 39.739989116066802 ], [ -104.960402124872004, 39.739988875164201 ], [ -104.961013751416999, 39.739988933082401 ], [ -104.961632468755994, 39.739991765426701 ], [ -104.962237850967, 39.739994533576898 ], [ -104.962851258336002, 39.739994246855403 ], [ -104.963466440247998, 39.739994307802903 ], [ -104.964124271857003, 39.739997305381898 ], [ -104.964766102034005, 39.7400002265016 ], [ -104.965381263332006, 39.7400030229593 ], [ -104.965990202013998, 39.740005787961998 ], [ -104.966605358188005, 39.740009264500699 ], [ -104.967232068792001, 39.740013133113102 ], [ -104.967848145280001, 39.7400124893014 ], [ -104.968461560064995, 39.740011143737298 ], [ -104.969688252629993, 39.740026630208597 ], [ -104.970140755013006, 39.7400259234076 ], [ -104.970311443352003, 39.740025662434903 ], [ -104.970787947842993, 39.740025061185399 ], [ -104.971290219202999, 39.7400262897647 ], [ -104.971876947523, 39.7400272085249 ], [ -104.972136532023001, 39.740027343843899 ], [ -104.972755205964006, 39.740035951258299 ], [ -104.972991654629993, 39.740039069163203 ], [ -104.973412216403005, 39.740029970892699 ], [ -104.973392020901997, 39.741654050283003 ], [ -104.973388730365002, 39.742684197153899 ], [ -104.973387156355003, 39.743249028693597 ], [ -104.973383172756002, 39.743779533782799 ], [ -104.973390360207006, 39.7448351204009 ], [ -104.973384908124004, 39.745087317211599 ], [ -104.973365886318007, 39.745943249588102 ], [ -104.973338951912993, 39.746964102122298 ], [ -104.973335064284001, 39.747529103641 ], [ -104.973334341687007, 39.748119125098697 ], [ -104.973356768382004, 39.748360917428897 ], [ -104.973359056074997, 39.749477219613702 ], [ -104.973357695359994, 39.750723904461999 ], [ -104.972733525231007, 39.750724198152199 ], [ -104.972113803335006, 39.750724165459502 ], [ -104.971500291997003, 39.750725873017899 ], [ -104.970877892754004, 39.750727194194504 ], [ -104.970272427395997, 39.750723098148598 ], [ -104.969650069419004, 39.750718922514402 ], [ -104.969035682500007, 39.750718897453403 ], [ -104.968425737852996, 39.750719232675799 ], [ -104.967807814994998, 39.750716440082599 ], [ -104.967178333644, 39.7507135919166 ], [ -104.966566614266995, 39.750713566293797 ], [ -104.965942444465995, 39.750713823718399 ], [ -104.965329811681997, 39.750716875849697 ], [ -104.964710066283004, 39.750719892241698 ], [ -104.964093011406007, 39.750719829494898 ], [ -104.963451951411997, 39.750719653876203 ], [ -104.962838439904999, 39.750721316432298 ], [ -104.962226707110005, 39.750722983968203 ], [ -104.961610572839007, 39.750718794206897 ], [ -104.960995330941998, 39.750714262331996 ], [ -104.960378263370998, 39.750715895777397 ], [ -104.959766530048, 39.750717550122097 ], [ -104.959761133233997, 39.749456077813697 ], [ -104.959767250061006, 39.748200490753099 ], [ -104.959784100855998, 39.746936373836903 ], [ -104.959790138596006, 39.744767641114301 ], [ -104.959783083735005, 39.7432597702404 ], [ -104.959777057460997, 39.741618414209 ], [ -104.959781605420005, 39.739989116066802 ] ] ] } },
{ "type": "Feature", "properties": { "nbhd_id": 6, "neighborhood": "Bear Valley", "council_district": 2, "population": 8094, "per_capita_income": 95379, "pct_poverty": 5.2677136144429326, "pct_renters": 36.121570736955348, "field_requests": 4624, "field_requests_2025": 586, "field_requests_per_1k_per_year": 81.61248190899785, "top_category": "Neighborhood Inspection", "share_open_in_file": 0.080233564013840825, "wait_index": 0.49760698126175135, "ranked_requests": 946, "p50_days": 2.5091840277777777 }, "geometry": { "type": "Polygon", "coordinates": [ [ [ -105.053233463281998, 39.6677845172076 ], [ -105.053251446933999, 39.666384134749897 ], [ -105.053249768705996, 39.6655668359072 ], [ -105.053250105488004, 39.664727385025898 ], [ -105.053242303622994, 39.6625740149058 ], [ -105.053233936290994, 39.659640656620297 ], [ -105.053226830347995, 39.6579110925111 ], [ -105.053221028264005, 39.657173264651597 ], [ -105.053216345156002, 39.656164826838697 ], [ -105.053182398516995, 39.653900139448297 ], [ -105.053189925317994, 39.6537514754285 ], [ -105.053210414709994, 39.653346718959199 ], [ -105.053218639090005, 39.653184217721098 ], [ -105.053783366760001, 39.653186363247698 ], [ -105.057056794773004, 39.653166519620598 ], [ -105.057057552741, 39.652946023575801 ], [ -105.057060270818994, 39.652847566545503 ], [ -105.057879786011995, 39.652847907122002 ], [ -105.058060030687002, 39.652847212419701 ], [ -105.058041245219997, 39.6514586853162 ], [ -105.058217038623994, 39.651459346288298 ], [ -105.058223675958999, 39.651251068311701 ], [ -105.061981240186, 39.651231159899297 ], [ -105.061979624176999, 39.651490245512001 ], [ -105.062585122551994, 39.6514945599111 ], [ -105.062598884473005, 39.650282885604703 ], [ -105.063883556668003, 39.650290748509498 ], [ -105.063895677150001, 39.649625734232799 ], [ -105.070816471620006, 39.649616210205799 ], [ -105.070821170971001, 39.650009497600003 ], [ -105.069905849695004, 39.650001347072397 ], [ -105.069690801460993, 39.650466924644903 ], [ -105.069152908085997, 39.6511667316257 ], [ -105.069116541426993, 39.651305581267103 ], [ -105.068187667814996, 39.652199212003701 ], [ -105.068040283952001, 39.6521986703777 ], [ -105.068040235873994, 39.652495166859403 ], [ -105.067513703757001, 39.652498377965998 ], [ -105.067518867320999, 39.6532458154851 ], [ -105.067254273841002, 39.653246214340001 ], [ -105.067260840494001, 39.655062279883602 ], [ -105.067268295188001, 39.656878347569197 ], [ -105.070155884171996, 39.656874187605901 ], [ -105.070157735286998, 39.657442135674501 ], [ -105.070112651753007, 39.6579893218493 ], [ -105.070057984534998, 39.659086568987099 ], [ -105.071971052210998, 39.659604183245499 ], [ -105.071972937742004, 39.660023196701701 ], [ -105.076671820586995, 39.6593326053571 ], [ -105.076673676628999, 39.659908445307302 ], [ -105.078265484607996, 39.660702077811699 ], [ -105.078915825758997, 39.661534185592998 ], [ -105.079215885397005, 39.6619923575035 ], [ -105.081378183976, 39.661988754126298 ], [ -105.081388347152995, 39.6677313266296 ], [ -105.081398768062002, 39.670154110960603 ], [ -105.080968873087997, 39.6700142836632 ], [ -105.080524594265995, 39.669903915739603 ], [ -105.080069479304001, 39.669823706071298 ], [ -105.079901757773001, 39.6698021736402 ], [ -105.079437508436001, 39.669764481315497 ], [ -105.079266142462004, 39.669758377422603 ], [ -105.079265956086005, 39.669344862607602 ], [ -105.078863607688007, 39.6693520009823 ], [ -105.078768548829999, 39.669357494050601 ], [ -105.078573154238001, 39.669359882364198 ], [ -105.078378728058993, 39.6693488902363 ], [ -105.078215434016997, 39.669329773551702 ], [ -105.076706281588002, 39.669082417305702 ], [ -105.076709580504001, 39.669419074363503 ], [ -105.076022810557006, 39.669317424557903 ], [ -105.075909493821996, 39.669993051605999 ], [ -105.075288409850998, 39.6700429701743 ], [ -105.074935031042003, 39.6704689339157 ], [ -105.074490727462006, 39.670217158986098 ], [ -105.072981870530995, 39.669774152026498 ], [ -105.072711767653004, 39.669794103565401 ], [ -105.072525843438001, 39.669407709505997 ], [ -105.071999596810002, 39.669343338605003 ], [ -105.071991370738999, 39.667779160244699 ], [ -105.068500352398999, 39.667780123899 ], [ -105.067384928557004, 39.667780828313496 ], [ -105.067301449658999, 39.667780864189801 ], [ -105.062612418599002, 39.667782041399199 ], [ -105.053233463281998, 39.6677845172076 ] ], [ [ -105.062563343313997, 39.651855147883197 ], [ -105.062556892014996, 39.652890803653499 ], [ -105.063553075431003, 39.652894507407801 ], [ -105.063559512039006, 39.651858851584002 ], [ -105.062563343313997, 39.651855147883197 ] ], [ [ -105.063969937562007, 39.653251919768202 ], [ -105.063982650846, 39.653778385465202 ], [ -105.064911404422006, 39.653775993776598 ], [ -105.064909334576996, 39.653250253528299 ], [ -105.063969937562007, 39.653251919768202 ] ] ] } },
{ "type": "Feature", "properties": { "nbhd_id": 12, "neighborhood": "Cheesman Park", "council_district": 10, "population": 8879, "per_capita_income": 215955, "pct_poverty": 8.8446215139442224, "pct_renters": 70.849220103986127, "field_requests": 8442, "field_requests_2025": 1315, "field_requests_per_1k_per_year": 135.82610654352968, "top_category": "Neighborhood Inspection", "share_open_in_file": 0.048448235015399195, "wait_index": 0.49757679091649071, "ranked_requests": 2000, "p50_days": 2.7980729166666669 }, "geometry": { "type": "Polygon", "coordinates": [ [ [ -104.960192494408005, 39.729109407725502 ], [ -104.960770250615994, 39.729109311487299 ], [ -104.961350673230001, 39.729109225422498 ], [ -104.961931992806001, 39.729108110760698 ], [ -104.962506201408999, 39.7291069605403 ], [ -104.963088409755997, 39.729105843773603 ], [ -104.963664393822995, 39.729105039582699 ], [ -104.964241292373998, 39.729100804754502 ], [ -104.964822632519997, 39.729096930479699 ], [ -104.965881278869006, 39.729094191669702 ], [ -104.966563949884005, 39.729090082459301 ], [ -104.967141732247995, 39.729086523773901 ], [ -104.967730153906999, 39.729086442064599 ], [ -104.968307021108004, 39.729086304996102 ], [ -104.968887444043006, 39.729086181351299 ], [ -104.969461641967001, 39.729086369950799 ], [ -104.970621577529997, 39.729088849532999 ], [ -104.971778929194002, 39.729080324383901 ], [ -104.972935337620001, 39.729078990663503 ], [ -104.972948115666995, 39.730454090636201 ], [ -104.972979680224, 39.732049925153703 ], [ -104.972978767331995, 39.733709440986999 ], [ -104.972998994731, 39.735158007486902 ], [ -104.973008305617, 39.736876590998101 ], [ -104.973019073456001, 39.738401294569002 ], [ -104.972999809767998, 39.739545299968498 ], [ -104.972991654629993, 39.740039069163203 ], [ -104.972755205964006, 39.740035951258299 ], [ -104.972136532023001, 39.740027343843899 ], [ -104.971876947523, 39.7400272085249 ], [ -104.971290219202999, 39.7400262897647 ], [ -104.970787947842993, 39.740025061185399 ], [ -104.970311443352003, 39.740025662434903 ], [ -104.970140755013006, 39.7400259234076 ], [ -104.969688252629993, 39.740026630208597 ], [ -104.968461560064995, 39.740011143737298 ], [ -104.967848145280001, 39.7400124893014 ], [ -104.967232068792001, 39.740013133113102 ], [ -104.966605358188005, 39.740009264500699 ], [ -104.965990202013998, 39.740005787961998 ], [ -104.965381263332006, 39.7400030229593 ], [ -104.964766102034005, 39.7400002265016 ], [ -104.964124271857003, 39.739997305381898 ], [ -104.963466440247998, 39.739994307802903 ], [ -104.962851258336002, 39.739994246855403 ], [ -104.962237850967, 39.739994533576898 ], [ -104.961632468755994, 39.739991765426701 ], [ -104.961013751416999, 39.739988933082401 ], [ -104.960402124872004, 39.739988875164201 ], [ -104.959781605420005, 39.739989116066802 ], [ -104.959780851860998, 39.7397248806165 ], [ -104.959777038522006, 39.738389287879102 ], [ -104.959784746988007, 39.736811476144403 ], [ -104.959793042822994, 39.735041840780198 ], [ -104.959795488302007, 39.733454738055897 ], [ -104.959799177953002, 39.732283207073401 ], [ -104.959833724017003, 39.7319525590962 ], [ -104.959844436704003, 39.731484881195499 ], [ -104.959839550683995, 39.731080616366903 ], [ -104.959897577795999, 39.7309326374927 ], [ -104.960094200284004, 39.730678228585198 ], [ -104.960169400666004, 39.730493267142599 ], [ -104.960192494408005, 39.729109407725502 ] ] ] } },
{ "type": "Feature", "properties": { "nbhd_id": 20, "neighborhood": "Congress Park", "council_district": 10, "population": 11232, "per_capita_income": 225236, "pct_poverty": 8.5678549093183243, "pct_renters": 55.987002437043053, "field_requests": 13776, "field_requests_2025": 1893, "field_requests_per_1k_per_year": 175.2136752136752, "top_category": "Neighborhood Inspection", "share_open_in_file": 0.10801393728222997, "wait_index": 0.49579444269344891, "ranked_requests": 4245, "p50_days": 3.1048032407407411 }, "geometry": { "type": "Polygon", "coordinates": [ [ [ -104.940663578845005, 39.740129369815001 ], [ -104.940664110580997, 39.738279398114898 ], [ -104.940670412944996, 39.736708785658003 ], [ -104.940661976561998, 39.735091432448797 ], [ -104.940667839130995, 39.734690649415299 ], [ -104.940673557170996, 39.733639233522297 ], [ -104.940678100439001, 39.7328465550628 ], [ -104.940682501322001, 39.732071719362303 ], [ -104.940688152996998, 39.731028538431197 ], [ -104.940688969684999, 39.730480171899799 ], [ -104.940692735205999, 39.729227652669699 ], [ -104.940699160761994, 39.727307011687202 ], [ -104.940700783791996, 39.726880470147698 ], [ -104.940691440635007, 39.7255997479797 ], [ -104.941334932013007, 39.725600744914601 ], [ -104.941848645489003, 39.725603183230199 ], [ -104.941941973482002, 39.7256029410634 ], [ -104.942389047282006, 39.725602658844103 ], [ -104.942541925506006, 39.725602354101603 ], [ -104.942916117435004, 39.725602067242697 ], [ -104.943152535110997, 39.725602843309503 ], [ -104.943455613867997, 39.7256035913394 ], [ -104.943996887777999, 39.725605121211998 ], [ -104.944553270876995, 39.7256067198796 ], [ -104.945098100197001, 39.7256082614715 ], [ -104.945650063176004, 39.725606745543097 ], [ -104.946170919883997, 39.725605080796498 ], [ -104.946751313777995, 39.725605066203102 ], [ -104.946777979716998, 39.725604848219398 ], [ -104.947380593044997, 39.725604935154102 ], [ -104.948400959004005, 39.725603546918698 ], [ -104.948582237237005, 39.725608514711297 ], [ -104.948954648436001, 39.725608543880398 ], [ -104.949193738386001, 39.725608634065999 ], [ -104.949507487407999, 39.725608729751997 ], [ -104.949794563205998, 39.725610072676801 ], [ -104.950013210460995, 39.725610065540202 ], [ -104.950334073033005, 39.725609849348501 ], [ -104.950394512797999, 39.7256097883363 ], [ -104.951001572069998, 39.7256095343647 ], [ -104.951496640838002, 39.725609441492999 ], [ -104.951613075980006, 39.725609297978401 ], [ -104.952213914512996, 39.725609008503604 ], [ -104.952658303546997, 39.7256110768108 ], [ -104.952823616285997, 39.725611845792699 ], [ -104.953418209451996, 39.725614609729497 ], [ -104.953811951438993, 39.725614722622097 ], [ -104.954033262576004, 39.725615063560298 ], [ -104.954386121160994, 39.725614984746699 ], [ -104.954627898501997, 39.725612331122498 ], [ -104.954961203642, 39.7256121599899 ], [ -104.955226067387997, 39.725612357067703 ], [ -104.955539817212994, 39.725612436870797 ], [ -104.955838446954004, 39.725613818517097 ], [ -104.956128193712999, 39.725614472033399 ], [ -104.956449051228006, 39.725614925448198 ], [ -104.956705022007995, 39.725615764667303 ], [ -104.957050772976004, 39.725615301709297 ], [ -104.957281866255002, 39.725614995373803 ], [ -104.957649833754999, 39.725614976469203 ], [ -104.957856926687995, 39.725614901539998 ], [ -104.958228452593005, 39.725614554094903 ], [ -104.958884387232999, 39.725615513746 ], [ -104.959451460696997, 39.725614003771597 ], [ -104.959592797173002, 39.725611907045298 ], [ -104.960170556254994, 39.725607697309201 ], [ -104.960162901836, 39.727115509176699 ], [ -104.960181384351998, 39.727319088415101 ], [ -104.960192494408005, 39.729109407725502 ], [ -104.960169400666004, 39.730493267142599 ], [ -104.960094200284004, 39.730678228585198 ], [ -104.959897577795999, 39.7309326374927 ], [ -104.959839550683995, 39.731080616366903 ], [ -104.959844436704003, 39.731484881195499 ], [ -104.959833724017003, 39.7319525590962 ], [ -104.959799177953002, 39.732283207073401 ], [ -104.959795488302007, 39.733454738055897 ], [ -104.959793042822994, 39.735041840780198 ], [ -104.959784746988007, 39.736811476144403 ], [ -104.959777038522006, 39.738389287879102 ], [ -104.959780851860998, 39.7397248806165 ], [ -104.959781605420005, 39.739989116066802 ], [ -104.959469425261005, 39.740007929357603 ], [ -104.959282528630993, 39.740034866516297 ], [ -104.959139242039001, 39.740055484174597 ], [ -104.958797374743995, 39.740119455363299 ], [ -104.958443225943, 39.740162093678897 ], [ -104.958110472759998, 39.740196936793403 ], [ -104.957991303629001, 39.740202564885301 ], [ -104.957892589143995, 39.740207257610599 ], [ -104.957427730114006, 39.740196192631402 ], [ -104.956851687036007, 39.740192849065501 ], [ -104.956270307948003, 39.740189820748697 ], [ -104.955682708180007, 39.740186417858602 ], [ -104.955175374917999, 39.740183383896202 ], [ -104.954743060460004, 39.740183783373197 ], [ -104.954193678646007, 39.740181579761803 ], [ -104.954165218617007, 39.740183163736098 ], [ -104.953598959475002, 39.740179162723301 ], [ -104.953566956762003, 39.7401790145192 ], [ -104.952988247180002, 39.740175639255398 ], [ -104.952399742734997, 39.740174274877397 ], [ -104.951822817022006, 39.740170215678503 ], [ -104.951239641133995, 39.740169556625098 ], [ -104.950701815751003, 39.740167390401801 ], [ -104.950651163589001, 39.740164751706303 ], [ -104.950059981947007, 39.740164735685397 ], [ -104.949470605063993, 39.740161293518 ], [ -104.949421703900995, 39.740162094356101 ], [ -104.948930102180995, 39.740160479478497 ], [ -104.948846539906, 39.740160088120298 ], [ -104.948369180726999, 39.740156135367798 ], [ -104.948261599744001, 39.740157689857597 ], [ -104.947824224816003, 39.740156324603603 ], [ -104.947682879783002, 39.740155661260602 ], [ -104.947273062584003, 39.740154423502503 ], [ -104.946539663251002, 39.740151662828403 ], [ -104.946165423262002, 39.740148186100001 ], [ -104.945945822764003, 39.740150584050703 ], [ -104.945616004288993, 39.740150745992104 ], [ -104.945366197704999, 39.7401505985098 ], [ -104.944791047245005, 39.740146856528199 ], [ -104.944509251588997, 39.740144840705 ], [ -104.944160279339997, 39.7401425063075 ], [ -104.943050295130007, 39.740141955418501 ], [ -104.941870798577995, 39.7401340715016 ], [ -104.941316083843006, 39.7401317822697 ], [ -104.940663578845005, 39.740129369815001 ] ] ] } },
{ "type": "Feature", "properties": { "nbhd_id": 23, "neighborhood": "DIA", "council_district": 11, "population": 3681, "per_capita_income": 33703, "pct_poverty": 20.537897310513447, "pct_renters": 68.763102725366878, "field_requests": 3597, "field_requests_2025": 962, "field_requests_per_1k_per_year": 139.59715915706136, "top_category": "Neighborhood Inspection", "share_open_in_file": 0.030025020850708923, "wait_index": 0.49510563929214174, "ranked_requests": 1205, "p50_days": 0.96333333333333337 }, "geometry": { "type": "Polygon", "coordinates": [ [ [ -104.762683205144995, 39.798434022620398 ], [ -104.762698184962005, 39.798433950936797 ], [ -104.762977379717, 39.798433328179399 ], [ -104.763662442104007, 39.7984110348822 ], [ -104.764280267789999, 39.798379116272599 ], [ -104.764628407431999, 39.798354456727303 ], [ -104.765008385458998, 39.798334467416197 ], [ -104.765296159602002, 39.798329833130097 ], [ -104.765936217242995, 39.798320127691802 ], [ -104.769780241676997, 39.798300620384197 ], [ -104.770346077902005, 39.7982737373787 ], [ -104.770551941847998, 39.798270542227598 ], [ -104.770763484304993, 39.798278560036103 ], [ -104.770887901235994, 39.798301691838802 ], [ -104.771020827700994, 39.798342764656297 ], [ -104.771119224277996, 39.798359026941 ], [ -104.771214721771003, 39.798375272056397 ], [ -104.771316156804005, 39.798378136710298 ], [ -104.771855452479997, 39.798370291665996 ], [ -104.772117040907006, 39.798392145833901 ], [ -104.774227483378993, 39.798445621692501 ], [ -104.775133951344998, 39.7984519757957 ], [ -104.77625662074, 39.798451162521403 ], [ -104.777715773883003, 39.798413393269399 ], [ -104.778336586684006, 39.798379026849602 ], [ -104.779261483225994, 39.798344557148603 ], [ -104.779885718415997, 39.798357635656501 ], [ -104.780508120703004, 39.798353722981901 ], [ -104.782743373797999, 39.798359638266199 ], [ -104.785761953787002, 39.798386416288302 ], [ -104.786270473678996, 39.798384469180597 ], [ -104.786315111831001, 39.798384298001601 ], [ -104.786376898471005, 39.7983873372471 ], [ -104.786413543185006, 39.798385168510599 ], [ -104.787301626879, 39.798393016374803 ], [ -104.787439485855998, 39.798394966742002 ], [ -104.787927665344995, 39.798401868087602 ], [ -104.788630432961995, 39.7983984336975 ], [ -104.789000845169994, 39.7983790590228 ], [ -104.789631804, 39.798321121556597 ], [ -104.789943891220005, 39.798294512871202 ], [ -104.790254610966997, 39.798266453668901 ], [ -104.790578062204006, 39.798258425304397 ], [ -104.790818519843995, 39.798254335749597 ], [ -104.790820162423998, 39.798303995620302 ], [ -104.790893296747001, 39.805584477353598 ], [ -104.790966484297002, 39.812860820908703 ], [ -104.790894049865003, 39.820105386253402 ], [ -104.790665814820997, 39.827263202631599 ], [ -104.790745227423002, 39.834540210034604 ], [ -104.790824663495997, 39.841816508380496 ], [ -104.781387728292003, 39.841796057873502 ], [ -104.771950805852001, 39.841774163894598 ], [ -104.762503574267996, 39.841800865433797 ], [ -104.762314822288999, 39.841801402358101 ], [ -104.762275899388001, 39.845411789348098 ], [ -104.753089956704997, 39.845352213996797 ], [ -104.734190185893993, 39.845227143564998 ], [ -104.730937997566002, 39.845205279775598 ], [ -104.730810648881999, 39.856474545016603 ], [ -104.730647169074999, 39.8708654853178 ], [ -104.730482524273995, 39.885437170877701 ], [ -104.730361124354005, 39.896152112887499 ], [ -104.714753888619995, 39.896046487608899 ], [ -104.703277015070995, 39.895967457422003 ], [ -104.703231740291997, 39.8998652780501 ], [ -104.703149304424002, 39.906947216505003 ], [ -104.696801384888005, 39.9069027910149 ], [ -104.692100151698, 39.906869656603298 ], [ -104.692012713295995, 39.914209240172198 ], [ -104.687435816681997, 39.9141712847196 ], [ -104.679536761783993, 39.914105289346601 ], [ -104.679640139363002, 39.907037929993002 ], [ -104.678022864658004, 39.907026328490097 ], [ -104.668693012489001, 39.9069225136125 ], [ -104.659176073891004, 39.906815941319003 ], [ -104.649751012875996, 39.9067768627595 ], [ -104.640325071519996, 39.906737024652898 ], [ -104.630904743146004, 39.906675885941098 ], [ -104.630904822644993, 39.899424167188599 ], [ -104.621485422264001, 39.899367422832299 ], [ -104.612072454303004, 39.899225559993901 ], [ -104.602658629272995, 39.8990832824487 ], [ -104.599538414704, 39.899066708315999 ], [ -104.599725018046996, 39.8845638916222 ], [ -104.599766603435, 39.8813310430399 ], [ -104.605110971938998, 39.881372067503897 ], [ -104.605217144064, 39.873137241788399 ], [ -104.612071387116004, 39.8731897480206 ], [ -104.619110890594001, 39.873243240024003 ], [ -104.619148427452004, 39.870331193093499 ], [ -104.619333165260997, 39.855789072287301 ], [ -104.619518250357999, 39.841283930089801 ], [ -104.619701251818, 39.826867566417803 ], [ -104.621492936514997, 39.8268778511449 ], [ -104.630902695217003, 39.826926018817197 ], [ -104.640312479065003, 39.8269724058121 ], [ -104.640309338381002, 39.8225868330411 ], [ -104.655358981952006, 39.822698092385203 ], [ -104.655477484217002, 39.813090527697398 ], [ -104.666155866688001, 39.813168316350499 ], [ -104.666037521358007, 39.822885692265302 ], [ -104.668550881973999, 39.822901397809296 ], [ -104.677946622128999, 39.822959782502899 ], [ -104.696861862469007, 39.823074804334198 ], [ -104.715430060483996, 39.823184821495403 ], [ -104.734229716830001, 39.823293416697403 ], [ -104.753084614320002, 39.823399018891301 ], [ -104.762492947184001, 39.823450739886297 ], [ -104.762542235588995, 39.820121772169401 ], [ -104.762650673764, 39.812863707579801 ], [ -104.762666772564998, 39.805584111891598 ], [ -104.762681601368996, 39.799131294071699 ], [ -104.762683205144995, 39.798434022620398 ] ] ] } },
{ "type": "Feature", "properties": { "nbhd_id": 28, "neighborhood": "Gateway - Green Valley Ranch", "council_district": 11, "population": 47214, "per_capita_income": 140521, "pct_poverty": 5.1139616240856567, "pct_renters": 28.425266903914594, "field_requests": 19070, "field_requests_2025": 2689, "field_requests_per_1k_per_year": 57.700803030578101, "top_category": "Solid Waste", "share_open_in_file": 0.064813843733613, "wait_index": 0.49474233265492595, "ranked_requests": 3918, "p50_days": 1.7080613425925926 }, "geometry": { "type": "Polygon", "coordinates": [ [ [ -104.809897981936999, 39.772831543728699 ], [ -104.809879307822996, 39.773188349284403 ], [ -104.809897919817999, 39.7750489014607 ], [ -104.809904610154007, 39.776595166134499 ], [ -104.809902159469999, 39.776760485813199 ], [ -104.809876782114998, 39.778472186589603 ], [ -104.809849005738002, 39.780345604426699 ], [ -104.809797351864006, 39.783755499099499 ], [ -104.809769770458004, 39.787868443891497 ], [ -104.809753888013006, 39.790264711584499 ], [ -104.809752718575993, 39.790431174986097 ], [ -104.809721905415003, 39.794791359203799 ], [ -104.809709881390006, 39.796736290621901 ], [ -104.809690925165, 39.796984538051802 ], [ -104.809632058852003, 39.798306803129996 ], [ -104.800269221030007, 39.798305610759797 ], [ -104.790820162423998, 39.798303995620302 ], [ -104.790818519843995, 39.798254335749597 ], [ -104.790578062204006, 39.798258425304397 ], [ -104.790254610966997, 39.798266453668901 ], [ -104.789943891220005, 39.798294512871202 ], [ -104.789631804, 39.798321121556597 ], [ -104.789000845169994, 39.7983790590228 ], [ -104.788630432961995, 39.7983984336975 ], [ -104.787927665344995, 39.798401868087602 ], [ -104.787439485855998, 39.798394966742002 ], [ -104.787301626879, 39.798393016374803 ], [ -104.786413543185006, 39.798385168510599 ], [ -104.786376898471005, 39.7983873372471 ], [ -104.786315111831001, 39.798384298001601 ], [ -104.786270473678996, 39.798384469180597 ], [ -104.785761953787002, 39.798386416288302 ], [ -104.782743373797999, 39.798359638266199 ], [ -104.780508120703004, 39.798353722981901 ], [ -104.779885718415997, 39.798357635656501 ], [ -104.779261483225994, 39.798344557148603 ], [ -104.778336586684006, 39.798379026849602 ], [ -104.777715773883003, 39.798413393269399 ], [ -104.77625662074, 39.798451162521403 ], [ -104.775133951344998, 39.7984519757957 ], [ -104.774227483378993, 39.798445621692501 ], [ -104.772117040907006, 39.798392145833901 ], [ -104.771855452479997, 39.798370291665996 ], [ -104.771316156804005, 39.798378136710298 ], [ -104.771214721771003, 39.798375272056397 ], [ -104.771119224277996, 39.798359026941 ], [ -104.771020827700994, 39.798342764656297 ], [ -104.770887901235994, 39.798301691838802 ], [ -104.770763484304993, 39.798278560036103 ], [ -104.770551941847998, 39.798270542227598 ], [ -104.770346077902005, 39.7982737373787 ], [ -104.769780241676997, 39.798300620384197 ], [ -104.765936217242995, 39.798320127691802 ], [ -104.765296159602002, 39.798329833130097 ], [ -104.765008385458998, 39.798334467416197 ], [ -104.764628407431999, 39.798354456727303 ], [ -104.764280267789999, 39.798379116272599 ], [ -104.763662442104007, 39.7984110348822 ], [ -104.762977379717, 39.798433328179399 ], [ -104.762698184962005, 39.798433950936797 ], [ -104.762683205144995, 39.798434022620398 ], [ -104.762683430888003, 39.798335726908903 ], [ -104.753263329988002, 39.798368684128903 ], [ -104.743815463005006, 39.798334823404197 ], [ -104.734371967285995, 39.798308126163803 ], [ -104.734456574803005, 39.791052254884598 ], [ -104.734529898109997, 39.783769180768601 ], [ -104.734539421389002, 39.781593953480602 ], [ -104.734563081068003, 39.7764950906449 ], [ -104.734596298609006, 39.769217206069101 ], [ -104.744005516726006, 39.769255015219798 ], [ -104.753434404944997, 39.769283274917299 ], [ -104.762816421368001, 39.7692017039059 ], [ -104.764573101709999, 39.769186267977801 ], [ -104.764548129584, 39.771566615368798 ], [ -104.772184378120002, 39.771499457126197 ], [ -104.772156522138005, 39.776409556128797 ], [ -104.781560586851995, 39.776435746929998 ], [ -104.781576548101, 39.772795610603801 ], [ -104.790980079627005, 39.772826195787097 ], [ -104.800403452227002, 39.7728293817542 ], [ -104.808161009374004, 39.7728312054386 ], [ -104.809897981936999, 39.772831543728699 ] ] ] } },
{ "type": "Feature", "properties": { "nbhd_id": 29, "neighborhood": "Globeville", "council_district": 9, "population": 4345, "per_capita_income": 33981, "pct_poverty": 28.064085447263015, "pct_renters": 59.145191703331236, "field_requests": 5734, "field_requests_2025": 1064, "field_requests_per_1k_per_year": 188.52539865198094, "top_category": "Streets & Traffic", "share_open_in_file": 0.064178583885594692, "wait_index": 0.49375220305879047, "ranked_requests": 1459, "p50_days": 1.2297800925925926 }, "geometry": { "type": "Polygon", "coordinates": [ [ [ -104.968754161076006, 39.791039774165498 ], [ -104.968823900892005, 39.791001580538101 ], [ -104.969181628743002, 39.790754408311798 ], [ -104.969345335745999, 39.790635042661599 ], [ -104.969520542561, 39.790524307437302 ], [ -104.969751077463002, 39.790390830000703 ], [ -104.970015577664995, 39.790236229633202 ], [ -104.970187267425004, 39.790119644339804 ], [ -104.970347520030003, 39.789986192414801 ], [ -104.970567550100995, 39.789829674869303 ], [ -104.970768799816994, 39.789686112622903 ], [ -104.971689244296002, 39.789019725591402 ], [ -104.972259387075994, 39.788560398693498 ], [ -104.97275152556, 39.7881810179544 ], [ -104.973690507206996, 39.787528767605103 ], [ -104.973810190411001, 39.7874651328653 ], [ -104.974092278604004, 39.787334965546002 ], [ -104.974155674746996, 39.787303678791098 ], [ -104.974274565672005, 39.7872270003148 ], [ -104.974363992671002, 39.787164602705602 ], [ -104.974494640385004, 39.787062239904003 ], [ -104.974606565724002, 39.7869652838978 ], [ -104.974737382181999, 39.786840273827799 ], [ -104.974861020442006, 39.786723467036403 ], [ -104.974961486241995, 39.786612390239497 ], [ -104.975054898932001, 39.7864927031492 ], [ -104.975156446341998, 39.786355895166601 ], [ -104.975208746641002, 39.786261760728799 ], [ -104.975265643639005, 39.786147744712501 ], [ -104.975325340110999, 39.786016239789397 ], [ -104.975370618753004, 39.785909378225703 ], [ -104.975409264245002, 39.7857379738726 ], [ -104.975426034905993, 39.785517744724999 ], [ -104.975426548559994, 39.785449116293101 ], [ -104.975412369367007, 39.785323116010296 ], [ -104.975398284670007, 39.785184419376499 ], [ -104.975385144065001, 39.785038520956803 ], [ -104.975375184908003, 39.784824005714199 ], [ -104.975376618118005, 39.784632533101501 ], [ -104.975381257473003, 39.784488086398603 ], [ -104.975394126591993, 39.784313821797902 ], [ -104.975421422555996, 39.7841135419796 ], [ -104.975445201452999, 39.783907755989297 ], [ -104.975482299839996, 39.783745168422897 ], [ -104.975502222998003, 39.783657851573601 ], [ -104.975556694866995, 39.783392150692201 ], [ -104.975613361639006, 39.783189599580297 ], [ -104.975707615955997, 39.782956675137797 ], [ -104.975816785855002, 39.782751269179897 ], [ -104.975914917498997, 39.782594541955199 ], [ -104.975955596562997, 39.782507561983202 ], [ -104.975990210839001, 39.7823989366333 ], [ -104.976046770580993, 39.782210453980397 ], [ -104.976100297190001, 39.782070685529 ], [ -104.976156161700004, 39.781975194413398 ], [ -104.976209178138006, 39.781903710920901 ], [ -104.976268289689997, 39.781849755940598 ], [ -104.976361201860996, 39.781795950652302 ], [ -104.976405912332993, 39.781764579545197 ], [ -104.976469417676, 39.781717850042597 ], [ -104.976525863347007, 39.781663539504699 ], [ -104.976589698031006, 39.781572544681197 ], [ -104.976645722635993, 39.781455435051399 ], [ -104.976698166380999, 39.781341398417801 ], [ -104.976751414307998, 39.781238688875703 ], [ -104.976796552262996, 39.781150012886897 ], [ -104.976890018820001, 39.781021745899999 ], [ -104.976995048500001, 39.780893529594898 ], [ -104.977066085190003, 39.780790898961797 ], [ -104.977114659921, 39.780718366298402 ], [ -104.977208189566994, 39.780581520091701 ], [ -104.977377639869999, 39.780283385622397 ], [ -104.977452573620994, 39.780135132860103 ], [ -104.977523801161993, 39.780006766279598 ], [ -104.977561649806006, 39.779941048692102 ], [ -104.977655241468, 39.779795623942803 ], [ -104.977684892881001, 39.779755606291801 ], [ -104.977797449503001, 39.7795718322635 ], [ -104.977823586157001, 39.7795259655244 ], [ -104.977846247318993, 39.779469102483297 ], [ -104.977907333554995, 39.779268971657501 ], [ -104.977998237055004, 39.779006519093997 ], [ -104.978014221405004, 39.778890604379598 ], [ -104.978029643607996, 39.778730762771502 ], [ -104.978013793968998, 39.778470239031897 ], [ -104.977993367243002, 39.778227195415397 ], [ -104.977932654374996, 39.777899557750303 ], [ -104.977868589075001, 39.777544452465797 ], [ -104.977839337654004, 39.777411522134599 ], [ -104.977829451687995, 39.7773057870359 ], [ -104.977826832152999, 39.777179837732199 ], [ -104.977792213434, 39.776812166498601 ], [ -104.977797006046998, 39.776646444379899 ], [ -104.977797709038001, 39.776552080179002 ], [ -104.977802768941999, 39.776509853548198 ], [ -104.977810038401998, 39.7764491887486 ], [ -104.977832956750007, 39.776357668444497 ], [ -104.977881836623993, 39.776243614479498 ], [ -104.977930621772998, 39.776142257628401 ], [ -104.978103669774995, 39.775836931368801 ], [ -104.978197359562998, 39.775677436831003 ], [ -104.978212781663004, 39.775650618532502 ], [ -104.978336129655005, 39.775436128346001 ], [ -104.978414635684004, 39.775305887362201 ], [ -104.978523444892005, 39.7751253738179 ], [ -104.978609667491995, 39.775012858293799 ], [ -104.978725505976996, 39.774864785404397 ], [ -104.978852949460006, 39.774710930142803 ], [ -104.978939076713004, 39.7746111105035 ], [ -104.979066412231006, 39.774471666843901 ], [ -104.979166769412004, 39.774371909793999 ], [ -104.979241173285999, 39.774293656895999 ], [ -104.979428459076999, 39.774105750222702 ], [ -104.979604245234995, 39.7739092137626 ], [ -104.979678765035004, 39.773815175727002 ], [ -104.979772153135997, 39.773695484515798 ], [ -104.979846662558998, 39.773602818910497 ], [ -104.979951759721004, 39.773463276201703 ], [ -104.980108865413001, 39.773266656234597 ], [ -104.980176322635003, 39.773165380414703 ], [ -104.980378427884006, 39.7728972398316 ], [ -104.980483543340995, 39.7727549512731 ], [ -104.981096650203, 39.771992764212499 ], [ -104.981253772176004, 39.771793054409002 ], [ -104.981583171416005, 39.771388553442698 ], [ -104.981714179961003, 39.7712319656086 ], [ -104.982222035516003, 39.770627845994497 ], [ -104.982416714319996, 39.770399817779797 ], [ -104.982835804082995, 39.769891388524201 ], [ -104.983160677952995, 39.769495099195197 ], [ -104.983262161902005, 39.769361371191103 ], [ -104.983319727481003, 39.769275607079102 ], [ -104.983411435199002, 39.769138975572503 ], [ -104.983539236921999, 39.768933643332801 ], [ -104.983752704427999, 39.768568433386498 ], [ -104.983887808263006, 39.768337396357801 ], [ -104.984022994615003, 39.768095035471603 ], [ -104.984105655437006, 39.767980783723701 ], [ -104.984207009158993, 39.7678642121612 ], [ -104.984355793944999, 39.767707355796396 ], [ -104.984438115681996, 39.767639085413997 ], [ -104.984605174221002, 39.767536870319397 ], [ -104.985330597974993, 39.767211301811301 ], [ -104.985442003404998, 39.767178845737803 ], [ -104.986552696366999, 39.766826471158403 ], [ -104.987540156215999, 39.766541837485498 ], [ -104.987633655682004, 39.766515670762601 ], [ -104.988717360448007, 39.766212380318699 ], [ -104.988851024905003, 39.766175899922501 ], [ -104.989103217895007, 39.766105275195997 ], [ -104.989414970688003, 39.766037996432701 ], [ -104.989618806524007, 39.766013143908701 ], [ -104.990620090386997, 39.765903210572603 ], [ -104.990727767519999, 39.7658937245955 ], [ -104.990850636424994, 39.765874010246499 ], [ -104.990976253585004, 39.765843326522599 ], [ -104.991377151148001, 39.765746230652297 ], [ -104.991652563855993, 39.765661631207898 ], [ -104.991786287593996, 39.765616569269199 ], [ -104.991971799359007, 39.765542905121301 ], [ -104.992143121447995, 39.765463689550501 ], [ -104.992392101807994, 39.765344659003098 ], [ -104.992529558205007, 39.765275247890898 ], [ -104.992816281971997, 39.765101817612901 ], [ -104.992957428725006, 39.765013891764099 ], [ -104.993087926133995, 39.764922831530697 ], [ -104.993199768088999, 39.7648289453007 ], [ -104.993382336674003, 39.764669821049203 ], [ -104.993628292124995, 39.764476309977603 ], [ -104.993799919953005, 39.764354198528899 ], [ -104.993930476442998, 39.764254558729 ], [ -104.994053112065998, 39.764143560529597 ], [ -104.994187430474994, 39.764015454601299 ], [ -104.994672547139999, 39.763582760589898 ], [ -104.995175092503999, 39.763198867156603 ], [ -104.995324339348997, 39.7630965604042 ], [ -104.995420798881, 39.763038637498397 ], [ -104.995506517769002, 39.762990276576303 ], [ -104.995670676253994, 39.762916515506603 ], [ -104.995990015792998, 39.7627806211744 ], [ -104.996209440263002, 39.762688565424497 ], [ -104.996387761177004, 39.7626237857653 ], [ -104.996599048258005, 39.762550224771402 ], [ -104.996777164039997, 39.762513925262901 ], [ -104.996955158668001, 39.762494440002001 ], [ -104.997046580854999, 39.762492064400597 ], [ -104.997136605129, 39.762489725113397 ], [ -104.997270095648005, 39.762475882738897 ], [ -104.99734135864, 39.762459029316801 ], [ -104.997485704526994, 39.762419496569699 ], [ -104.997608767591004, 39.762371636957297 ], [ -104.997705196937005, 39.762317486651199 ], [ -104.997813287631999, 39.762249317019702 ], [ -104.997909591326007, 39.762212666939099 ], [ -104.998128775694994, 39.762153549256801 ], [ -104.998246599333996, 39.762119586280903 ], [ -104.998206650425004, 39.768046538971298 ], [ -104.998205108362001, 39.769153007354397 ], [ -104.998203286901003, 39.769297304342601 ], [ -104.998204327002995, 39.769386742643398 ], [ -104.998197991935001, 39.770498684154902 ], [ -104.998209631471994, 39.771730314362998 ], [ -104.998210483622998, 39.772978026139597 ], [ -104.998191798562999, 39.774221536247097 ], [ -104.998192510408003, 39.775488806123597 ], [ -104.998194711237005, 39.776548130400897 ], [ -104.998202362390003, 39.778337021977201 ], [ -104.998175518856002, 39.7825648301854 ], [ -104.998121811144998, 39.7910221794384 ], [ -104.996984387970997, 39.791018858430299 ], [ -104.993236293693997, 39.791025779949699 ], [ -104.993228941604002, 39.7920425067094 ], [ -104.990658742809998, 39.792042055670798 ], [ -104.990280003489005, 39.791518140295402 ], [ -104.990268421367006, 39.791031157814999 ], [ -104.987547872920004, 39.791035821663101 ], [ -104.986387768664997, 39.791037973595301 ], [ -104.986381682786003, 39.791868374681897 ], [ -104.985794533380002, 39.791865812367398 ], [ -104.985789745801, 39.7916695087305 ], [ -104.985202598148007, 39.791666943464698 ], [ -104.985207200762005, 39.7910403681649 ], [ -104.978170060696002, 39.791053318298502 ], [ -104.978168325712005, 39.791883738512901 ], [ -104.977715508516994, 39.791881731099103 ], [ -104.977708343312997, 39.791052643972201 ], [ -104.975973565922999, 39.791050084651502 ], [ -104.975958767036005, 39.792434293677701 ], [ -104.973069312397996, 39.792414194224598 ], [ -104.973064487130003, 39.793174253895799 ], [ -104.973059369927, 39.794091476186097 ], [ -104.974673163220004, 39.794102460583602 ], [ -104.974680674769004, 39.7955928017753 ], [ -104.974680839295004, 39.795689571145601 ], [ -104.971165725703997, 39.795678299983599 ], [ -104.971166740544007, 39.796133323510603 ], [ -104.971657797060004, 39.796141360964299 ], [ -104.971650293454999, 39.798316564153801 ], [ -104.968738352135006, 39.798296601604598 ], [ -104.968633367593, 39.7982961279832 ], [ -104.968638205055001, 39.795663491687399 ], [ -104.968642680130998, 39.793195907088901 ], [ -104.968380279043998, 39.793189232314198 ], [ -104.968353990541999, 39.793253626298601 ], [ -104.967540804718993, 39.793257501902502 ], [ -104.967541141043, 39.793213236674497 ], [ -104.967683863328006, 39.7928123940004 ], [ -104.967789401535001, 39.792621735421399 ], [ -104.967932315823006, 39.791843768810502 ], [ -104.968310388473, 39.791847535670598 ], [ -104.968455683141997, 39.791693086472598 ], [ -104.968617801971007, 39.791549007756402 ], [ -104.968770807967999, 39.791433369611703 ], [ -104.968771040709996, 39.791389620698098 ], [ -104.968772901785997, 39.791039783429298 ], [ -104.968754161076006, 39.791039774165498 ] ] ] } },
{ "type": "Feature", "properties": { "nbhd_id": 19, "neighborhood": "College View - South Platte", "council_district": 7, "population": 7300, "per_capita_income": 29361, "pct_poverty": 12.506849315068495, "pct_renters": 59.792227779915351, "field_requests": 5405, "field_requests_2025": 890, "field_requests_per_1k_per_year": 105.77299412915852, "top_category": "Neighborhood Inspection", "share_open_in_file": 0.072710453283996293, "wait_index": 0.49363240310871476, "ranked_requests": 1413, "p50_days": 1.4309027777777779 }, "geometry": { "type": "Polygon", "coordinates": [ [ [ -105.001394754114003, 39.682167830555599 ], [ -105.001347642956006, 39.682047522950697 ], [ -105.001194560662, 39.681715032638003 ], [ -105.001139212170003, 39.681629006337801 ], [ -105.00104056504, 39.681511225168897 ], [ -105.000940886611005, 39.681413686638201 ], [ -105.000826915735999, 39.681327411078499 ], [ -105.000450826462995, 39.681128493762898 ], [ -105.000070983423996, 39.680958042265303 ], [ -104.999837900865003, 39.680884299345799 ], [ -104.999583533782001, 39.680806004990202 ], [ -104.999435549195994, 39.680756645313203 ], [ -104.999354905966001, 39.680730564349901 ], [ -104.999254801559999, 39.680693076450503 ], [ -104.999159212980004, 39.680645312353398 ], [ -104.999062887646005, 39.680576269128103 ], [ -104.998923427256003, 39.680452821483797 ], [ -104.998728438862997, 39.6802690832561 ], [ -104.998640353769005, 39.680165757822301 ], [ -104.998563795411002, 39.680065226997201 ], [ -104.998450565718997, 39.679876002831897 ], [ -104.99835167034, 39.679669681637698 ], [ -104.998176974339998, 39.679257137325997 ], [ -104.998086523457999, 39.678988052679003 ], [ -104.998028508730997, 39.678778816604499 ], [ -104.998000425431997, 39.6786071141481 ], [ -104.997930510429995, 39.678074908659802 ], [ -104.997897802780997, 39.677928923152798 ], [ -104.997861727060993, 39.677757186274398 ], [ -104.99782689749, 39.677535352435697 ], [ -104.997802959748, 39.677280964497498 ], [ -104.997786340339999, 39.676500190697098 ], [ -104.997790855244006, 39.676365688694901 ], [ -104.997788449153006, 39.676205420087797 ], [ -104.997771371767001, 39.675985377560501 ], [ -104.99775388642, 39.67582229904 ], [ -104.997714342576998, 39.6756388793657 ], [ -104.997685851769006, 39.675524483204001 ], [ -104.997667917634999, 39.675424202279601 ], [ -104.997668980868994, 39.675275615993002 ], [ -104.997680048364003, 39.675218354519203 ], [ -104.997669901684006, 39.675146932306497 ], [ -104.997626783596004, 39.674966585890601 ], [ -104.997612844291993, 39.6749035517037 ], [ -104.997547634341004, 39.674608668535797 ], [ -104.997501025849999, 39.674419727767898 ], [ -104.997442952962004, 39.6742194137369 ], [ -104.997418077031, 39.674096453600697 ], [ -104.997414976168997, 39.674033297827101 ], [ -104.997415568235994, 39.673950597046399 ], [ -104.997412426069999, 39.673893275424099 ], [ -104.997397880761, 39.673816000618899 ], [ -104.997347413395005, 39.673669939050299 ], [ -104.997314156206997, 39.673601163773498 ], [ -104.997314586216007, 39.6735411111394 ], [ -104.997349563277993, 39.673369677780997 ], [ -104.997376301922003, 39.673232525644998 ], [ -104.997380571717002, 39.673132339072801 ], [ -104.997392976860993, 39.673012283897499 ], [ -104.997404636810003, 39.672872321996699 ], [ -104.997413192238, 39.672793773540199 ], [ -104.997428488264006, 39.672642159156801 ], [ -104.997444116427005, 39.672568101973397 ], [ -104.997466862012999, 39.672492359390901 ], [ -104.997508636118994, 39.672363850615 ], [ -104.997564907316004, 39.672195253219698 ], [ -104.997632968567004, 39.671992389342698 ], [ -104.997780142259003, 39.671655685651302 ], [ -104.997881265879002, 39.671424480291201 ], [ -104.997949080588, 39.671255931769501 ], [ -104.997997957657006, 39.671127452905999 ], [ -104.998058858147999, 39.670932108196197 ], [ -104.998104550500997, 39.670752140460799 ], [ -104.998131215274, 39.670624939522902 ], [ -104.998150991036994, 39.670467510530401 ], [ -104.998158667086003, 39.670387585366299 ], [ -104.998177775548996, 39.670323494690599 ], [ -104.998226418550999, 39.6702276157245 ], [ -104.998301752977, 39.670124987313699 ], [ -104.998361182848001, 39.670010966493301 ], [ -104.998470294881997, 39.669779794200899 ], [ -104.998508248397997, 39.669688330595697 ], [ -104.998541964919994, 39.669568366082203 ], [ -104.998569362094003, 39.669462787902297 ], [ -104.998629180359003, 39.669294204578001 ], [ -104.998685924664997, 39.669182917388298 ], [ -104.998753142444002, 39.669097412375102 ], [ -104.998891045763997, 39.668938084588 ], [ -104.999028787108003, 39.668801404980201 ], [ -104.999152022589001, 39.668706186446101 ], [ -104.999281476728001, 39.6686106510857 ], [ -104.999434108073004, 39.668502860582201 ], [ -104.999605432227, 39.668388972378402 ], [ -104.999772130083997, 39.6683011448727 ], [ -104.999987772262998, 39.668199112123197 ], [ -105.000195319165996, 39.668111457615304 ], [ -105.000185998809002, 39.6676742232302 ], [ -105.002666576690999, 39.666895803481601 ], [ -105.00275470871, 39.666865634582003 ], [ -105.002980918709994, 39.666774965630601 ], [ -105.003195690751994, 39.6666691485703 ], [ -105.003398126828003, 39.6665495524081 ], [ -105.003586448107995, 39.666416512477497 ], [ -105.003623963983003, 39.666385785970597 ], [ -105.003685647927, 39.6663280511954 ], [ -105.003741142435999, 39.666266515473197 ], [ -105.003788668745003, 39.666201514538997 ], [ -105.003829112717, 39.6661333948242 ], [ -105.003861581310005, 39.666062839538803 ], [ -105.003886069632003, 39.665990534536498 ], [ -105.003902577706, 39.665916480073101 ], [ -105.003910208175, 39.665842045003998 ], [ -105.003909851171997, 39.6657668898523 ], [ -105.004467672567003, 39.664548887561999 ], [ -105.004714384164998, 39.664010178058902 ], [ -105.004868616357001, 39.663672807850297 ], [ -105.005052431812004, 39.663673582009999 ], [ -105.004962936656995, 39.661756614649498 ], [ -105.004935460707003, 39.661497407313497 ], [ -105.004878659414004, 39.6612411646868 ], [ -105.004793410296003, 39.660989606803 ], [ -105.004679698792998, 39.660744792451297 ], [ -105.004560367215007, 39.660541477373002 ], [ -105.006388660298001, 39.660550885570899 ], [ -105.010890603551005, 39.660570392478299 ], [ -105.008175332248996, 39.664093686846599 ], [ -105.008104292162002, 39.6640933895765 ], [ -105.008059490530002, 39.664150510828101 ], [ -105.007654910116003, 39.664732201511697 ], [ -105.007316748603003, 39.665339219921599 ], [ -105.007142651250007, 39.6657245531024 ], [ -105.006359706769999, 39.667700654806502 ], [ -105.006356555973994, 39.674969250142397 ], [ -105.006355674633994, 39.676736551007998 ], [ -105.008695949784993, 39.676751158817403 ], [ -105.008697091301002, 39.678618670931201 ], [ -105.015704678055002, 39.678677944435698 ], [ -105.015709628535006, 39.674999229508501 ], [ -105.015714377549003, 39.667744714522101 ], [ -105.015824686683004, 39.660506058791398 ], [ -105.022801561782003, 39.660497176499398 ], [ -105.022834246385003, 39.656802749904401 ], [ -105.025175323878003, 39.656802994253702 ], [ -105.025183907037999, 39.656817252863803 ], [ -105.025180160263005, 39.657429867077703 ], [ -105.025158188863998, 39.6605022127304 ], [ -105.025148200727998, 39.662120010918002 ], [ -105.025136922906, 39.663725304305302 ], [ -105.025135256102999, 39.6640696685336 ], [ -105.025123841845996, 39.665038797275798 ], [ -105.025120294155997, 39.665333571454703 ], [ -105.025104590341996, 39.665817710979702 ], [ -105.025110897504007, 39.666944010001998 ], [ -105.025108481786006, 39.667715967576797 ], [ -105.025073143832003, 39.6685425611388 ], [ -105.025076820986996, 39.670153790039898 ], [ -105.025060049727998, 39.671196257817599 ], [ -105.025061771343999, 39.671786853503598 ], [ -105.025076969186003, 39.6725125060712 ], [ -105.025072791110006, 39.673340242107898 ], [ -105.025066446851994, 39.675132405570999 ], [ -105.025044017398997, 39.676766470117798 ], [ -105.025057704337001, 39.6786371547351 ], [ -105.025030275096, 39.680509408120201 ], [ -105.025037985048996, 39.682270753213103 ], [ -105.023745856228004, 39.682273096639598 ], [ -105.022701561733001, 39.682280127640702 ], [ -105.021537539077997, 39.682286990072903 ], [ -105.020366548837004, 39.682296044349798 ], [ -105.019192617095996, 39.682301745040398 ], [ -105.018029935946998, 39.682312317812602 ], [ -105.016864407260002, 39.682319644240103 ], [ -105.015692727128993, 39.6823391358352 ], [ -105.014736517822001, 39.682336643063699 ], [ -105.013818630344005, 39.682326202414899 ], [ -105.013371993747, 39.682320947984103 ], [ -105.012888319840002, 39.682315513521999 ], [ -105.011041509917007, 39.682295102016901 ], [ -105.009986101360994, 39.6822861121207 ], [ -105.008916366522996, 39.682271672649101 ], [ -105.008689828490006, 39.682267738602697 ], [ -105.006790236870998, 39.682248924984002 ], [ -105.006363987127003, 39.682241865929697 ], [ -105.006186707452997, 39.682233216227601 ], [ -105.005241765310004, 39.682216339589502 ], [ -105.004078816752994, 39.682203547447003 ], [ -105.002424165302997, 39.682179054892103 ], [ -105.001827775212007, 39.682177718522503 ], [ -105.001394754114003, 39.682167830555599 ] ] ] } },
{ "type": "Feature", "properties": { "nbhd_id": 55, "neighborhood": "Skyland", "council_district": 9, "population": 3427, "per_capita_income": 72991, "pct_poverty": 7.7035307849430996, "pct_renters": 41.77215189873418, "field_requests": 3650, "field_requests_2025": 395, "field_requests_per_1k_per_year": 152.15307015715538, "top_category": "Solid Waste", "share_open_in_file": 0.08438356164383562, "wait_index": 0.49358654858705497, "ranked_requests": 823, "p50_days": 3.0907754629629629 }, "geometry": { "type": "Polygon", "coordinates": [ [ [ -104.940621034984005, 39.751036810206998 ], [ -104.942402083421996, 39.751134140966499 ], [ -104.943243108146007, 39.7511463581803 ], [ -104.945730023153999, 39.751145743395497 ], [ -104.949061484075997, 39.751153307627703 ], [ -104.949863610947006, 39.7511551153883 ], [ -104.954504738514004, 39.751165465041097 ], [ -104.954944972180996, 39.751151033107597 ], [ -104.955296338359005, 39.751130697654503 ], [ -104.956662208463996, 39.7509952871766 ], [ -104.957259312556005, 39.750931126508803 ], [ -104.957868040177999, 39.750858437422004 ], [ -104.958378966287, 39.750785294741199 ], [ -104.958786527897004, 39.7507411867998 ], [ -104.959222362906999, 39.750720198619398 ], [ -104.959766530048, 39.750717550122097 ], [ -104.959768484026, 39.7519642509519 ], [ -104.959770438139998, 39.753210951054299 ], [ -104.959758089645007, 39.7544675360515 ], [ -104.959759019342997, 39.755731731055803 ], [ -104.959765414152997, 39.756979136293801 ], [ -104.959762892819001, 39.758229587945699 ], [ -104.959753284643, 39.7594765751954 ], [ -104.959758608570993, 39.760747651189597 ], [ -104.959752576190994, 39.761991908487197 ], [ -104.959174563489995, 39.761990283621302 ], [ -104.958564537228995, 39.761988508717799 ], [ -104.957953629412003, 39.761985697121197 ], [ -104.957336496902002, 39.761982853657102 ], [ -104.956721110912, 39.761984132806603 ], [ -104.956104833276001, 39.761985747943797 ], [ -104.955500187696998, 39.7619781482612 ], [ -104.955019458154993, 39.761980025066201 ], [ -104.954874478104998, 39.761987449349299 ], [ -104.953646556715, 39.761979484808101 ], [ -104.952415028085994, 39.761971546683498 ], [ -104.951183402976994, 39.7619635952734 ], [ -104.950075878443002, 39.761956433446699 ], [ -104.949914348945001, 39.761954406520502 ], [ -104.949699319282004, 39.761951707954402 ], [ -104.948923193949994, 39.761936213770198 ], [ -104.948723397945002, 39.761936622920302 ], [ -104.947601245203003, 39.761938914642798 ], [ -104.947493233266997, 39.761939048988197 ], [ -104.947101674647001, 39.761939534974303 ], [ -104.946261958959994, 39.761935588738801 ], [ -104.945888102915006, 39.761933829030397 ], [ -104.945276405778003, 39.761930947318 ], [ -104.945026632742, 39.761929770166901 ], [ -104.944838435620994, 39.761917019509497 ], [ -104.944561951441003, 39.7618919887788 ], [ -104.944239566974005, 39.7618400491681 ], [ -104.943978642092006, 39.761791364665001 ], [ -104.943725308956999, 39.761754578263499 ], [ -104.943502599211001, 39.7617327656206 ], [ -104.943287528075999, 39.7617169195588 ], [ -104.943110766157005, 39.761716083423899 ], [ -104.942910947615999, 39.761715137905 ], [ -104.942711106028, 39.761717157802401 ], [ -104.942534202372002, 39.761734114816797 ], [ -104.942322713707995, 39.761750907967098 ], [ -104.942072657389005, 39.7617853120734 ], [ -104.941660902525001, 39.7618575040552 ], [ -104.941349292294007, 39.761900511982503 ], [ -104.941149331676002, 39.761917357738803 ], [ -104.940715808318004, 39.7619438043222 ], [ -104.940578188695994, 39.761958201106303 ], [ -104.940578474809996, 39.7618009513033 ], [ -104.940585468110996, 39.7601759556293 ], [ -104.940593357474, 39.758295492560897 ], [ -104.940600529478999, 39.756504932252199 ], [ -104.940602160097001, 39.755966182889601 ], [ -104.940606243855001, 39.755008449840901 ], [ -104.940608095258995, 39.754664957668197 ], [ -104.940608274072005, 39.754419600869099 ], [ -104.940614647833996, 39.752840419012003 ], [ -104.940621034984005, 39.751036810206998 ] ] ] } },
{ "type": "Feature", "properties": { "nbhd_id": 61, "neighborhood": "Sun Valley", "council_district": 3, "population": 1038, "per_capita_income": 13347, "pct_poverty": 48.843930635838149, "pct_renters": 91.105121293800536, "field_requests": 2130, "field_requests_2025": 529, "field_requests_per_1k_per_year": 293.14616019818328, "top_category": "Streets & Traffic", "share_open_in_file": 0.041314553990610327, "wait_index": 0.49355765948388547, "ranked_requests": 646, "p50_days": 1.0637384259259259 }, "geometry": { "type": "Polygon", "coordinates": [ [ [ -105.016261337779994, 39.743389931410697 ], [ -105.016337402690993, 39.7432161754775 ], [ -105.016412176873999, 39.743073385924802 ], [ -105.016439260919, 39.743013444661301 ], [ -105.016491828599996, 39.742867818845397 ], [ -105.016593525397994, 39.7425593948333 ], [ -105.017061721649, 39.741314625844304 ], [ -105.017219991066, 39.740923389338199 ], [ -105.017329309291995, 39.740669214387999 ], [ -105.017385186303002, 39.740515535705597 ], [ -105.017461143065006, 39.740306629543802 ], [ -105.017465231168998, 39.740295387056797 ], [ -105.017552274107999, 39.740048327090904 ], [ -105.017838454674006, 39.739283228595902 ], [ -105.01786917906, 39.739210604947601 ], [ -105.017914346149993, 39.739106126924298 ], [ -105.017963194095003, 39.738983476447103 ], [ -105.017982373899002, 39.738909089691198 ], [ -105.018013124280003, 39.7387033207782 ], [ -105.018043992382999, 39.738480394437502 ], [ -105.018060478750996, 39.738280400795603 ], [ -105.018061737888999, 39.738097159736597 ], [ -105.018043932856003, 39.737971491169198 ], [ -105.017993653030004, 39.737785293374102 ], [ -105.017953509802993, 39.7376763477873 ], [ -105.017855835733997, 39.7374014212687 ], [ -105.017680782376004, 39.737003326552497 ], [ -105.017428381423002, 39.736477602874501 ], [ -105.017212640824994, 39.736050515445797 ], [ -105.017155054485997, 39.735893112358397 ], [ -105.017085871910993, 39.735612468166501 ], [ -105.017025815043993, 39.735297545294003 ], [ -105.016995609079999, 39.734778565693297 ], [ -105.017005634712007, 39.733839038918198 ], [ -105.016998463164995, 39.733331477762597 ], [ -105.017003361362001, 39.732941024538498 ], [ -105.017014226716, 39.732074895263402 ], [ -105.016994557977995, 39.731187748745903 ], [ -105.016983167449993, 39.7306475698363 ], [ -105.016966558533994, 39.729832499151399 ], [ -105.016956442547993, 39.729752501411802 ], [ -105.016934753672004, 39.729675201619401 ], [ -105.016898171725003, 39.7295662697449 ], [ -105.016832572941993, 39.7294115788685 ], [ -105.016734480362004, 39.729199789960802 ], [ -105.016675588162002, 39.729103806729199 ], [ -105.016539990957995, 39.728917257151203 ], [ -105.016399810620996, 39.728750935256897 ], [ -105.016091267891994, 39.728380770369597 ], [ -105.015985537991995, 39.728245816793603 ], [ -105.015919606512995, 39.728139852798897 ], [ -105.015824127936, 39.727936309420798 ], [ -105.015722802686994, 39.727678522994601 ], [ -105.015682073541996, 39.727535451435102 ], [ -105.015675074041994, 39.727510864521101 ], [ -105.015650403142999, 39.727350851044598 ], [ -105.015637388166994, 39.727176128867598 ], [ -105.015642165844, 39.726999078291499 ], [ -105.015639648583999, 39.726848764447901 ], [ -105.015659320061005, 39.7265743175182 ], [ -105.015676352976996, 39.726295742119902 ], [ -105.015676801039007, 39.726290132878702 ], [ -105.015700676733999, 39.7259911166256 ], [ -105.015716615458004, 39.725871076208399 ], [ -105.015743602995002, 39.7256954897776 ], [ -105.015743978981007, 39.725692590276203 ], [ -105.015768559303993, 39.725503093525901 ], [ -105.016858014530001, 39.725423578452698 ], [ -105.017634119492996, 39.7253697146039 ], [ -105.018012336094998, 39.725351130270496 ], [ -105.018277517526002, 39.725338792920503 ], [ -105.018677544491993, 39.725319700738098 ], [ -105.019427031053993, 39.7253334268595 ], [ -105.020213331443003, 39.725376905550903 ], [ -105.021922643764, 39.725491249306401 ], [ -105.022298412477994, 39.725512909985298 ], [ -105.022924107446002, 39.7255288721799 ], [ -105.023880146953005, 39.725536100939699 ], [ -105.024604377971997, 39.725539852731202 ], [ -105.024885181932007, 39.725541306316998 ], [ -105.025136108953006, 39.725542604516598 ], [ -105.025135755191997, 39.725678182405296 ], [ -105.025146423167001, 39.725940399187202 ], [ -105.025134904704998, 39.727510649796798 ], [ -105.025137876261994, 39.728384688416 ], [ -105.025152759183001, 39.729217545532798 ], [ -105.025154636721993, 39.729322609433297 ], [ -105.025154962553998, 39.729423367570597 ], [ -105.025157798215005, 39.730299939007701 ], [ -105.025156181913999, 39.731195233914598 ], [ -105.025162703, 39.732989293375397 ], [ -105.025156667716999, 39.733880794932197 ], [ -105.025164062223993, 39.734758279672398 ], [ -105.025190673845998, 39.735685601798998 ], [ -105.025175679084001, 39.7365818071993 ], [ -105.025151843700996, 39.738007252470901 ], [ -105.025224878122003, 39.739825254142801 ], [ -105.025221422539005, 39.740072999900299 ], [ -105.025219960895996, 39.740420269485803 ], [ -105.025212868401994, 39.740680011151902 ], [ -105.025218373669006, 39.742399937037298 ], [ -105.025219432645997, 39.742730746498097 ], [ -105.025218246676005, 39.743956499417997 ], [ -105.025210094737005, 39.745160604870499 ], [ -105.025213503220996, 39.746364414257698 ], [ -105.023624748003996, 39.746362453527098 ], [ -105.023619661732994, 39.7471112011416 ], [ -105.023616412243001, 39.747589548556803 ], [ -105.022068494186001, 39.747592537927503 ], [ -105.020508987431, 39.747599920441502 ], [ -105.020490236355997, 39.746831515983999 ], [ -105.020482931537003, 39.746392448400002 ], [ -105.019629092190002, 39.746388076922898 ], [ -105.018981866960999, 39.746385433246097 ], [ -105.018320310088995, 39.746380285179001 ], [ -105.018317970468999, 39.746337597414097 ], [ -105.018219412112998, 39.745890623028401 ], [ -105.018081064471005, 39.745546076229999 ], [ -105.017864836699005, 39.745158966731303 ], [ -105.017564004068007, 39.744757703213502 ], [ -105.017415548699006, 39.7445596848615 ], [ -105.016833294826, 39.743971925156501 ], [ -105.016313296635005, 39.743426661579299 ], [ -105.016261337779994, 39.743389931410697 ] ] ] } },
{ "type": "Feature", "properties": { "nbhd_id": 54, "neighborhood": "Ruby Hill", "council_district": 7, "population": 9054, "per_capita_income": 55007, "pct_poverty": 23.492379058979456, "pct_renters": 44.882550335570471, "field_requests": 7602, "field_requests_2025": 955, "field_requests_per_1k_per_year": 119.94698475811796, "top_category": "Solid Waste", "share_open_in_file": 0.095238095238095233, "wait_index": 0.49338987855700345, "ranked_requests": 1720, "p50_days": 2.1591608796296295 }, "geometry": { "type": "Polygon", "coordinates": [ [ [ -104.992384178403995, 39.696660972371497 ], [ -104.992393361316005, 39.696509281460699 ], [ -104.992405386903997, 39.6964434460766 ], [ -104.992435272652997, 39.696364990461802 ], [ -104.992525312398996, 39.696199630688398 ], [ -104.992615406105003, 39.6960267216784 ], [ -104.992690446430004, 39.695846884722201 ], [ -104.992754596818003, 39.695698571487803 ], [ -104.992860193701006, 39.6954701367208 ], [ -104.992886472937002, 39.695398872029003 ], [ -104.992928331309997, 39.695261787090303 ], [ -104.993004175175997, 39.6949704245243 ], [ -104.993042769073995, 39.694793175398303 ], [ -104.993076546984, 39.694667722820697 ], [ -104.993107567704001, 39.694554955516303 ], [ -104.993194753319997, 39.694292124784099 ], [ -104.993322307501003, 39.693975247741903 ], [ -104.993551132975, 39.6935359538965 ], [ -104.993746313873004, 39.6932035823463 ], [ -104.993915297103996, 39.692931151021902 ], [ -104.994034562932995, 39.692777240257101 ], [ -104.994191325413993, 39.6925977535684 ], [ -104.994533886438006, 39.692277338281201 ], [ -104.994679501953001, 39.692165063366701 ], [ -104.994835806430004, 39.692048715754197 ], [ -104.994983890927003, 39.6919635609895 ], [ -104.995451984365999, 39.691728100616302 ], [ -104.995775597586004, 39.691570603456199 ], [ -104.996124855882002, 39.691429344452096 ], [ -104.996414369085997, 39.691319056122303 ], [ -104.996885797654997, 39.6911383621295 ], [ -104.997144841533, 39.691039072012202 ], [ -104.997449434073005, 39.690931590873099 ], [ -104.997668599811007, 39.690843991077998 ], [ -104.997932368514, 39.690730500839003 ], [ -104.998162295906994, 39.6906285331251 ], [ -104.998321860643998, 39.690552001838903 ], [ -104.998493095496997, 39.690458362156299 ], [ -104.998690337133993, 39.690330516441897 ], [ -104.998913645849996, 39.690159886218403 ], [ -104.999125282212006, 39.690006363800698 ], [ -104.999302126307001, 39.689873282830902 ], [ -104.999352142076006, 39.6898357478102 ], [ -104.999419153332994, 39.689781813028098 ], [ -104.999501388330998, 39.689710785201697 ], [ -104.999546193672998, 39.689656412442602 ], [ -104.999610038190994, 39.689548244392498 ], [ -104.999657681792002, 39.689419923779802 ], [ -104.99967796848, 39.689365283423598 ], [ -104.999723424343003, 39.689219632199404 ], [ -104.999784306386005, 39.689028405189703 ], [ -104.999814518468, 39.688902592183503 ], [ -104.999860491624005, 39.688684192147797 ], [ -104.999916709131, 39.6885241736355 ], [ -104.999988873991995, 39.688370056351303 ], [ -105.000052175201006, 39.688213156322 ], [ -105.000079496465005, 39.688118902248199 ], [ -105.000083374946996, 39.688073277939203 ], [ -105.000090860599997, 39.688020119153499 ], [ -105.000091266320993, 39.687963155711302 ], [ -105.000092192636998, 39.6878330999387 ], [ -105.000092620352007, 39.687773048195297 ], [ -105.000108231902999, 39.687701392851501 ], [ -105.000179790678999, 39.687507466128501 ], [ -105.000232189260004, 39.687384492671796 ], [ -105.000285370876995, 39.687276278809797 ], [ -105.000315173068003, 39.687207772378201 ], [ -105.000348692683005, 39.687116290062697 ], [ -105.000394225788995, 39.686959313630602 ], [ -105.000425690778002, 39.686782031589303 ], [ -105.000471570025994, 39.686576327367497 ], [ -105.000498287802998, 39.686441920480199 ], [ -105.000532150926006, 39.686302053263098 ], [ -105.000901563295002, 39.684945375356001 ], [ -105.001302543427997, 39.683644422372502 ], [ -105.001348114105994, 39.683481612351599 ], [ -105.001393745515998, 39.683310222988702 ], [ -105.001409454680996, 39.683224498336997 ], [ -105.001430343029995, 39.682909904594801 ], [ -105.001432373360998, 39.682624056617797 ], [ -105.001412675599994, 39.682270856056398 ], [ -105.001394754114003, 39.682167830555599 ], [ -105.001827775212007, 39.682177718522503 ], [ -105.002424165302997, 39.682179054892103 ], [ -105.004078816752994, 39.682203547447003 ], [ -105.005241765310004, 39.682216339589502 ], [ -105.006186707452997, 39.682233216227601 ], [ -105.006363987127003, 39.682241865929697 ], [ -105.006790236870998, 39.682248924984002 ], [ -105.008689828490006, 39.682267738602697 ], [ -105.008916366522996, 39.682271672649101 ], [ -105.009986101360994, 39.6822861121207 ], [ -105.011041509917007, 39.682295102016901 ], [ -105.012888319840002, 39.682315513521999 ], [ -105.013371993747, 39.682320947984103 ], [ -105.013818630344005, 39.682326202414899 ], [ -105.014736517822001, 39.682336643063699 ], [ -105.015692727128993, 39.6823391358352 ], [ -105.016864407260002, 39.682319644240103 ], [ -105.018029935946998, 39.682312317812602 ], [ -105.019192617095996, 39.682301745040398 ], [ -105.020366548837004, 39.682296044349798 ], [ -105.021537539077997, 39.682286990072903 ], [ -105.022701561733001, 39.682280127640702 ], [ -105.023745856228004, 39.682273096639598 ], [ -105.025037985048996, 39.682270753213103 ], [ -105.025042369773999, 39.684078957890897 ], [ -105.025044030703995, 39.684972344399398 ], [ -105.025054254644004, 39.6858860863383 ], [ -105.025051253656997, 39.687680300547399 ], [ -105.025057606803998, 39.6894864522056 ], [ -105.025059366229996, 39.690805255500599 ], [ -105.025062032128005, 39.691297472390602 ], [ -105.025063676260999, 39.693109461850398 ], [ -105.025067070041999, 39.694918802757897 ], [ -105.025059102547999, 39.696747280923397 ], [ -105.023717595394999, 39.696734489475404 ], [ -105.022725789808007, 39.696736845203603 ], [ -105.021553919073, 39.696739289560199 ], [ -105.020359835574993, 39.696741975226303 ], [ -105.019223466553001, 39.696749688667303 ], [ -105.018061365758996, 39.6967524816964 ], [ -105.017014742327007, 39.6967581394888 ], [ -105.015690202797003, 39.696763587716497 ], [ -105.013873210764004, 39.696758347364302 ], [ -105.012707647157001, 39.696747920276302 ], [ -105.011706419017003, 39.696741365155503 ], [ -105.010708710638994, 39.696739620288596 ], [ -105.009362777133006, 39.696731610491597 ], [ -105.008709791995003, 39.6967288843286 ], [ -105.006595340481994, 39.696725151588403 ], [ -105.006166677739003, 39.696723528583199 ], [ -105.001515352064004, 39.696705814892702 ], [ -105.000314214983007, 39.696700717281402 ], [ -104.999149520111004, 39.696693360093597 ], [ -104.997964374476993, 39.696688306586303 ], [ -104.996792555471004, 39.696683298160501 ], [ -104.995618089163003, 39.696675864633796 ], [ -104.994440051504, 39.696670806092698 ], [ -104.992945755934002, 39.696661970277603 ], [ -104.992384178403995, 39.696660972371497 ] ] ] } },
{ "type": "Feature", "properties": { "nbhd_id": 52, "neighborhood": "Regis", "council_district": 1, "population": 4626, "per_capita_income": 52275, "pct_poverty": 14.190744055228841, "pct_renters": 29.411764705882355, "field_requests": 4580, "field_requests_2025": 577, "field_requests_per_1k_per_year": 141.43660058056946, "top_category": "Streets & Traffic", "share_open_in_file": 0.073799126637554585, "wait_index": 0.49270471603447052, "ranked_requests": 1082, "p50_days": 2.7734317129629624 }, "geometry": { "type": "Polygon", "coordinates": [ [ [ -105.029959103636003, 39.792031500627097 ], [ -105.029950945980005, 39.7911255499763 ], [ -105.025239548848006, 39.791107336204398 ], [ -105.025191453795003, 39.791115377747403 ], [ -105.025184566589004, 39.789243117196001 ], [ -105.025223302762001, 39.7874647192303 ], [ -105.025185190597, 39.785605713376498 ], [ -105.025196124114998, 39.784648363598798 ], [ -105.025192462288004, 39.784384737499202 ], [ -105.025335730389003, 39.784380609861103 ], [ -105.025373096180004, 39.784379534094299 ], [ -105.025655438168002, 39.784366469779101 ], [ -105.026017673506999, 39.784334790398503 ], [ -105.026594694246, 39.784299239619997 ], [ -105.027313028475007, 39.7842358497387 ], [ -105.028090001183003, 39.784129649498702 ], [ -105.030055242836994, 39.783861005369602 ], [ -105.031702540235003, 39.783584824662299 ], [ -105.032110005594006, 39.783516506170699 ], [ -105.032441682376998, 39.783465749699097 ], [ -105.032656590033, 39.783442932437097 ], [ -105.032846892711007, 39.7834294863042 ], [ -105.033132407392003, 39.783399847005398 ], [ -105.033377804663999, 39.783405554064203 ], [ -105.033751987984004, 39.783421238269703 ], [ -105.034549474079995, 39.783448063071702 ], [ -105.034573764795994, 39.783450090836503 ], [ -105.035561334194, 39.783532536666598 ], [ -105.036269712739994, 39.783580301321102 ], [ -105.036625585427004, 39.783581702328497 ], [ -105.037214553713, 39.783593487159997 ], [ -105.038282169539002, 39.783597678378896 ], [ -105.041009672650006, 39.783582304507298 ], [ -105.043307519595999, 39.783588872915999 ], [ -105.043540615362005, 39.783599244386103 ], [ -105.043785890405999, 39.783623865224698 ], [ -105.043941135431993, 39.783643707046103 ], [ -105.044034187506995, 39.7836555980724 ], [ -105.044236451638, 39.783689518830997 ], [ -105.044745011917001, 39.783800367984 ], [ -105.045253172637004, 39.783972755491597 ], [ -105.046097241645995, 39.784387868947697 ], [ -105.046485745843, 39.784562157210701 ], [ -105.046816039971006, 39.784724383924399 ], [ -105.047091510556996, 39.7848248579147 ], [ -105.047403765267006, 39.7849302061041 ], [ -105.047709946121003, 39.785026062811298 ], [ -105.047985786254003, 39.7850697272956 ], [ -105.048249353442998, 39.785113344498697 ], [ -105.048537587428996, 39.785138120503802 ], [ -105.048862727190993, 39.785148834877504 ], [ -105.049418251400994, 39.785115456226102 ], [ -105.049697492771998, 39.785069739299402 ], [ -105.049842082210006, 39.785046067606402 ], [ -105.050315181607004, 39.784948461926597 ], [ -105.050708725967993, 39.784817412307298 ], [ -105.050917830120994, 39.784742465542301 ], [ -105.051742756565005, 39.784319550541497 ], [ -105.052386048361996, 39.783992985801603 ], [ -105.052613767536997, 39.7838849696628 ], [ -105.052970517356997, 39.783749038351502 ], [ -105.053184076072995, 39.783688760173703 ], [ -105.053234468135997, 39.783674537068201 ], [ -105.053243743950006, 39.783671660141103 ], [ -105.053243745176005, 39.783677396915202 ], [ -105.053243761198004, 39.783814109851697 ], [ -105.062659366383002, 39.783848085539603 ], [ -105.062651739721005, 39.7883491692115 ], [ -105.064905046210001, 39.788357516465801 ], [ -105.064900866911998, 39.790320322293098 ], [ -105.064313719354999, 39.790319524004403 ], [ -105.064311660596999, 39.791079937533901 ], [ -105.062646276330995, 39.791077882135802 ], [ -105.062647153981999, 39.790509628427301 ], [ -105.061796721405997, 39.7905013195805 ], [ -105.061481755962006, 39.791075953427203 ], [ -105.053246475931005, 39.791064215482798 ], [ -105.044037599964994, 39.791103725831903 ], [ -105.034646331860003, 39.791143511975299 ], [ -105.034505772833995, 39.791142956446798 ], [ -105.034518437599999, 39.792048924558301 ], [ -105.029959103636003, 39.792031500627097 ] ] ] } },
{ "type": "Feature", "properties": { "nbhd_id": 60, "neighborhood": "Central Park", "council_district": 8, "population": 31596, "per_capita_income": 444118, "pct_poverty": 4.0422927857482831, "pct_renters": 29.352708058124172, "field_requests": 20510, "field_requests_2025": 3189, "field_requests_per_1k_per_year": 92.733257374351183, "top_category": "Solid Waste", "share_open_in_file": 0.052023403217942465, "wait_index": 0.49246671754684573, "ranked_requests": 4959, "p50_days": 1.8599189814814814 }, "geometry": { "type": "Polygon", "coordinates": [ [ [ -104.866035226845995, 39.7984106722269 ], [ -104.866040845537995, 39.798387305124699 ], [ -104.866057610699002, 39.798257333178697 ], [ -104.866046505284999, 39.796940736407798 ], [ -104.865999465605, 39.794510622249902 ], [ -104.865991566998005, 39.792682382844703 ], [ -104.865985151453003, 39.791197984365603 ], [ -104.865981344663993, 39.790316709810199 ], [ -104.865978531753996, 39.7901377469761 ], [ -104.865944249303993, 39.786747786319999 ], [ -104.865919558689995, 39.784306299615899 ], [ -104.865900636768004, 39.782435297771599 ], [ -104.865904128180006, 39.782278180051698 ], [ -104.865897559103999, 39.780596580403298 ], [ -104.865890776699004, 39.778860952336501 ], [ -104.865890358979996, 39.778685973411903 ], [ -104.865894835166998, 39.777081302271299 ], [ -104.865892498524005, 39.776911592650599 ], [ -104.865887872862999, 39.775938670783198 ], [ -104.865887419006995, 39.775843290303598 ], [ -104.865812197934005, 39.775840361014701 ], [ -104.862896999387004, 39.775580003425802 ], [ -104.861540504995006, 39.775467907723197 ], [ -104.859786720589, 39.775322958519602 ], [ -104.856590172525003, 39.775047566311898 ], [ -104.853744990682003, 39.774800701695803 ], [ -104.851880152671001, 39.774629744467099 ], [ -104.851061216698, 39.7745546612475 ], [ -104.848054815946, 39.7742934256624 ], [ -104.847035536838007, 39.7742046805554 ], [ -104.845054198650999, 39.774032148893902 ], [ -104.841941329631993, 39.773764652665399 ], [ -104.840792280312996, 39.773665890688598 ], [ -104.837607366975007, 39.773394492899499 ], [ -104.834462866818996, 39.773118791776398 ], [ -104.833824236449004, 39.773063214190103 ], [ -104.831566010806995, 39.772866651956797 ], [ -104.830389048626998, 39.772766307091999 ], [ -104.828163414852, 39.772576521232502 ], [ -104.828163789146004, 39.772478739633897 ], [ -104.828173378610003, 39.7691580496124 ], [ -104.832869116538006, 39.769172743377503 ], [ -104.832868995262999, 39.766568855720898 ], [ -104.832870027450994, 39.766366739798201 ], [ -104.833591410170001, 39.766540003286302 ], [ -104.835572835003006, 39.766917353696698 ], [ -104.837590237433005, 39.767160012323899 ], [ -104.856403829081998, 39.768569404215498 ], [ -104.856397935600995, 39.767661375767702 ], [ -104.856362711605996, 39.762004903208201 ], [ -104.856337809563996, 39.7581305013478 ], [ -104.855481762726001, 39.7578097671324 ], [ -104.854972891344005, 39.757931889556701 ], [ -104.854827785515994, 39.757852853787 ], [ -104.854314430415002, 39.758075494734797 ], [ -104.853447884670004, 39.757640759002001 ], [ -104.852970776389995, 39.757500530166702 ], [ -104.852018997117995, 39.757341901986202 ], [ -104.850777601472998, 39.756770563762998 ], [ -104.848218913856002, 39.7564335093643 ], [ -104.848012708848003, 39.7554674017126 ], [ -104.847738962041007, 39.755262734782598 ], [ -104.846868719978005, 39.755232858173798 ], [ -104.846863679494007, 39.7547239235356 ], [ -104.856316543790001, 39.754732076643798 ], [ -104.865779125949999, 39.754746728730503 ], [ -104.865967633322995, 39.754746714884597 ], [ -104.865967839571994, 39.754822211080601 ], [ -104.875219843251998, 39.7548198704391 ], [ -104.875326543385995, 39.754820093666403 ], [ -104.875326326800007, 39.754744597485697 ], [ -104.879934974774002, 39.754744259974899 ], [ -104.879940769176002, 39.747452493044698 ], [ -104.884657378065, 39.747455287535303 ], [ -104.884664081655998, 39.7474684820316 ], [ -104.885826739316997, 39.747466376396602 ], [ -104.887001445283005, 39.747465640291701 ], [ -104.888174541233994, 39.747464881632098 ], [ -104.889330364640998, 39.7474643646296 ], [ -104.890505371402, 39.747464052062099 ], [ -104.891681144011002, 39.747462072796203 ], [ -104.892846753843003, 39.747460717514798 ], [ -104.894015040577997, 39.747458096603303 ], [ -104.896375655316007, 39.747450662412298 ], [ -104.897560561332, 39.747444607027198 ], [ -104.898767376842997, 39.747442599240699 ], [ -104.898749603013997, 39.749825748908002 ], [ -104.898734944156999, 39.751016749993902 ], [ -104.899890083189007, 39.751020620011602 ], [ -104.901062970721, 39.7510175704262 ], [ -104.902237232694006, 39.751018665471499 ], [ -104.903427578579993, 39.751016570301601 ], [ -104.903424647649004, 39.752213010654103 ], [ -104.903423637149999, 39.753407924999301 ], [ -104.903403318562994, 39.754730697284899 ], [ -104.903393728135995, 39.7580154427718 ], [ -104.903458937319002, 39.758410050893197 ], [ -104.903461861237005, 39.760219661608602 ], [ -104.903456516909003, 39.761424142924 ], [ -104.903439419912004, 39.761983809070799 ], [ -104.903429001385007, 39.763835929165303 ], [ -104.903449261706996, 39.765643579018203 ], [ -104.903447094583001, 39.766726431279601 ], [ -104.903452079068998, 39.7674606385782 ], [ -104.903458283399999, 39.768047154385599 ], [ -104.903516910232995, 39.768191861016298 ], [ -104.903513298544993, 39.768475581388003 ], [ -104.903495186933995, 39.769277272020403 ], [ -104.903493164134005, 39.771101628357002 ], [ -104.903492028447999, 39.771769248728503 ], [ -104.903497518668999, 39.772733397480799 ], [ -104.903499951203003, 39.773312463224698 ], [ -104.903505825373003, 39.773435309602903 ], [ -104.903511611327005, 39.773568831307401 ], [ -104.903531121922001, 39.773715773348897 ], [ -104.903540748826998, 39.773803928374299 ], [ -104.903556824491005, 39.773948182683398 ], [ -104.903619246011999, 39.774338302203098 ], [ -104.903642237046995, 39.774482591500202 ], [ -104.903654965377001, 39.774613479603403 ], [ -104.903657401190003, 39.774733637632004 ], [ -104.903660106326996, 39.774820265312897 ], [ -104.903583955848006, 39.775232532395101 ], [ -104.903586775169998, 39.776527437044201 ], [ -104.903565413619006, 39.777311090231699 ], [ -104.903496844312002, 39.7773932610475 ], [ -104.903560570454999, 39.777440953716201 ], [ -104.903568499366003, 39.778185148910303 ], [ -104.903568052717006, 39.778237640718402 ], [ -104.903567439452999, 39.778309713435597 ], [ -104.903568839808997, 39.778431149464303 ], [ -104.903569520022998, 39.778489841509 ], [ -104.903571493216006, 39.778660108943598 ], [ -104.903549703148002, 39.779153941976801 ], [ -104.903539269893997, 39.779284500285002 ], [ -104.903531353109997, 39.7793356928983 ], [ -104.903542103622001, 39.781467223842903 ], [ -104.903534610221996, 39.782835888241401 ], [ -104.903510614306001, 39.783823373777402 ], [ -104.903533951170004, 39.791115863200098 ], [ -104.903554749766002, 39.798393563771597 ], [ -104.901419390952995, 39.798392338433203 ], [ -104.901417260195004, 39.800204173782099 ], [ -104.899068305072007, 39.800202849936497 ], [ -104.899070496502006, 39.798391014177803 ], [ -104.894165399138004, 39.798388189058201 ], [ -104.884627455712007, 39.798383005176198 ], [ -104.884449507363996, 39.798383104658498 ], [ -104.884427334639, 39.805667436930399 ], [ -104.884405467433993, 39.812815176231901 ], [ -104.875332583000997, 39.8128302095379 ], [ -104.866260575048003, 39.812845578798402 ], [ -104.866236253565006, 39.805696555405099 ], [ -104.866213175612998, 39.7984106003682 ], [ -104.866035226845995, 39.7984106722269 ] ] ] } },
{ "type": "Feature", "properties": { "nbhd_id": 31, "neighborhood": "Hale", "council_district": 5, "population": 9155, "per_capita_income": 222965, "pct_poverty": 5.062872270019855, "pct_renters": 57.137137137137138, "field_requests": 8725, "field_requests_2025": 1165, "field_requests_per_1k_per_year": 136.14730436139502, "top_category": "Streets & Traffic", "share_open_in_file": 0.068424068767908311, "wait_index": 0.49220912525639204, "ranked_requests": 2598, "p50_days": 2.8282349537037041 }, "geometry": { "type": "Polygon", "coordinates": [ [ [ -104.922321255428997, 39.7401429843041 ], [ -104.922324920459005, 39.738299258300202 ], [ -104.922334443066006, 39.736680334876198 ], [ -104.922331470987004, 39.735105472862799 ], [ -104.922324700513997, 39.734706264662599 ], [ -104.922330028199994, 39.733653566603998 ], [ -104.922319660032997, 39.732880360469203 ], [ -104.922324797325004, 39.7316724591563 ], [ -104.922312539985995, 39.731067333625496 ], [ -104.922314162790997, 39.730481432099303 ], [ -104.922313891523999, 39.729262043361501 ], [ -104.922808325451001, 39.729255823091599 ], [ -104.922811081700004, 39.728066719491103 ], [ -104.922798781186998, 39.725632079532801 ], [ -104.923901971701, 39.725627642421799 ], [ -104.925001156009003, 39.725627551401701 ], [ -104.926104937190999, 39.7256260784388 ], [ -104.927210775890998, 39.725623681945997 ], [ -104.928312508225005, 39.725621255055003 ], [ -104.929413468823995, 39.725621452740903 ], [ -104.930521663247006, 39.7256163983186 ], [ -104.931618924785994, 39.7256171590032 ], [ -104.932715133873998, 39.725613741611298 ], [ -104.933817518794001, 39.725615747772103 ], [ -104.934927336583996, 39.7256123746578 ], [ -104.936017385612004, 39.725608920548602 ], [ -104.937156076221001, 39.725610600666897 ], [ -104.938311859229998, 39.725604327311402 ], [ -104.939471325686, 39.725606210079299 ], [ -104.940691440635007, 39.7255997479797 ], [ -104.940700783791996, 39.726880470147698 ], [ -104.940699160761994, 39.727307011687202 ], [ -104.940692735205999, 39.729227652669699 ], [ -104.940688969684999, 39.730480171899799 ], [ -104.940688152996998, 39.731028538431197 ], [ -104.940682501322001, 39.732071719362303 ], [ -104.940678100439001, 39.7328465550628 ], [ -104.940673557170996, 39.733639233522297 ], [ -104.940667839130995, 39.734690649415299 ], [ -104.940661976561998, 39.735091432448797 ], [ -104.940670412944996, 39.736708785658003 ], [ -104.940664110580997, 39.738279398114898 ], [ -104.940663578845005, 39.740129369815001 ], [ -104.939489130913003, 39.740135763210503 ], [ -104.938944088826005, 39.740130448429198 ], [ -104.938385404477998, 39.740132349723901 ], [ -104.937237137498997, 39.740138504425403 ], [ -104.936148414450003, 39.740137302802701 ], [ -104.935517592639997, 39.740137710527002 ], [ -104.935002769188003, 39.740137644009799 ], [ -104.933801093515001, 39.7401365658394 ], [ -104.932691420176994, 39.740137056217399 ], [ -104.932087401890001, 39.740133931209201 ], [ -104.931534774480994, 39.7401358302156 ], [ -104.930934402879004, 39.740134538486501 ], [ -104.930379668878999, 39.740134941821303 ], [ -104.929799659721994, 39.740135564049403 ], [ -104.929220845787, 39.740135847444101 ], [ -104.928658525035999, 39.740136206717999 ], [ -104.928067182754006, 39.740138584502397 ], [ -104.927526195474996, 39.740138700681399 ], [ -104.926900542612003, 39.740143071641697 ], [ -104.925776349802007, 39.740150709611903 ], [ -104.924609372332995, 39.740146408062103 ], [ -104.923431145660999, 39.740150459768898 ], [ -104.922321255428997, 39.7401429843041 ] ] ] } },
{ "type": "Feature", "properties": { "nbhd_id": 48, "neighborhood": "North Park Hill", "council_district": 8, "population": 10964, "per_capita_income": 141768, "pct_poverty": 7.451659978110178, "pct_renters": 18.620378719567178, "field_requests": 9536, "field_requests_2025": 957, "field_requests_per_1k_per_year": 124.25079480898523, "top_category": "Solid Waste", "share_open_in_file": 0.087248322147651006, "wait_index": 0.49110374337919538, "ranked_requests": 2116, "p50_days": 2.896099537037037 }, "geometry": { "type": "Polygon", "coordinates": [ [ [ -104.903424647649004, 39.752213010654103 ], [ -104.903427578579993, 39.751016570301601 ], [ -104.904642547297001, 39.751016784677603 ], [ -104.905812836378004, 39.751015322895398 ], [ -104.906954138464997, 39.751013940145199 ], [ -104.90816466071, 39.751012894035298 ], [ -104.909372938115993, 39.7510099755821 ], [ -104.910507364858006, 39.751011956592002 ], [ -104.911682342120002, 39.751008503400797 ], [ -104.912132027005995, 39.751009492108601 ], [ -104.912275333528996, 39.751013158063103 ], [ -104.912386109208001, 39.751026956120803 ], [ -104.912849228954997, 39.751081286999103 ], [ -104.913987759327995, 39.751084966695501 ], [ -104.915156665424007, 39.751079454165101 ], [ -104.916333223845001, 39.751083234243197 ], [ -104.917549988087003, 39.7510756771781 ], [ -104.918762034585995, 39.751076868658402 ], [ -104.919933300370005, 39.751075365037003 ], [ -104.921107596647005, 39.751076889214701 ], [ -104.922283419349995, 39.751071407176902 ], [ -104.923472494460995, 39.7510682643141 ], [ -104.924636931471994, 39.751065523328698 ], [ -104.925785654348999, 39.7510656128091 ], [ -104.926989544091001, 39.751064928650401 ], [ -104.928161413012006, 39.751063395917399 ], [ -104.929332400167993, 39.751058425365997 ], [ -104.930503391502995, 39.751057927811303 ], [ -104.931701131473005, 39.7510558434833 ], [ -104.932833003886003, 39.751052748278802 ], [ -104.933933803108005, 39.751044989042597 ], [ -104.935038989450007, 39.751047551711203 ], [ -104.936139758051993, 39.751048714046497 ], [ -104.937242275092999, 39.751049183728398 ], [ -104.938343965038996, 39.751043127323797 ], [ -104.939447353534007, 39.751041864377697 ], [ -104.940621034984005, 39.751036810206998 ], [ -104.940614647833996, 39.752840419012003 ], [ -104.940608274072005, 39.754419600869099 ], [ -104.940608095258995, 39.754664957668197 ], [ -104.940606243855001, 39.755008449840901 ], [ -104.940602160097001, 39.755966182889601 ], [ -104.940600529478999, 39.756504932252199 ], [ -104.940593357474, 39.758295492560897 ], [ -104.940585468110996, 39.7601759556293 ], [ -104.940578474809996, 39.7618009513033 ], [ -104.940578188695994, 39.761958201106303 ], [ -104.939679923531003, 39.761995202827798 ], [ -104.939526601428, 39.761998599113603 ], [ -104.939314516118003, 39.761994837867 ], [ -104.938082853940003, 39.761990342298098 ], [ -104.936852573316003, 39.761995466502803 ], [ -104.935621026817998, 39.761997822519199 ], [ -104.935015078500996, 39.761999658916999 ], [ -104.934391973526999, 39.762001544458002 ], [ -104.933167048857996, 39.762002525639701 ], [ -104.931852991731006, 39.762000331496999 ], [ -104.929355750574004, 39.7619978797321 ], [ -104.927593969233001, 39.762005841749499 ], [ -104.925815625864004, 39.762010929985301 ], [ -104.924034459422003, 39.762018464079603 ], [ -104.922445107517007, 39.762014591711903 ], [ -104.922291588994995, 39.7620073122647 ], [ -104.922135840455994, 39.761996109736401 ], [ -104.921973528760006, 39.761995312801403 ], [ -104.921134989303994, 39.761993801180303 ], [ -104.919974246394005, 39.761995932095303 ], [ -104.918812642671, 39.7619915133888 ], [ -104.917586829431002, 39.761993249276102 ], [ -104.916376204857997, 39.761997708141898 ], [ -104.915212829065993, 39.761998461857701 ], [ -104.914052641045998, 39.7619992036837 ], [ -104.912851305662997, 39.7619958343642 ], [ -104.912431040100998, 39.7619741693292 ], [ -104.911729986482001, 39.761976767782301 ], [ -104.910573369546, 39.7619765217515 ], [ -104.909408871172005, 39.761976249905601 ], [ -104.908180357662999, 39.761977467677397 ], [ -104.906948392762004, 39.7619749667316 ], [ -104.905791681026997, 39.761974693514198 ], [ -104.903439419912004, 39.761983809070799 ], [ -104.903456516909003, 39.761424142924 ], [ -104.903461861237005, 39.760219661608602 ], [ -104.903458937319002, 39.758410050893197 ], [ -104.903393728135995, 39.7580154427718 ], [ -104.903403318562994, 39.754730697284899 ], [ -104.903423637149999, 39.753407924999301 ], [ -104.903424647649004, 39.752213010654103 ] ] ] } },
{ "type": "Feature", "properties": { "nbhd_id": 62, "neighborhood": "Sunnyside", "council_district": 1, "population": 9854, "per_capita_income": 199540, "pct_poverty": 13.130176909704469, "pct_renters": 37.177888611803823, "field_requests": 12026, "field_requests_2025": 1769, "field_requests_per_1k_per_year": 174.34544347473107, "top_category": "Neighborhood Inspection", "share_open_in_file": 0.085564610011641437, "wait_index": 0.49037793538267699, "ranked_requests": 3314, "p50_days": 3.100219907407407 }, "geometry": { "type": "Polygon", "coordinates": [ [ [ -104.998175518856002, 39.7825648301854 ], [ -104.998202362390003, 39.778337021977201 ], [ -104.998194711237005, 39.776548130400897 ], [ -104.998192510408003, 39.775488806123597 ], [ -104.998191798562999, 39.774221536247097 ], [ -104.998210483622998, 39.772978026139597 ], [ -104.998209631471994, 39.771730314362998 ], [ -104.998197991935001, 39.770498684154902 ], [ -104.998204327002995, 39.769386742643398 ], [ -104.998203286901003, 39.769297304342601 ], [ -104.998381209987002, 39.769296020186502 ], [ -105.000435707267002, 39.769320002507499 ], [ -105.000588374323996, 39.769287219271597 ], [ -105.001174482728004, 39.7692845568534 ], [ -105.001759701770993, 39.769281887954101 ], [ -105.002359150019998, 39.769279276296601 ], [ -105.002966602591002, 39.769276695181098 ], [ -105.003557985640995, 39.769282621768497 ], [ -105.003614011558994, 39.769283201190497 ], [ -105.004137807999001, 39.769288497342899 ], [ -105.004705237500005, 39.769286081589001 ], [ -105.005287788470994, 39.7692833839263 ], [ -105.005861411853004, 39.769285450167501 ], [ -105.006048172701, 39.7692862339416 ], [ -105.006458156055004, 39.769287953468499 ], [ -105.007037132820003, 39.769287633968197 ], [ -105.007438234901997, 39.769287597181403 ], [ -105.008033216883007, 39.7692876828701 ], [ -105.009618062837006, 39.7692870892391 ], [ -105.010217492178995, 39.769287182464197 ], [ -105.010614147347994, 39.7692871163052 ], [ -105.011202017252003, 39.769286813491803 ], [ -105.011801441033995, 39.769287584922502 ], [ -105.012199870908006, 39.769288206923498 ], [ -105.012368849297005, 39.769288220891902 ], [ -105.012794864819995, 39.769286553288197 ], [ -105.012965612564997, 39.769287945908701 ], [ -105.013374694871999, 39.769291353329102 ], [ -105.013535659892995, 39.769292705085398 ], [ -105.013785568271004, 39.7692930510159 ], [ -105.014108404115007, 39.769293354519 ], [ -105.014399224100998, 39.7692935250274 ], [ -105.014711385772003, 39.769294125967903 ], [ -105.014951530405, 39.769291684400599 ], [ -105.015288621612001, 39.769288268611 ], [ -105.015868522676996, 39.769282762506499 ], [ -105.017422303838998, 39.769273013636997 ], [ -105.017995054688001, 39.769272614924503 ], [ -105.018394380399997, 39.7692721901632 ], [ -105.018975137637, 39.7692714763146 ], [ -105.020523550923002, 39.769266125715902 ], [ -105.021122052818001, 39.769271650339299 ], [ -105.022061158887993, 39.769280270974598 ], [ -105.022906891543997, 39.769287476076897 ], [ -105.023624639158996, 39.769282490134003 ], [ -105.024216937177002, 39.769284885421399 ], [ -105.024605576889996, 39.769286455483602 ], [ -105.025238785724994, 39.769289010027201 ], [ -105.025238265320993, 39.769759473702798 ], [ -105.025237798410998, 39.770222728849198 ], [ -105.02529914182, 39.770840908882199 ], [ -105.025298854159004, 39.771135809689497 ], [ -105.025293748118003, 39.772045432645001 ], [ -105.025291509092, 39.772434055287398 ], [ -105.025230088119997, 39.772937043321697 ], [ -105.025287282687998, 39.773440919542502 ], [ -105.025285969381002, 39.774713498281997 ], [ -105.025287038353, 39.775767321001702 ], [ -105.025222770688003, 39.776643753892898 ], [ -105.025268284432002, 39.777853547352898 ], [ -105.025257343874998, 39.779043884832497 ], [ -105.025250386528, 39.779832352243702 ], [ -105.025188470006995, 39.780262847694097 ], [ -105.025245024914, 39.780947295328602 ], [ -105.025242454299004, 39.782145451275497 ], [ -105.025240952499999, 39.782571829877 ], [ -105.025193178348005, 39.782988610148401 ], [ -105.025185957711997, 39.783916722607898 ], [ -105.025191418603001, 39.784309695640303 ], [ -105.025192461689002, 39.784384739504198 ], [ -105.025084648971998, 39.784387839192902 ], [ -105.025012409821002, 39.784384846012998 ], [ -105.024388412844999, 39.784358991626704 ], [ -105.023934524696998, 39.784333487525998 ], [ -105.023603417863995, 39.784299010410201 ], [ -105.023327468163004, 39.784274223947499 ], [ -105.022215497692002, 39.784093678396999 ], [ -105.021847275118006, 39.784033889382798 ], [ -105.020762604436996, 39.783830651837299 ], [ -105.020333426226003, 39.783781564304 ], [ -105.020100494906004, 39.783747477206603 ], [ -105.019763224138998, 39.783717698263096 ], [ -105.019481045028996, 39.7837070789652 ], [ -105.019266294557994, 39.783706202391997 ], [ -105.018281460644005, 39.783709278287297 ], [ -105.016228943833994, 39.783717432471498 ], [ -105.014817888688995, 39.783687956502298 ], [ -105.011081659528998, 39.783610960004403 ], [ -105.010517272019001, 39.783594413308201 ], [ -105.009893965098001, 39.7835504730024 ], [ -105.009732264175, 39.783539073234003 ], [ -105.008873794503998, 39.783459751770998 ], [ -105.008380252172003, 39.783403251103799 ], [ -105.007681247679002, 39.783334054266597 ], [ -105.007043634515995, 39.783260376835699 ], [ -105.006693866663994, 39.783263646113802 ], [ -105.006635043117001, 39.783264066674697 ], [ -105.006276606209994, 39.783266631019103 ], [ -105.006204613918996, 39.783267439839101 ], [ -105.005969788645004, 39.783270078032103 ], [ -105.005693348719007, 39.783316257488998 ], [ -105.005039145037998, 39.783420024792498 ], [ -105.004259107186002, 39.783530359379903 ], [ -105.003509845967002, 39.783626616308602 ], [ -105.003172180166004, 39.783653596131202 ], [ -105.002951437318998, 39.7836667579368 ], [ -105.002837632156002, 39.783673486913699 ], [ -105.002420570997003, 39.7836480553134 ], [ -105.002046628339002, 39.783599134216999 ], [ -105.001415524522002, 39.783473379809003 ], [ -105.000292002232001, 39.783134869672999 ], [ -104.999342798666007, 39.782875201094903 ], [ -104.998356821672999, 39.782610634420202 ], [ -104.998175518856002, 39.7825648301854 ] ] ] } },
{ "type": "Feature", "properties": { "nbhd_id": 73, "neighborhood": "Wellshire", "council_district": 4, "population": 3269, "per_capita_income": 106998, "pct_poverty": 2.0105165480977418, "pct_renters": 6.4131245339299037, "field_requests": 2319, "field_requests_2025": 273, "field_requests_per_1k_per_year": 101.34160730673425, "top_category": "Streets & Traffic", "share_open_in_file": 0.049159120310478657, "wait_index": 0.48902559439570897, "ranked_requests": 650, "p50_days": 2.7402719907407409 }, "geometry": { "type": "Polygon", "coordinates": [ [ [ -104.940630012233996, 39.653606610590799 ], [ -104.940679867346006, 39.653054157774399 ], [ -104.940697449888006, 39.653054202456197 ], [ -104.950077877902999, 39.653074792035703 ], [ -104.954964763784005, 39.6530845169572 ], [ -104.954398575639004, 39.6557901839561 ], [ -104.953515361993993, 39.655869127473103 ], [ -104.953543388579007, 39.656032949714501 ], [ -104.953789370723001, 39.656714598200502 ], [ -104.959453500224996, 39.656718479161697 ], [ -104.959442461121, 39.6603440082757 ], [ -104.959439073913003, 39.661591411198202 ], [ -104.959440525171004, 39.661591398349401 ], [ -104.959445111201006, 39.661911226064603 ], [ -104.959442073907994, 39.663048582721203 ], [ -104.95943410436, 39.663925197268199 ], [ -104.959399346471997, 39.666025624059401 ], [ -104.959379283456002, 39.667595255725402 ], [ -104.957961320302999, 39.667588678171803 ], [ -104.956541962895997, 39.667582225623001 ], [ -104.955123214555996, 39.667580032721403 ], [ -104.953837158210007, 39.6675805701313 ], [ -104.953295432781005, 39.667575333479903 ], [ -104.952370960142005, 39.667576003743399 ], [ -104.951451982630005, 39.667572348754703 ], [ -104.950782754749, 39.6675446229074 ], [ -104.950624674132001, 39.667496171120703 ], [ -104.950404718483995, 39.667361070241697 ], [ -104.950257988196995, 39.667281338617002 ], [ -104.950109190383003, 39.6672179630594 ], [ -104.949995357608998, 39.667181503314502 ], [ -104.949816774138, 39.667123411835597 ], [ -104.949644277678999, 39.667076481550403 ], [ -104.949545645211998, 39.667051379678902 ], [ -104.949316038836002, 39.667004918369798 ], [ -104.949212290339005, 39.666984870930598 ], [ -104.949143112730994, 39.666973222731002 ], [ -104.949073027001006, 39.666963969876598 ], [ -104.949002919969999, 39.666957466584499 ], [ -104.948914154711005, 39.666952243051703 ], [ -104.948683584036004, 39.666943612117301 ], [ -104.948508923841999, 39.666940725602302 ], [ -104.948296951375994, 39.666952093282703 ], [ -104.948069386707004, 39.666979510289401 ], [ -104.947931127960999, 39.666995935110201 ], [ -104.947789437346998, 39.667017965915399 ], [ -104.947407480737994, 39.667115355027001 ], [ -104.947175413924001, 39.6671912273071 ], [ -104.946944831767993, 39.667276565362002 ], [ -104.946461159288006, 39.667438426594899 ], [ -104.946183193224996, 39.667529088405203 ], [ -104.946064974622004, 39.667558925063901 ], [ -104.945986281602003, 39.667563619885698 ], [ -104.945822363301005, 39.667566109334103 ], [ -104.945362551962006, 39.667564970922399 ], [ -104.944843864543998, 39.667563147899401 ], [ -104.944367596762007, 39.667564825582801 ], [ -104.943823225458004, 39.6675626852821 ], [ -104.942798644424002, 39.667559303832 ], [ -104.941773137935002, 39.6675587754482 ], [ -104.940679575947996, 39.667560842286399 ], [ -104.940688465752004, 39.665498843021403 ], [ -104.940679361617001, 39.664800804003598 ], [ -104.940679561164004, 39.664106917740902 ], [ -104.940685974580006, 39.663461438503802 ], [ -104.940686359291007, 39.662482507158302 ], [ -104.940686709296997, 39.660757037482298 ], [ -104.940686950198995, 39.660280831805203 ], [ -104.940621375559004, 39.659706528005799 ], [ -104.940556896401006, 39.659329077856498 ], [ -104.940566725967997, 39.658220863232401 ], [ -104.940576492955003, 39.654867612245503 ], [ -104.940561839447994, 39.654362064780003 ], [ -104.940630012233996, 39.653606610590799 ] ] ] } },
{ "type": "Feature", "properties": { "nbhd_id": 67, "neighborhood": "Valverde", "council_district": 7, "population": 3600, "per_capita_income": 29209, "pct_poverty": 23.17175679462034, "pct_renters": 59.279038718291055, "field_requests": 5253, "field_requests_2025": 593, "field_requests_per_1k_per_year": 208.45238095238093, "top_category": "Neighborhood Inspection", "share_open_in_file": 0.07500475918522749, "wait_index": 0.48869311006407956, "ranked_requests": 1475, "p50_days": 1.1327430555555555 }, "geometry": { "type": "Polygon", "coordinates": [ [ [ -105.015768559303993, 39.725503093525901 ], [ -105.015817765267997, 39.725123747646798 ], [ -105.015825585529996, 39.725020831740203 ], [ -105.015838106426003, 39.724880874457497 ], [ -105.015846263255995, 39.724729231420397 ], [ -105.015836080861007, 39.724659184802597 ], [ -105.015792352971005, 39.724556056927902 ], [ -105.015729883123001, 39.724464176144899 ], [ -105.015677148243, 39.724396550151802 ], [ -105.015667332302002, 39.724383962478797 ], [ -105.015513042508999, 39.724203168161097 ], [ -105.015392152111005, 39.7240767306225 ], [ -105.015270133406005, 39.723984947392097 ], [ -105.015144434351996, 39.723911336477798 ], [ -105.014521081322002, 39.723571439433101 ], [ -105.014325478990997, 39.723453271364598 ], [ -105.014049495050998, 39.723263393592198 ], [ -105.013887526082002, 39.723165610488202 ], [ -105.013219138592007, 39.722785370703001 ], [ -105.013019994752995, 39.722665812946097 ], [ -105.012943071861997, 39.722608186953501 ], [ -105.012883902658999, 39.722553722571398 ], [ -105.012810513448997, 39.722499199470803 ], [ -105.012699837867999, 39.722438687855998 ], [ -105.012551797024997, 39.722383512215998 ], [ -105.012459606524999, 39.722348814203599 ], [ -105.012267126978998, 39.722293797155601 ], [ -105.012056893839002, 39.722235617352801 ], [ -105.010881109175997, 39.721973364682299 ], [ -105.010418856615004, 39.721859914624801 ], [ -105.010204201898006, 39.721798968317202 ], [ -105.010057031773997, 39.721746881488102 ], [ -105.009953409467997, 39.721694975683299 ], [ -105.009633017225994, 39.721503529943803 ], [ -105.009381858750004, 39.721325068908101 ], [ -105.009216646273003, 39.721184370470901 ], [ -105.008775226853004, 39.720762156436898 ], [ -105.008484881504998, 39.720469257294702 ], [ -105.008061286450996, 39.720041281528601 ], [ -105.007120467887006, 39.719105319521397 ], [ -105.007028798045994, 39.718997525664001 ], [ -105.006841133497005, 39.718765105949302 ], [ -105.006768014280993, 39.718673518427103 ], [ -105.006676253071006, 39.718578764523897 ], [ -105.006587828478004, 39.718515252181099 ], [ -105.006491526212997, 39.718440935692698 ], [ -105.006396017819995, 39.718367231422498 ], [ -105.006280320417005, 39.718292730387198 ], [ -105.006141222679005, 39.718203160572102 ], [ -105.005780250317002, 39.717972756539901 ], [ -105.005496351594005, 39.717777334680498 ], [ -105.005053886355, 39.717509523868799 ], [ -105.004575072093999, 39.717229890745998 ], [ -105.004114031756004, 39.716950674489397 ], [ -105.003763593288994, 39.716740554760598 ], [ -105.003368928265999, 39.716501421633197 ], [ -105.003273457318997, 39.716429641288201 ], [ -105.003022556879998, 39.716219596240997 ], [ -105.002717821814002, 39.715956819649598 ], [ -105.002548274876006, 39.715804425558801 ], [ -105.002463610768999, 39.7157127864036 ], [ -105.002360550958997, 39.715583665110699 ], [ -105.002041741916997, 39.715176013320502 ], [ -105.001960755799999, 39.715067231497798 ], [ -105.001825487740007, 39.714843603594097 ], [ -105.001771135248006, 39.714738709489097 ], [ -105.001672748595993, 39.7144524391679 ], [ -105.001531573175001, 39.714059950868602 ], [ -105.001466000632007, 39.713908338826798 ], [ -105.001257555506996, 39.713478503432398 ], [ -105.001060156622998, 39.713120091931899 ], [ -105.000906783846006, 39.712819174851496 ], [ -105.000600632141996, 39.712134297639302 ], [ -105.00051671848, 39.711938339281602 ], [ -105.000418884688997, 39.711700455734402 ], [ -105.000367312711006, 39.711580130176401 ], [ -105.000283985373002, 39.711426726103802 ], [ -105.000143070362995, 39.711203256869098 ], [ -105.000649931042005, 39.711200764035802 ], [ -105.001564508984004, 39.711175130938798 ], [ -105.003885452950996, 39.7111955815584 ], [ -105.006273270399006, 39.711184009685702 ], [ -105.008653768575996, 39.711202213669303 ], [ -105.011009595920996, 39.711190411812503 ], [ -105.014523283542005, 39.711180945313799 ], [ -105.015700642194005, 39.711190946179897 ], [ -105.016319159139002, 39.711185941632102 ], [ -105.016914572709993, 39.711180838947499 ], [ -105.017500192995996, 39.7111784385609 ], [ -105.018076929014001, 39.711175655829898 ], [ -105.018652767250998, 39.711174238862398 ], [ -105.019160181057998, 39.711172882307103 ], [ -105.019829336170005, 39.711169782295698 ], [ -105.020334977711002, 39.711167727330398 ], [ -105.020982806272002, 39.711164533986903 ], [ -105.021506221105994, 39.711162203037198 ], [ -105.022135380091001, 39.711160299811802 ], [ -105.022706777292001, 39.711158501776701 ], [ -105.023865569490994, 39.711154618609001 ], [ -105.025092622513, 39.711174677802497 ], [ -105.025082066435999, 39.712996821249597 ], [ -105.025082079414005, 39.713389055423697 ], [ -105.025087462689996, 39.714825206481798 ], [ -105.025094424149998, 39.714978626242299 ], [ -105.025094714179005, 39.7157232860839 ], [ -105.025077834599998, 39.716641515898502 ], [ -105.025105539229003, 39.717537619770702 ], [ -105.025113760314994, 39.718161175411502 ], [ -105.025109154776999, 39.718447695702103 ], [ -105.025095868636001, 39.719360105198703 ], [ -105.025108321790995, 39.719752387639602 ], [ -105.025102149977997, 39.720270191694702 ], [ -105.025104069445007, 39.721168249359202 ], [ -105.025108215469999, 39.721343620679399 ], [ -105.025113110912002, 39.7220646193419 ], [ -105.025115448432004, 39.722900909651997 ], [ -105.025116093256003, 39.722936943947403 ], [ -105.025127434503005, 39.723493594854503 ], [ -105.025133683646999, 39.724539913963802 ], [ -105.025137448465003, 39.725034078797201 ], [ -105.025136261487006, 39.725484921586201 ], [ -105.025136108953006, 39.725542604516598 ], [ -105.024885181932007, 39.725541306316998 ], [ -105.024604377971997, 39.725539852731202 ], [ -105.023880146953005, 39.725536100939699 ], [ -105.022924107446002, 39.7255288721799 ], [ -105.022298412477994, 39.725512909985298 ], [ -105.021922643764, 39.725491249306401 ], [ -105.020213331443003, 39.725376905550903 ], [ -105.019427031053993, 39.7253334268595 ], [ -105.018677544491993, 39.725319700738098 ], [ -105.018277517526002, 39.725338792920503 ], [ -105.018012336094998, 39.725351130270496 ], [ -105.017634119492996, 39.7253697146039 ], [ -105.016858014530001, 39.725423578452698 ], [ -105.015768559303993, 39.725503093525901 ] ] ] } },
{ "type": "Feature", "properties": { "nbhd_id": 63, "neighborhood": "Union Station", "council_district": 9, "population": 9603, "per_capita_income": 328943, "pct_poverty": 10.246797875663855, "pct_renters": 75.365247124650296, "field_requests": 9549, "field_requests_2025": 1820, "field_requests_per_1k_per_year": 142.05382246619359, "top_category": "Neighborhood Inspection", "share_open_in_file": 0.028065766048800921, "wait_index": 0.48773118465181126, "ranked_requests": 2484, "p50_days": 1.0198379629629628 }, "geometry": { "type": "Polygon", "coordinates": [ [ [ -104.991690824998003, 39.752289010152097 ], [ -104.992928269052996, 39.751339685705702 ], [ -104.994127316965006, 39.750408370285797 ], [ -104.995333576622002, 39.749458886376097 ], [ -104.996552990165995, 39.748530378599199 ], [ -104.997748365820001, 39.7476017552708 ], [ -104.998958874989, 39.746665978273903 ], [ -105.000148736019995, 39.7457537782755 ], [ -105.000421583231002, 39.745519884041499 ], [ -105.000436446373001, 39.745802355735997 ], [ -105.000442681237999, 39.745925575789201 ], [ -105.000414478318007, 39.746390090895602 ], [ -105.000414177634994, 39.746432298207502 ], [ -105.000413808507005, 39.746484113329601 ], [ -105.000423912146005, 39.746563425515497 ], [ -105.000448240983999, 39.746642798233601 ], [ -105.000471661034993, 39.746724912086101 ], [ -105.000548513712005, 39.746919465249803 ], [ -105.000594356277006, 39.746974221926301 ], [ -105.000626051335004, 39.747017937149899 ], [ -105.000667331312997, 39.747089145985399 ], [ -105.000709517576993, 39.747157956574199 ], [ -105.000737597946994, 39.747209892429098 ], [ -105.000769049693005, 39.747287922476602 ], [ -105.000807486469995, 39.747383826340602 ], [ -105.000866042319004, 39.747526141788903 ], [ -105.000866310060999, 39.747526642079002 ], [ -105.000918687443999, 39.7476245080924 ], [ -105.000953800427993, 39.747687797781097 ], [ -105.001017173177999, 39.747777973775598 ], [ -105.001040845752996, 39.747824743381301 ], [ -105.00113881723, 39.748050612969202 ], [ -105.001205570939007, 39.748165510469299 ], [ -105.001306917989993, 39.748291878838998 ], [ -105.001405270999001, 39.7484642169537 ], [ -105.001467773054998, 39.748551986911899 ], [ -105.001524227187005, 39.7486150236806 ], [ -105.001714095736006, 39.748796328469297 ], [ -105.001795444337006, 39.748859470700801 ], [ -105.001932571187993, 39.7489557918217 ], [ -105.002034310829998, 39.749027255770898 ], [ -105.002193509207999, 39.749145631898003 ], [ -105.002291636541997, 39.749224973156899 ], [ -105.002517227476005, 39.749384465679498 ], [ -105.002654415015996, 39.749472550245898 ], [ -105.002785378720006, 39.749560608755203 ], [ -105.002940133977006, 39.749678965267897 ], [ -105.003055928589006, 39.749774852015001 ], [ -105.003214299595001, 39.749884987681 ], [ -105.003274449358997, 39.749928822239902 ], [ -105.003404437813998, 39.750029229657599 ], [ -105.003608520745004, 39.750213336381101 ], [ -105.003784367717003, 39.7503671258279 ], [ -105.003950667913998, 39.750487931859801 ], [ -105.004443355969997, 39.750849292214298 ], [ -105.004608691787993, 39.750981074206301 ], [ -105.004774064578996, 39.751107708646003 ], [ -105.004897863156998, 39.751203970363001 ], [ -105.005056184835993, 39.751321996070303 ], [ -105.005411744878998, 39.751587377738304 ], [ -105.005587714862997, 39.751724693581501 ], [ -105.005707961425998, 39.751820596469798 ], [ -105.005799037309004, 39.751892355442699 ], [ -105.005928997276996, 39.751997906660897 ], [ -105.006179230239994, 39.752195928987398 ], [ -105.006355203257002, 39.752333243250703 ], [ -105.006445657634998, 39.752401725391202 ], [ -105.006503787990994, 39.752445735713103 ], [ -105.006577179494002, 39.752503693338703 ], [ -105.006763833237997, 39.752639679350402 ], [ -105.006968164205006, 39.752790838222502 ], [ -105.007115804159994, 39.752911561054198 ], [ -105.007257256759004, 39.753027110829002 ], [ -105.007387192156003, 39.753136778863698 ], [ -105.007510137908994, 39.753228915920502 ], [ -105.007566716971994, 39.753275478860402 ], [ -105.007609183279996, 39.7533058541987 ], [ -105.007770916373005, 39.753445852033103 ], [ -105.007827380370003, 39.7535088858656 ], [ -105.007859023197994, 39.753561178138298 ], [ -105.007889721569001, 39.753621358603297 ], [ -105.007917617717993, 39.7537007442385 ], [ -105.007948504344, 39.753860784408801 ], [ -105.007983111594996, 39.753997504982102 ], [ -105.008038885271006, 39.754159021539301 ], [ -105.008107938329005, 39.754328829483597 ], [ -105.008132213308002, 39.754417465307398 ], [ -105.008166876809995, 39.754546293631698 ], [ -105.008173282485004, 39.754647208326098 ], [ -105.008183453775999, 39.754718284073299 ], [ -105.008186106126999, 39.7547826706341 ], [ -105.008186492834994, 39.754792075557297 ], [ -105.007583783117994, 39.755403461593701 ], [ -105.007154438927998, 39.7558906620662 ], [ -105.007023515865001, 39.756047279104997 ], [ -105.006837121199993, 39.7562523919485 ], [ -105.006747400183002, 39.756366286780398 ], [ -105.006645936376003, 39.756506212370802 ], [ -105.006597510383997, 39.756564345905602 ], [ -105.006507808419002, 39.756675495435601 ], [ -105.006440796581998, 39.756752171538302 ], [ -105.006328523326999, 39.756880637247399 ], [ -105.006175183677996, 39.757063239323799 ], [ -105.006115944363998, 39.757141573175701 ], [ -105.006033433656995, 39.757241428422397 ], [ -105.005943770773996, 39.757346744215504 ], [ -105.005869242990002, 39.757449378037997 ], [ -105.005838587403005, 39.757509301815098 ], [ -105.005827392399993, 39.7575837194277 ], [ -105.00581169342, 39.757666353892503 ], [ -105.005796061926006, 39.757739380728601 ], [ -105.005755383196004, 39.757833577897003 ], [ -105.005698539600004, 39.757950354915003 ], [ -105.005653574161002, 39.758021886139097 ], [ -105.005612308606999, 39.758073185744799 ], [ -105.005496716793999, 39.758198295423703 ], [ -105.005157239197999, 39.758547230326002 ], [ -105.005074926834993, 39.7586186041 ], [ -105.004866531912, 39.758789305426802 ], [ -105.004728707582004, 39.758914320553302 ], [ -105.004538012487004, 39.759096763558802 ], [ -105.004422235169002, 39.759247607420598 ], [ -105.004294713361006, 39.759424482079801 ], [ -105.004249757875996, 39.759494296411297 ], [ -105.004186804514006, 39.759594232667801 ], [ -105.004114901042001, 39.7597023669923 ], [ -105.004025229703998, 39.759808024089203 ], [ -105.003917938464994, 39.7598902724718 ], [ -105.003816910734997, 39.759967056635702 ], [ -105.003716759837005, 39.760045560325402 ], [ -105.003586348282994, 39.760127710717498 ], [ -105.003430066700005, 39.760221419421903 ], [ -105.003168867382996, 39.760406040237299 ], [ -105.001893606772001, 39.7597612722438 ], [ -105.001778196670003, 39.759671566884499 ], [ -105.001330647518003, 39.759458287853697 ], [ -105.000825549723004, 39.759210104080402 ], [ -105.000104374849002, 39.758836778656502 ], [ -104.999830776617998, 39.758672274055698 ], [ -104.999547640586997, 39.758473755867001 ], [ -104.998574674099004, 39.757749330974903 ], [ -104.997377530666995, 39.7567644475048 ], [ -104.997019222015993, 39.756469661337697 ], [ -104.996118952421995, 39.755728978181303 ], [ -104.995147916449994, 39.754993550949699 ], [ -104.994701297971005, 39.754658086315899 ], [ -104.994272374385005, 39.754335393058199 ], [ -104.993827678442997, 39.753981059667097 ], [ -104.993418351848007, 39.753654672641403 ], [ -104.992992432934997, 39.753287033383799 ], [ -104.992597448943997, 39.752945606243998 ], [ -104.992143693171002, 39.752616964110999 ], [ -104.991690824998003, 39.752289010152097 ] ] ] } },
{ "type": "Feature", "properties": { "nbhd_id": 40, "neighborhood": "Kennedy", "council_district": 4, "population": 4282, "per_capita_income": 30246, "pct_poverty": 14.969640354974311, "pct_renters": 100.0, "field_requests": 1338, "field_requests_2025": 258, "field_requests_per_1k_per_year": 44.638686861947015, "top_category": "General Information", "share_open_in_file": 0.03811659192825112, "wait_index": 0.48626498197560658, "ranked_requests": 336, "p50_days": 1.0101273148148149 }, "geometry": { "type": "Polygon", "coordinates": [ [ [ -104.854477485927006, 39.6601527784035 ], [ -104.854226967396997, 39.660074316014899 ], [ -104.853063679914001, 39.659770406918298 ], [ -104.852007295278, 39.659599942269601 ], [ -104.851683218860998, 39.6594519956478 ], [ -104.849245673691996, 39.659076061722203 ], [ -104.848872947057998, 39.659116549502798 ], [ -104.848676991529004, 39.659086017716199 ], [ -104.848625435871995, 39.659077984643297 ], [ -104.848627125207997, 39.657834615370398 ], [ -104.848552540918007, 39.657834201989203 ], [ -104.848558822198001, 39.657061413777399 ], [ -104.847250799280005, 39.657069255788102 ], [ -104.847922726470998, 39.656809429780303 ], [ -104.848621746901003, 39.656595734966999 ], [ -104.849298040953997, 39.656438533631203 ], [ -104.851386184508996, 39.655989882612403 ], [ -104.852304560969998, 39.655770170143299 ], [ -104.853195078972007, 39.655489555169197 ], [ -104.854049729533997, 39.655149710999403 ], [ -104.854864043361005, 39.654753702077898 ], [ -104.855161237502998, 39.654588551482298 ], [ -104.867161288605004, 39.647610516901103 ], [ -104.867663738646996, 39.647321524980399 ], [ -104.868196053692998, 39.647067695238398 ], [ -104.868754668289995, 39.646850723522697 ], [ -104.869107266507996, 39.646736968085399 ], [ -104.870062247557996, 39.646276749167797 ], [ -104.871188417946001, 39.646229245913197 ], [ -104.873041307666995, 39.645828368768797 ], [ -104.874066568394994, 39.645546942188197 ], [ -104.875055136875005, 39.645197706603 ], [ -104.875570197138998, 39.644982530094303 ], [ -104.875554082245003, 39.645896312991198 ], [ -104.8754504244, 39.651662426784199 ], [ -104.876680252691003, 39.653049878995098 ], [ -104.875658086521995, 39.653050483514001 ], [ -104.872000539062, 39.653038692400202 ], [ -104.870924565362998, 39.653048853051601 ], [ -104.870383804249997, 39.653045957218801 ], [ -104.870109718199998, 39.653055636048002 ], [ -104.869878693578997, 39.653087839856298 ], [ -104.869676558899002, 39.653114624418997 ], [ -104.869430963515001, 39.653163470281903 ], [ -104.869156326443999, 39.653234454723403 ], [ -104.868838127081005, 39.653338646444602 ], [ -104.868586331059007, 39.653428086066199 ], [ -104.868408117669006, 39.653510530850198 ], [ -104.868237425594003, 39.6535862354676 ], [ -104.868056217632997, 39.653691162011299 ], [ -104.867882118878995, 39.653807273197799 ], [ -104.867722490245995, 39.653917888682599 ], [ -104.867540979544003, 39.654056254459398 ], [ -104.867402829674006, 39.654183706323501 ], [ -104.867308292540002, 39.654272376966297 ], [ -104.867206344717999, 39.654383301800301 ], [ -104.867118967186002, 39.6544775841787 ], [ -104.867016917504998, 39.654599656182597 ], [ -104.866936599341003, 39.654710697519903 ], [ -104.866856029464003, 39.654849606105799 ], [ -104.866775409466001, 39.654994087752499 ], [ -104.866702250095003, 39.655110741382799 ], [ -104.866591480389999, 39.655399977007697 ], [ -104.866516962798002, 39.655667113099099 ], [ -104.866479251567995, 39.655850841770203 ], [ -104.866456011243002, 39.656029074886902 ], [ -104.866432318215004, 39.656257469007798 ], [ -104.866429904423001, 39.656524993445103 ], [ -104.866421474961001, 39.6569961230309 ], [ -104.866369453109996, 39.659397905615698 ], [ -104.866333775014994, 39.660309911744498 ], [ -104.866022441210006, 39.660271192331102 ], [ -104.864956834813995, 39.660273332414803 ], [ -104.856661974990999, 39.660289650418903 ], [ -104.856479933548002, 39.6602900265137 ], [ -104.856414209820997, 39.660291382443702 ], [ -104.856314681312, 39.660299416489103 ], [ -104.856215089591004, 39.660314313986802 ], [ -104.856118102343999, 39.660335745558903 ], [ -104.856024609835998, 39.660363373502697 ], [ -104.855933724639996, 39.660397192662501 ], [ -104.855847222334006, 39.660437212825499 ], [ -104.855765993655993, 39.660483095644203 ], [ -104.855598146779997, 39.660291372051901 ], [ -104.855026273578005, 39.660292354005897 ], [ -104.854923696175007, 39.660292529641097 ], [ -104.854477485927006, 39.6601527784035 ] ] ] } },
{ "type": "Feature", "properties": { "nbhd_id": 10, "neighborhood": "CBD", "council_district": 9, "population": 4404, "per_capita_income": 259830, "pct_poverty": 16.241578440808468, "pct_renters": 77.537212449255748, "field_requests": 8523, "field_requests_2025": 1817, "field_requests_per_1k_per_year": 276.46944336317637, "top_category": "Licensing & Permits", "share_open_in_file": 0.034846884899683211, "wait_index": 0.48594205762283327, "ranked_requests": 2445, "p50_days": 1.1960069444444443 }, "geometry": { "type": "Polygon", "coordinates": [ [ [ -104.987400279880006, 39.747358465167999 ], [ -104.987396865761994, 39.746974097975098 ], [ -104.987400795913004, 39.7466796858671 ], [ -104.987407911700998, 39.746192776409401 ], [ -104.987407765558004, 39.745932462663397 ], [ -104.987407504977, 39.745467357406902 ], [ -104.987407278272997, 39.745063098288703 ], [ -104.987419619209007, 39.744834265643199 ], [ -104.987376177189006, 39.743358154163403 ], [ -104.987386673730995, 39.743059563929101 ], [ -104.987416583392999, 39.742208750728103 ], [ -104.987411415935995, 39.741953560008497 ], [ -104.987406131770996, 39.741692595388997 ], [ -104.987397073859995, 39.741472248198697 ], [ -104.987383821612994, 39.740852789919103 ], [ -104.987388831494997, 39.740107110254101 ], [ -104.987510913158999, 39.740106362148701 ], [ -104.987768566797001, 39.740130015894799 ], [ -104.987846263159, 39.740149131362799 ], [ -104.987919092490003, 39.740168226201497 ], [ -104.987967544669999, 39.740194726458597 ], [ -104.988102215588, 39.740273620942801 ], [ -104.988122549523993, 39.740285535124499 ], [ -104.988282339706004, 39.740387633849501 ], [ -104.988403211001994, 39.740489559390298 ], [ -104.988532017634995, 39.740564089189597 ], [ -104.988534009080993, 39.740565238738 ], [ -104.988754836530006, 39.740635676065999 ], [ -104.988939662367002, 39.740640236538702 ], [ -104.989105301859993, 39.740607154606302 ], [ -104.989305185017002, 39.740547931600602 ], [ -104.989427402334002, 39.740465839509497 ], [ -104.989554591434995, 39.740368745289402 ], [ -104.989677158958003, 39.740237833303901 ], [ -104.989818775765002, 39.740163333051903 ], [ -104.989940691428998, 39.740122552246902 ], [ -104.990076976194004, 39.740111876957002 ], [ -104.990423449976007, 39.740116850319303 ], [ -104.991655142152993, 39.740125200952697 ], [ -104.992504308079006, 39.740129878688997 ], [ -104.992919582081001, 39.7401320897524 ], [ -104.993534072478994, 39.740135360004899 ], [ -104.994360104456007, 39.740139746664802 ], [ -104.995269909339996, 39.7401476203814 ], [ -104.996441867084002, 39.740157507929197 ], [ -104.996512580455004, 39.740158366679999 ], [ -104.996936721, 39.740163838488598 ], [ -104.998126304387, 39.740179107349398 ], [ -104.998253965336005, 39.740180824563502 ], [ -104.998566933180001, 39.740193717891898 ], [ -104.998613704608005, 39.740274472906897 ], [ -104.998623921369003, 39.740292112061603 ], [ -104.998694277979993, 39.740398790692502 ], [ -104.998749753496, 39.740473149406903 ], [ -104.998777889115999, 39.740516850088298 ], [ -104.998816544866003, 39.740581185171798 ], [ -104.998837549656002, 39.740627601274802 ], [ -104.998854995428999, 39.740674345392101 ], [ -104.998865390964994, 39.740712479681903 ], [ -104.998889754979999, 39.740786362294898 ], [ -104.998910619612005, 39.7408523377064 ], [ -104.998930734810997, 39.740898749798603 ], [ -104.998951798090999, 39.740936929952902 ], [ -104.998979970858002, 39.740975483498701 ], [ -104.999025729357996, 39.741041221344901 ], [ -104.999043197419994, 39.741084876938203 ], [ -104.999057186236001, 39.741117879666703 ], [ -104.999074691101995, 39.741156387973497 ], [ -104.999095774143001, 39.7411918229758 ], [ -104.999113338124999, 39.741222095909102 ], [ -104.999119465009997, 39.741235504842599 ], [ -104.999298524078995, 39.7415574627287 ], [ -104.999336145127003, 39.741642383004702 ], [ -104.999385206040998, 39.741743823116401 ], [ -104.999434344687998, 39.741834282913103 ], [ -104.999487062159005, 39.741921669225498 ], [ -104.999524818314001, 39.741987716139697 ], [ -104.999542335639006, 39.742024508285901 ], [ -104.999654567239006, 39.742243577280497 ], [ -104.999702925579001, 39.742318934298503 ], [ -104.999744992920995, 39.742403873319198 ], [ -104.999793861087994, 39.742532422031502 ], [ -104.999839425844996, 39.742625611641301 ], [ -104.999874224313004, 39.7427324814957 ], [ -104.999908117103004, 39.7428417497159 ], [ -104.999946589933003, 39.742932163778697 ], [ -104.9999886186, 39.743022592733503 ], [ -105.000009575190006, 39.743075871334199 ], [ -105.000044724215996, 39.743133671008302 ], [ -105.000096495733999, 39.743229288942601 ], [ -105.000135066072005, 39.743305976972898 ], [ -105.000184148867007, 39.743404671970197 ], [ -105.000219143945003, 39.7434840899354 ], [ -105.000254002622995, 39.743582724284799 ], [ -105.000271044505993, 39.743686430042104 ], [ -105.000287292479001, 39.743776749530397 ], [ -105.000290273855001, 39.743857404367603 ], [ -105.000295926627004, 39.744062293593899 ], [ -105.000301595964999, 39.744264780445803 ], [ -105.000324891586999, 39.744488961373499 ], [ -105.000341728425994, 39.744621491742798 ], [ -105.000365394168995, 39.744793857181598 ], [ -105.000389081315006, 39.7449631344181 ], [ -105.000398950025996, 39.745075388730498 ], [ -105.000405311879007, 39.745180764994402 ], [ -105.000411238816, 39.745347221801602 ], [ -105.000414521080003, 39.745385669261402 ], [ -105.000421583231002, 39.745519884041499 ], [ -105.000148736019995, 39.7457537782755 ], [ -104.998958874989, 39.746665978273903 ], [ -104.997748365820001, 39.7476017552708 ], [ -104.996552990165995, 39.748530378599199 ], [ -104.995333576622002, 39.749458886376097 ], [ -104.994127316965006, 39.750408370285797 ], [ -104.992928269052996, 39.751339685705702 ], [ -104.991690824998003, 39.752289010152097 ], [ -104.990830758176998, 39.751590399738802 ], [ -104.989975676103001, 39.750942248525199 ], [ -104.989101339941996, 39.750254201211597 ], [ -104.988670733982005, 39.749925645506302 ], [ -104.988226867915003, 39.749587079234303 ], [ -104.987525738607005, 39.7490483597403 ], [ -104.987396921799004, 39.748912594565397 ], [ -104.987398472029994, 39.748213933010199 ], [ -104.987400279880006, 39.747358465167999 ] ] ] } },
{ "type": "Feature", "properties": { "nbhd_id": 47, "neighborhood": "North Capitol Hill", "council_district": 10, "population": 7822, "per_capita_income": 191786, "pct_poverty": 18.416634379439493, "pct_renters": 88.791167664670652, "field_requests": 8289, "field_requests_2025": 1445, "field_requests_per_1k_per_year": 151.38620009497023, "top_category": "Streets & Traffic", "share_open_in_file": 0.037640246109301487, "wait_index": 0.48575292207823784, "ranked_requests": 1896, "p50_days": 2.0551273148148148 }, "geometry": { "type": "Polygon", "coordinates": [ [ [ -104.973383172756002, 39.743779533782799 ], [ -104.973387156355003, 39.743249028693597 ], [ -104.973388730365002, 39.742684197153899 ], [ -104.973392020901997, 39.741654050283003 ], [ -104.973412216403005, 39.740029970892699 ], [ -104.974151059782997, 39.740017832575703 ], [ -104.974792001617004, 39.740020695038503 ], [ -104.975321828153994, 39.740022372519498 ], [ -104.975444517995001, 39.740021203722797 ], [ -104.976096196707999, 39.740014841479301 ], [ -104.976475865690006, 39.740005550241101 ], [ -104.977640434145002, 39.740006950794601 ], [ -104.978205794095004, 39.740012204334398 ], [ -104.978742709505994, 39.740016986183797 ], [ -104.979332091610999, 39.740019595510098 ], [ -104.979910803956002, 39.740022497651999 ], [ -104.980495743776999, 39.740024738590101 ], [ -104.981102021804006, 39.740026727540503 ], [ -104.981727876858002, 39.740026053780603 ], [ -104.982327060328998, 39.7400256029375 ], [ -104.982963552851004, 39.740029087618701 ], [ -104.983583940586996, 39.740046567707601 ], [ -104.984223074702001, 39.740053488479198 ], [ -104.984855986586993, 39.740060378941003 ], [ -104.985479159964001, 39.7400617327974 ], [ -104.986135225032001, 39.740063227193502 ], [ -104.986258206965999, 39.740114043617297 ], [ -104.987388831494997, 39.740107110254101 ], [ -104.987383821612994, 39.740852789919103 ], [ -104.987397073859995, 39.741472248198697 ], [ -104.987406131770996, 39.741692595388997 ], [ -104.987411415935995, 39.741953560008497 ], [ -104.987416583392999, 39.742208750728103 ], [ -104.987386673730995, 39.743059563929101 ], [ -104.987376177189006, 39.743358154163403 ], [ -104.987419619209007, 39.744834265643199 ], [ -104.987407278272997, 39.745063098288703 ], [ -104.987407504977, 39.745467357406902 ], [ -104.987407765558004, 39.745932462663397 ], [ -104.987407911700998, 39.746192776409401 ], [ -104.987400795913004, 39.7466796858671 ], [ -104.987396865761994, 39.746974097975098 ], [ -104.987400279880006, 39.747358465167999 ], [ -104.987307427565995, 39.747421416239803 ], [ -104.987201831828003, 39.747523475852198 ], [ -104.986105428580004, 39.7475267831338 ], [ -104.985675993507996, 39.747527652146999 ], [ -104.985574129951999, 39.7475968682567 ], [ -104.985479753424002, 39.7475769778966 ], [ -104.985376371059004, 39.747565840805699 ], [ -104.985218626543997, 39.7475558248453 ], [ -104.985091068569005, 39.747548272116198 ], [ -104.984938785924001, 39.747545768307603 ], [ -104.984851652271004, 39.747549172595903 ], [ -104.984760331914998, 39.747547990564001 ], [ -104.984217665950993, 39.747558330876302 ], [ -104.983936710769996, 39.747558815321803 ], [ -104.983590018426995, 39.747551803773298 ], [ -104.983123861139006, 39.747551750937497 ], [ -104.982948098058998, 39.747551730446098 ], [ -104.982310622951999, 39.747551673523198 ], [ -104.981687393222998, 39.747548930334098 ], [ -104.981074832209998, 39.7475462308876 ], [ -104.979885313327003, 39.747535489026397 ], [ -104.978721536316002, 39.747530339922399 ], [ -104.978364135068006, 39.747528756299097 ], [ -104.978206051737999, 39.747505407016298 ], [ -104.978177634980995, 39.747500820088398 ], [ -104.977544156362001, 39.746964399134001 ], [ -104.976993304865999, 39.746555996728702 ], [ -104.976486674569998, 39.746179701714503 ], [ -104.976141770740995, 39.745908486186302 ], [ -104.974777280235003, 39.744835484814899 ], [ -104.973980769166005, 39.744232086822102 ], [ -104.973383172756002, 39.743779533782799 ] ] ] } },
{ "type": "Feature", "properties": { "nbhd_id": 25, "neighborhood": "Elyria Swansea", "council_district": 9, "population": 6682, "per_capita_income": 50210, "pct_poverty": 18.053044002411092, "pct_renters": 54.266734798160456, "field_requests": 7570, "field_requests_2025": 1229, "field_requests_per_1k_per_year": 161.84204900158207, "top_category": "Streets & Traffic", "share_open_in_file": 0.068560105680317035, "wait_index": 0.48545280645915417, "ranked_requests": 1857, "p50_days": 1.2971875 }, "geometry": { "type": "Polygon", "coordinates": [ [ [ -104.940088427907, 39.790975265943302 ], [ -104.940162305304, 39.790763102798103 ], [ -104.940249378445003, 39.790461441462398 ], [ -104.940325412491006, 39.790216877003097 ], [ -104.940380215307002, 39.789980375563303 ], [ -104.940391116811995, 39.789929423436398 ], [ -104.940435181224998, 39.789723465017801 ], [ -104.940495421289995, 39.789468619537999 ], [ -104.940529677629996, 39.789154460943003 ], [ -104.940547848788995, 39.788866758653398 ], [ -104.940549543179998, 39.788654497711399 ], [ -104.940551335318005, 39.788429990355802 ], [ -104.940568522285005, 39.787933006792798 ], [ -104.940562449154001, 39.787244955217901 ], [ -104.940518986661999, 39.7837744358918 ], [ -104.940556792378004, 39.782269885439703 ], [ -104.940596156433003, 39.781498724066601 ], [ -104.94061130643, 39.781357343595197 ], [ -104.940637244675003, 39.781068169659399 ], [ -104.940642042134002, 39.780580949356697 ], [ -104.940668489320004, 39.780029866089002 ], [ -104.940676223278004, 39.779731681738802 ], [ -104.940680943974002, 39.779023892890898 ], [ -104.940666159676994, 39.778089982936699 ], [ -104.940657249976994, 39.777569786633897 ], [ -104.940650608224999, 39.775080144404299 ], [ -104.940609537537995, 39.773847605652499 ], [ -104.940617164244998, 39.772887655896703 ], [ -104.940617243779997, 39.772877656226797 ], [ -104.940992850913005, 39.772877411528597 ], [ -104.941688379341002, 39.772876251122597 ], [ -104.942933507807993, 39.772882149571501 ], [ -104.946401217092003, 39.772895075025097 ], [ -104.946978450752994, 39.772894356465798 ], [ -104.947540561363994, 39.772893907082498 ], [ -104.948640694629006, 39.772902495946099 ], [ -104.949187675665996, 39.7729033405829 ], [ -104.949276615822001, 39.772903413746803 ], [ -104.949824483344997, 39.772904602543903 ], [ -104.950290541870999, 39.772903691318 ], [ -104.950844653486001, 39.772902502262603 ], [ -104.951944760654996, 39.772914492005903 ], [ -104.952504246977995, 39.772908516141698 ], [ -104.953053060111003, 39.772902488435399 ], [ -104.953610686765998, 39.7729067934564 ], [ -104.954153194181998, 39.772911025988101 ], [ -104.957170045514999, 39.772914680031001 ], [ -104.958261365973001, 39.7729128439749 ], [ -104.959400845283994, 39.772894060972398 ], [ -104.964705243625005, 39.772899425609197 ], [ -104.965937174393005, 39.7728864896348 ], [ -104.968476249538995, 39.772911363564397 ], [ -104.969723996184996, 39.7719832664745 ], [ -104.971915695061995, 39.770301020056699 ], [ -104.972366834203996, 39.770625267039598 ], [ -104.972810022108007, 39.770943298217098 ], [ -104.973680130698, 39.771615313579296 ], [ -104.974550148266999, 39.772301734648799 ], [ -104.974985275365995, 39.772630015734698 ], [ -104.975425709063998, 39.772962779938197 ], [ -104.975859926515994, 39.773294828614802 ], [ -104.976300342843004, 39.773631020769002 ], [ -104.977180304038001, 39.774302710388604 ], [ -104.978046077979002, 39.774970898268201 ], [ -104.978302399377, 39.775187878178897 ], [ -104.978414635684004, 39.775305887362201 ], [ -104.978336129655005, 39.775436128346001 ], [ -104.978212781663004, 39.775650618532502 ], [ -104.978197359562998, 39.775677436831003 ], [ -104.978103669774995, 39.775836931368801 ], [ -104.977930621772998, 39.776142257628401 ], [ -104.977881836623993, 39.776243614479498 ], [ -104.977832956750007, 39.776357668444497 ], [ -104.977810038401998, 39.7764491887486 ], [ -104.977802768941999, 39.776509853548198 ], [ -104.977797709038001, 39.776552080179002 ], [ -104.977797006046998, 39.776646444379899 ], [ -104.977792213434, 39.776812166498601 ], [ -104.977826832152999, 39.777179837732199 ], [ -104.977829451687995, 39.7773057870359 ], [ -104.977839337654004, 39.777411522134599 ], [ -104.977868589075001, 39.777544452465797 ], [ -104.977932654374996, 39.777899557750303 ], [ -104.977993367243002, 39.778227195415397 ], [ -104.978013793968998, 39.778470239031897 ], [ -104.978029643607996, 39.778730762771502 ], [ -104.978014221405004, 39.778890604379598 ], [ -104.977998237055004, 39.779006519093997 ], [ -104.977907333554995, 39.779268971657501 ], [ -104.977846247318993, 39.779469102483297 ], [ -104.977823586157001, 39.7795259655244 ], [ -104.977797449503001, 39.7795718322635 ], [ -104.977684892881001, 39.779755606291801 ], [ -104.977655241468, 39.779795623942803 ], [ -104.977561649806006, 39.779941048692102 ], [ -104.977523801161993, 39.780006766279598 ], [ -104.977452573620994, 39.780135132860103 ], [ -104.977377639869999, 39.780283385622397 ], [ -104.977208189566994, 39.780581520091701 ], [ -104.977114659921, 39.780718366298402 ], [ -104.977066085190003, 39.780790898961797 ], [ -104.976995048500001, 39.780893529594898 ], [ -104.976890018820001, 39.781021745899999 ], [ -104.976796552262996, 39.781150012886897 ], [ -104.976751414307998, 39.781238688875703 ], [ -104.976698166380999, 39.781341398417801 ], [ -104.976645722635993, 39.781455435051399 ], [ -104.976589698031006, 39.781572544681197 ], [ -104.976525863347007, 39.781663539504699 ], [ -104.976469417676, 39.781717850042597 ], [ -104.976405912332993, 39.781764579545197 ], [ -104.976361201860996, 39.781795950652302 ], [ -104.976268289689997, 39.781849755940598 ], [ -104.976209178138006, 39.781903710920901 ], [ -104.976156161700004, 39.781975194413398 ], [ -104.976100297190001, 39.782070685529 ], [ -104.976046770580993, 39.782210453980397 ], [ -104.975990210839001, 39.7823989366333 ], [ -104.975955596562997, 39.782507561983202 ], [ -104.975914917498997, 39.782594541955199 ], [ -104.975816785855002, 39.782751269179897 ], [ -104.975707615955997, 39.782956675137797 ], [ -104.975613361639006, 39.783189599580297 ], [ -104.975556694866995, 39.783392150692201 ], [ -104.975502222998003, 39.783657851573601 ], [ -104.975482299839996, 39.783745168422897 ], [ -104.975445201452999, 39.783907755989297 ], [ -104.975421422555996, 39.7841135419796 ], [ -104.975394126591993, 39.784313821797902 ], [ -104.975381257473003, 39.784488086398603 ], [ -104.975376618118005, 39.784632533101501 ], [ -104.975375184908003, 39.784824005714199 ], [ -104.975385144065001, 39.785038520956803 ], [ -104.975398284670007, 39.785184419376499 ], [ -104.975412369367007, 39.785323116010296 ], [ -104.975426548559994, 39.785449116293101 ], [ -104.975426034905993, 39.785517744724999 ], [ -104.975409264245002, 39.7857379738726 ], [ -104.975370618753004, 39.785909378225703 ], [ -104.975325340110999, 39.786016239789397 ], [ -104.975265643639005, 39.786147744712501 ], [ -104.975208746641002, 39.786261760728799 ], [ -104.975156446341998, 39.786355895166601 ], [ -104.975054898932001, 39.7864927031492 ], [ -104.974961486241995, 39.786612390239497 ], [ -104.974861020442006, 39.786723467036403 ], [ -104.974737382181999, 39.786840273827799 ], [ -104.974606565724002, 39.7869652838978 ], [ -104.974494640385004, 39.787062239904003 ], [ -104.974363992671002, 39.787164602705602 ], [ -104.974274565672005, 39.7872270003148 ], [ -104.974155674746996, 39.787303678791098 ], [ -104.974092278604004, 39.787334965546002 ], [ -104.973810190411001, 39.7874651328653 ], [ -104.973690507206996, 39.787528767605103 ], [ -104.97275152556, 39.7881810179544 ], [ -104.972259387075994, 39.788560398693498 ], [ -104.971689244296002, 39.789019725591402 ], [ -104.970768799816994, 39.789686112622903 ], [ -104.970567550100995, 39.789829674869303 ], [ -104.970347520030003, 39.789986192414801 ], [ -104.970187267425004, 39.790119644339804 ], [ -104.970015577664995, 39.790236229633202 ], [ -104.969751077463002, 39.790390830000703 ], [ -104.969520542561, 39.790524307437302 ], [ -104.969345335745999, 39.790635042661599 ], [ -104.969181628743002, 39.790754408311798 ], [ -104.968823900892005, 39.791001580538101 ], [ -104.968754161076006, 39.791039774165498 ], [ -104.960190656627006, 39.791025462452701 ], [ -104.959347734687, 39.791658143305 ], [ -104.955428750318006, 39.7946457568179 ], [ -104.949896734568995, 39.794638919106703 ], [ -104.940476073563005, 39.794609979214997 ], [ -104.940487315501997, 39.790973300350998 ], [ -104.940088427907, 39.790975265943302 ] ] ] } },
{ "type": "Feature", "properties": { "nbhd_id": 57, "neighborhood": "South Park Hill", "council_district": 8, "population": 9087, "per_capita_income": 191113, "pct_poverty": 3.4334277620396598, "pct_renters": 12.736614386154679, "field_requests": 10084, "field_requests_2025": 1254, "field_requests_per_1k_per_year": 158.5310254838152, "top_category": "Streets & Traffic", "share_open_in_file": 0.076061086870289563, "wait_index": 0.48514227257454168, "ranked_requests": 2562, "p50_days": 2.2931886574074074 }, "geometry": { "type": "Polygon", "coordinates": [ [ [ -104.903427578579993, 39.751016570301601 ], [ -104.903422847111003, 39.749822769646201 ], [ -104.903436548749994, 39.748631580072697 ], [ -104.903447773996007, 39.747441939535797 ], [ -104.903463754119997, 39.745615637393499 ], [ -104.903455067447993, 39.743785223643499 ], [ -104.903458736820994, 39.742602343100401 ], [ -104.903452699070996, 39.741978365989901 ], [ -104.903455110856001, 39.741479655158003 ], [ -104.903455093546, 39.7401463078847 ], [ -104.904652531970996, 39.740158771087899 ], [ -104.905797388687006, 39.740154073268002 ], [ -104.906941481173007, 39.7401597860867 ], [ -104.908156778465994, 39.740155076977501 ], [ -104.909356247632005, 39.740148122100699 ], [ -104.910500101590003, 39.740149493839198 ], [ -104.911640562729005, 39.740149365212098 ], [ -104.912430415933002, 39.740153940701802 ], [ -104.912802989691002, 39.740154734903598 ], [ -104.913948616840003, 39.740149312610903 ], [ -104.915055674710999, 39.740146854990797 ], [ -104.916322716747004, 39.740147042348603 ], [ -104.917254761335002, 39.740146170727002 ], [ -104.917555768691003, 39.740145602495801 ], [ -104.918359399248999, 39.7401447733507 ], [ -104.918773351338999, 39.740146226633001 ], [ -104.919457084930002, 39.740145826396102 ], [ -104.919949251209999, 39.740143013835002 ], [ -104.920560939096006, 39.740142594748697 ], [ -104.921133232532, 39.740139826633303 ], [ -104.921661737893004, 39.7401411474684 ], [ -104.922321255428997, 39.7401429843041 ], [ -104.923431145660999, 39.740150459768898 ], [ -104.924609372332995, 39.740146408062103 ], [ -104.925776349802007, 39.740150709611903 ], [ -104.926900542612003, 39.740143071641697 ], [ -104.927526195474996, 39.740138700681399 ], [ -104.928067182754006, 39.740138584502397 ], [ -104.928658525035999, 39.740136206717999 ], [ -104.929220845787, 39.740135847444101 ], [ -104.929799659721994, 39.740135564049403 ], [ -104.930379668878999, 39.740134941821303 ], [ -104.930934402879004, 39.740134538486501 ], [ -104.931534774480994, 39.7401358302156 ], [ -104.932087401890001, 39.740133931209201 ], [ -104.932691420176994, 39.740137056217399 ], [ -104.933801093515001, 39.7401365658394 ], [ -104.935002769188003, 39.740137644009799 ], [ -104.935517592639997, 39.740137710527002 ], [ -104.936148414450003, 39.740137302802701 ], [ -104.937237137498997, 39.740138504425403 ], [ -104.938385404477998, 39.740132349723901 ], [ -104.938944088826005, 39.740130448429198 ], [ -104.939489130913003, 39.740135763210503 ], [ -104.940663578845005, 39.740129369815001 ], [ -104.940657992083004, 39.741387364621303 ], [ -104.940656861338994, 39.741752137478599 ], [ -104.940656233864999, 39.741942244550401 ], [ -104.940653900624994, 39.742569185384902 ], [ -104.940650831146002, 39.743399959000897 ], [ -104.940653346082996, 39.743753424934901 ], [ -104.940644642173993, 39.744956155568403 ], [ -104.940639756734001, 39.746125960579299 ], [ -104.940634999574002, 39.747391163906499 ], [ -104.940628217593996, 39.749244530194602 ], [ -104.940621034984005, 39.751036810206998 ], [ -104.939447353534007, 39.751041864377697 ], [ -104.938343965038996, 39.751043127323797 ], [ -104.937242275092999, 39.751049183728398 ], [ -104.936139758051993, 39.751048714046497 ], [ -104.935038989450007, 39.751047551711203 ], [ -104.933933803108005, 39.751044989042597 ], [ -104.932833003886003, 39.751052748278802 ], [ -104.931701131473005, 39.7510558434833 ], [ -104.930503391502995, 39.751057927811303 ], [ -104.929332400167993, 39.751058425365997 ], [ -104.928161413012006, 39.751063395917399 ], [ -104.926989544091001, 39.751064928650401 ], [ -104.925785654348999, 39.7510656128091 ], [ -104.924636931471994, 39.751065523328698 ], [ -104.923472494460995, 39.7510682643141 ], [ -104.922283419349995, 39.751071407176902 ], [ -104.921107596647005, 39.751076889214701 ], [ -104.919933300370005, 39.751075365037003 ], [ -104.918762034585995, 39.751076868658402 ], [ -104.917549988087003, 39.7510756771781 ], [ -104.916333223845001, 39.751083234243197 ], [ -104.915156665424007, 39.751079454165101 ], [ -104.913987759327995, 39.751084966695501 ], [ -104.912849228954997, 39.751081286999103 ], [ -104.912386109208001, 39.751026956120803 ], [ -104.912275333528996, 39.751013158063103 ], [ -104.912132027005995, 39.751009492108601 ], [ -104.911682342120002, 39.751008503400797 ], [ -104.910507364858006, 39.751011956592002 ], [ -104.909372938115993, 39.7510099755821 ], [ -104.90816466071, 39.751012894035298 ], [ -104.906954138464997, 39.751013940145199 ], [ -104.905812836378004, 39.751015322895398 ], [ -104.904642547297001, 39.751016784677603 ], [ -104.903427578579993, 39.751016570301601 ] ] ] } },
{ "type": "Feature", "properties": { "nbhd_id": 11, "neighborhood": "Chaffee Park", "council_district": 1, "population": 3930, "per_capita_income": 52183, "pct_poverty": 8.6820083682008367, "pct_renters": 33.295964125560538, "field_requests": 4009, "field_requests_2025": 573, "field_requests_per_1k_per_year": 145.72882588149764, "top_category": "Neighborhood Inspection", "share_open_in_file": 0.092042903467198803, "wait_index": 0.48251298312921481, "ranked_requests": 983, "p50_days": 2.7990856481481483 }, "geometry": { "type": "Polygon", "coordinates": [ [ [ -104.998121811144998, 39.7910221794384 ], [ -104.998175518856002, 39.7825648301854 ], [ -104.998356821672999, 39.782610634420202 ], [ -104.999342798666007, 39.782875201094903 ], [ -105.000292002232001, 39.783134869672999 ], [ -105.001415524522002, 39.783473379809003 ], [ -105.002046628339002, 39.783599134216999 ], [ -105.002420570997003, 39.7836480553134 ], [ -105.002837632156002, 39.783673486913699 ], [ -105.002951437318998, 39.7836667579368 ], [ -105.003172180166004, 39.783653596131202 ], [ -105.003509845967002, 39.783626616308602 ], [ -105.004259107186002, 39.783530359379903 ], [ -105.005039145037998, 39.783420024792498 ], [ -105.005693348719007, 39.783316257488998 ], [ -105.005969788645004, 39.783270078032103 ], [ -105.006204613918996, 39.783267439839101 ], [ -105.006276606209994, 39.783266631019103 ], [ -105.006635043117001, 39.783264066674697 ], [ -105.006693866663994, 39.783263646113802 ], [ -105.007043634515995, 39.783260376835699 ], [ -105.007681247679002, 39.783334054266597 ], [ -105.008380252172003, 39.783403251103799 ], [ -105.008873794503998, 39.783459751770998 ], [ -105.009732264175, 39.783539073234003 ], [ -105.009893965098001, 39.7835504730024 ], [ -105.010517272019001, 39.783594413308201 ], [ -105.011081659528998, 39.783610960004403 ], [ -105.014817888688995, 39.783687956502298 ], [ -105.016228943833994, 39.783717432471498 ], [ -105.018281460644005, 39.783709278287297 ], [ -105.019266294557994, 39.783706202391997 ], [ -105.019481045028996, 39.7837070789652 ], [ -105.019763224138998, 39.783717698263096 ], [ -105.020100494906004, 39.783747477206603 ], [ -105.020333426226003, 39.783781564304 ], [ -105.020762604436996, 39.783830651837299 ], [ -105.021847275118006, 39.784033889382798 ], [ -105.022215497692002, 39.784093678396999 ], [ -105.023327468163004, 39.784274223947499 ], [ -105.023603417863995, 39.784299010410201 ], [ -105.023934524696998, 39.784333487525998 ], [ -105.024388412844999, 39.784358991626704 ], [ -105.025012409821002, 39.784384846012998 ], [ -105.025084648971998, 39.784387839192902 ], [ -105.025192461689002, 39.784384739504198 ], [ -105.025196124114998, 39.784648363598798 ], [ -105.025185190597, 39.785605713376498 ], [ -105.025223302762001, 39.7874647192303 ], [ -105.025184566589004, 39.789243117196001 ], [ -105.025191453795003, 39.791115377747403 ], [ -105.025239548848006, 39.791107336204398 ], [ -105.025262053787998, 39.793957638184096 ], [ -105.025188853703, 39.793994060100196 ], [ -105.025112130156003, 39.794025320636301 ], [ -105.025031884442001, 39.794051076873302 ], [ -105.024949005189001, 39.794071674453001 ], [ -105.024864385979001, 39.794086431390902 ], [ -105.024778024629001, 39.7940956916961 ], [ -105.024691705478006, 39.794098774774199 ], [ -105.024604533670995, 39.7940963640524 ], [ -105.024518293605993, 39.794087780044897 ], [ -105.024433869627003, 39.794073713264098 ], [ -105.024350375102998, 39.794053816361902 ], [ -105.024270476680996, 39.794028443632101 ], [ -105.024192395181004, 39.793997587893699 ], [ -105.024119683311, 39.793961949391303 ], [ -105.024050563700996, 39.793921521403298 ], [ -105.023985924623005, 39.793876307475998 ], [ -105.023926649108006, 39.793827340390798 ], [ -105.023884230438, 39.793785304697401 ], [ -105.023846327504998, 39.7937333357591 ], [ -105.023802176581995, 39.793684429558397 ], [ -105.023753558411997, 39.793638250873897 ], [ -105.023699576897997, 39.793595825029797 ], [ -105.023640232106999, 39.793557152019197 ], [ -105.023577300301994, 39.7935225825399 ], [ -105.023510780058999, 39.793492459046597 ], [ -105.023441560924994, 39.793466785785803 ], [ -105.023369639774003, 39.793445905958698 ], [ -105.023295017121001, 39.793429818759797 ], [ -105.023218580234996, 39.793418871697803 ], [ -105.023183015659001, 39.793415639238503 ], [ -105.023121690663004, 39.7934064689914 ], [ -105.023060335907999, 39.793401759683697 ], [ -105.022998065780996, 39.793400821190097 ], [ -105.022935765097003, 39.793404343180001 ], [ -105.022874325925997, 39.793411986952201 ], [ -105.022813748652993, 39.793423751907198 ], [ -105.022754924577995, 39.793439298289201 ], [ -105.022697851743004, 39.793458969863501 ], [ -105.022643422494994, 39.793482426479002 ], [ -105.022591638446002, 39.7935093256295 ], [ -105.022543389739994, 39.793539670325103 ], [ -105.022504943235006, 39.7935676531675 ], [ -105.022392345046995, 39.793640973806497 ], [ -105.022288594619994, 39.793721536467402 ], [ -105.022194585020998, 39.793808658659799 ], [ -105.022110321659, 39.793901653739901 ], [ -105.022036696650005, 39.794000182631599 ], [ -105.021974605902003, 39.794103218531703 ], [ -105.021925846464001, 39.794208367928 ], [ -105.021846580529001, 39.794481537337496 ], [ -105.021821199876001, 39.794550407541898 ], [ -105.021052060819997, 39.794356490157099 ], [ -105.021508639095998, 39.793288745200996 ], [ -105.020629120406994, 39.793106043646397 ], [ -105.020556834095004, 39.793008637543899 ], [ -105.020544169928002, 39.791088656029203 ], [ -105.015847901623999, 39.791070128092599 ], [ -105.006410792859, 39.791046050041103 ], [ -104.998127080570001, 39.791022194869903 ], [ -104.998121811144998, 39.7910221794384 ] ] ] } },
{ "type": "Feature", "properties": { "nbhd_id": 24, "neighborhood": "East Colfax", "council_district": 8, "population": 9541, "per_capita_income": 80117, "pct_poverty": 19.756838905775076, "pct_renters": 65.083734801559984, "field_requests": 8896, "field_requests_2025": 1500, "field_requests_per_1k_per_year": 133.19957476754459, "top_category": "Solid Waste", "share_open_in_file": 0.07205485611510791, "wait_index": 0.48196023277026351, "ranked_requests": 2041, "p50_days": 2.5894791666666666 }, "geometry": { "type": "Polygon", "coordinates": [ [ [ -104.884657378065, 39.747455287535303 ], [ -104.884649400916004, 39.740157254315797 ], [ -104.884700198944003, 39.732847155325999 ], [ -104.884708734458997, 39.732847201768799 ], [ -104.885868189264002, 39.732851335151302 ], [ -104.887047216580001, 39.732853365996398 ], [ -104.888226440761997, 39.732853189410697 ], [ -104.889422395696997, 39.732850546956598 ], [ -104.890595364296999, 39.732855049018902 ], [ -104.893369186898994, 39.732855015545297 ], [ -104.895199999230002, 39.732860907894199 ], [ -104.895981140784002, 39.732863413642498 ], [ -104.896513183836007, 39.7328651170615 ], [ -104.896870257101, 39.732866259060103 ], [ -104.897588552106001, 39.732868553016303 ], [ -104.897759373748997, 39.7328690980113 ], [ -104.898763546455996, 39.732872296153303 ], [ -104.899892804304002, 39.732873943945201 ], [ -104.900976539967004, 39.732875349147498 ], [ -104.902039871883005, 39.732872590529396 ], [ -104.903458717004995, 39.732895051873598 ], [ -104.903453802656998, 39.734171664687302 ], [ -104.903454619019996, 39.734695573857799 ], [ -104.903458247784002, 39.735626602304997 ], [ -104.903457632756997, 39.737270052863799 ], [ -104.903464635855997, 39.738701407857697 ], [ -104.903455093546, 39.7401463078847 ], [ -104.903455110856001, 39.741479655158003 ], [ -104.903452699070996, 39.741978365989901 ], [ -104.903458736820994, 39.742602343100401 ], [ -104.903455067447993, 39.743785223643499 ], [ -104.903463754119997, 39.745615637393499 ], [ -104.903447773996007, 39.747441939535797 ], [ -104.903436548749994, 39.748631580072697 ], [ -104.903422847111003, 39.749822769646201 ], [ -104.903427578579993, 39.751016570301601 ], [ -104.902237232694006, 39.751018665471499 ], [ -104.901062970721, 39.7510175704262 ], [ -104.899890083189007, 39.751020620011602 ], [ -104.898734944156999, 39.751016749993902 ], [ -104.898749603013997, 39.749825748908002 ], [ -104.898767376842997, 39.747442599240699 ], [ -104.897560561332, 39.747444607027198 ], [ -104.896375655316007, 39.747450662412298 ], [ -104.894015040577997, 39.747458096603303 ], [ -104.892846753843003, 39.747460717514798 ], [ -104.891681144011002, 39.747462072796203 ], [ -104.890505371402, 39.747464052062099 ], [ -104.889330364640998, 39.7474643646296 ], [ -104.888174541233994, 39.747464881632098 ], [ -104.887001445283005, 39.747465640291701 ], [ -104.885826739316997, 39.747466376396602 ], [ -104.884664081655998, 39.7474684820316 ], [ -104.884657378065, 39.747455287535303 ] ] ] } },
{ "type": "Feature", "properties": { "nbhd_id": 78, "neighborhood": "Windsor", "council_district": 5, "population": 14122, "per_capita_income": 173588, "pct_poverty": 14.757709251101323, "pct_renters": 53.049228508449666, "field_requests": 4385, "field_requests_2025": 914, "field_requests_per_1k_per_year": 44.358346652639248, "top_category": "General Information", "share_open_in_file": 0.054960091220068417, "wait_index": 0.47953987578728718, "ranked_requests": 964, "p50_days": 1.8247685185185185 }, "geometry": { "type": "Polygon", "coordinates": [ [ [ -104.870665226808995, 39.710033245596001 ], [ -104.870665482095006, 39.709935047106498 ], [ -104.865974146644007, 39.711052591679803 ], [ -104.865969433781999, 39.703903745130397 ], [ -104.867015585510003, 39.703570675474801 ], [ -104.868239150169998, 39.703269091513199 ], [ -104.868274766965996, 39.703260703892397 ], [ -104.868344261117002, 39.7032398007713 ], [ -104.868411129444993, 39.703214422471703 ], [ -104.868475369177006, 39.703184912116697 ], [ -104.868535206844001, 39.703150916854099 ], [ -104.868591524346996, 39.703113127691999 ], [ -104.868643433404998, 39.703071540118003 ], [ -104.868690042200996, 39.7030264927348 ], [ -104.868731341745999, 39.7029790140977 ], [ -104.868767338015004, 39.702928418780303 ], [ -104.868798021890001, 39.7028757359381 ], [ -104.868821613490994, 39.702821299106098 ], [ -104.869336384126996, 39.701501156229703 ], [ -104.869389673591996, 39.701404668657503 ], [ -104.869459896132, 39.701302438573997 ], [ -104.869540733435002, 39.701205412957599 ], [ -104.869633068143997, 39.701114282735297 ], [ -104.869735120789997, 39.701029381377502 ], [ -104.869845989300003, 39.700952076661402 ], [ -104.869965674650004, 39.700882368918897 ], [ -104.870092393362, 39.700820934537496 ], [ -104.870225251573004, 39.700768455377101 ], [ -104.870364247829997, 39.700724931058097 ], [ -104.870507600433996, 39.700691038942097 ], [ -104.870653532307998, 39.700666768800701 ], [ -104.87065020048, 39.698363419312699 ], [ -104.868205113160002, 39.698365064783999 ], [ -104.868208322431997, 39.700179745293497 ], [ -104.867150136673999, 39.700178517217097 ], [ -104.867146732083995, 39.699275284891598 ], [ -104.865965024104, 39.699278185678303 ], [ -104.865962934427998, 39.696559265790903 ], [ -104.867132138136, 39.696558700719201 ], [ -104.870647733450994, 39.696558007237201 ], [ -104.875310321390998, 39.696556443869397 ], [ -104.875317560713995, 39.698438063254201 ], [ -104.877722582244004, 39.698446009879397 ], [ -104.877732210038999, 39.696558646162103 ], [ -104.884648723813996, 39.696564156782998 ], [ -104.894095324545006, 39.696593647919798 ], [ -104.894093408242995, 39.695889461341899 ], [ -104.894766822733004, 39.6958918996854 ], [ -104.894768745468994, 39.696596086049198 ], [ -104.896819217045007, 39.696603533152597 ], [ -104.896828118887996, 39.696601519909997 ], [ -104.896869962544997, 39.696591439564102 ], [ -104.896910940940003, 39.696578609145497 ], [ -104.896950166845997, 39.696563024657401 ], [ -104.896987636337997, 39.696545029014203 ], [ -104.897022464038997, 39.696524274393703 ], [ -104.897055532373003, 39.696501451991097 ], [ -104.897331968252004, 39.696279467884999 ], [ -104.897901463382993, 39.6960720243911 ], [ -104.899158434127997, 39.695365697642103 ], [ -104.899566945714994, 39.695800516598503 ], [ -104.899641923426998, 39.695759719459701 ], [ -104.900379674324995, 39.696550705742801 ], [ -104.899749040781998, 39.6971548922971 ], [ -104.899836879470996, 39.6971867679597 ], [ -104.903508929180006, 39.698519232678898 ], [ -104.903544625034002, 39.698535976264097 ], [ -104.903530918114996, 39.699710218710599 ], [ -104.903526208274997, 39.7001342659686 ], [ -104.903524086047, 39.700325377638102 ], [ -104.903502017866998, 39.703882503525101 ], [ -104.903510710557001, 39.7075081045448 ], [ -104.903511193238003, 39.708078446239298 ], [ -104.903510897027004, 39.708531421813497 ], [ -104.903510721998003, 39.708552010898501 ], [ -104.903511219425994, 39.709643275276797 ], [ -104.903511730977002, 39.710837489230897 ], [ -104.903511057634006, 39.711125743474 ], [ -104.903494676757006, 39.711282417937497 ], [ -104.903359526649993, 39.711211224923503 ], [ -104.901709273093005, 39.711208441950902 ], [ -104.892909879488002, 39.7111932127983 ], [ -104.892559010493997, 39.7111552725503 ], [ -104.892370799434005, 39.711120314500903 ], [ -104.892126426291995, 39.711036536165999 ], [ -104.891860353387997, 39.710918668241 ], [ -104.891585285898998, 39.710751000754399 ], [ -104.890994623488993, 39.710379049907601 ], [ -104.889847145974002, 39.7096709196463 ], [ -104.889291239906996, 39.709327850180898 ], [ -104.888675816307, 39.708944359557997 ], [ -104.887559676487001, 39.708248836090199 ], [ -104.887309856569004, 39.708093157352501 ], [ -104.886815797894002, 39.707790413629503 ], [ -104.886509807622005, 39.7075963191689 ], [ -104.886240996743993, 39.707434738862503 ], [ -104.886009615218995, 39.707304903899796 ], [ -104.885821839851005, 39.707218980264798 ], [ -104.885555621742995, 39.7071205125986 ], [ -104.885371801697005, 39.707064130442397 ], [ -104.885150720360997, 39.707007162654001 ], [ -104.884938952623997, 39.706966410282497 ], [ -104.884730905788004, 39.706936601175798 ], [ -104.884425859773998, 39.706915235625402 ], [ -104.884109519934, 39.706911982219196 ], [ -104.883809539056003, 39.706929576579 ], [ -104.883613266441003, 39.706956386593703 ], [ -104.883130191438994, 39.707056979476 ], [ -104.878979574506999, 39.708043420594201 ], [ -104.875373456781006, 39.7088980366835 ], [ -104.870665226808995, 39.710033245596001 ] ] ] } },
{ "type": "Feature", "properties": { "nbhd_id": 44, "neighborhood": "Marston", "council_district": 2, "population": 11920, "per_capita_income": 149085, "pct_poverty": 4.8876924371161774, "pct_renters": 37.646846195553948, "field_requests": 4834, "field_requests_2025": 707, "field_requests_per_1k_per_year": 57.933844678811127, "top_category": "Solid Waste", "share_open_in_file": 0.059164253206454284, "wait_index": 0.47947691561036576, "ranked_requests": 1143, "p50_days": 1.9761342592592592 }, "geometry": { "type": "Polygon", "coordinates": [ [ [ -105.065074073717, 39.618517999087402 ], [ -105.065090739474996, 39.6200452211786 ], [ -105.065661765363998, 39.620600475407201 ], [ -105.073646115203999, 39.623277975663598 ], [ -105.076115666986993, 39.624224798139899 ], [ -105.074517225666995, 39.624227255904003 ], [ -105.076272837171999, 39.625094616275497 ], [ -105.080231770759994, 39.629460570059003 ], [ -105.080952007592998, 39.631327239715397 ], [ -105.081564616031002, 39.631300940148499 ], [ -105.081564452501993, 39.631328392911101 ], [ -105.081670079904995, 39.631328082938403 ], [ -105.083712476673995, 39.631327444566899 ], [ -105.083733185678, 39.630229374779297 ], [ -105.081690818791998, 39.630230356641398 ], [ -105.081747210686999, 39.627318417029201 ], [ -105.083812568962998, 39.627317515938799 ], [ -105.083789424494995, 39.628527451522999 ], [ -105.085579667632999, 39.628526916849601 ], [ -105.085625896389004, 39.626106701354097 ], [ -105.087390690085002, 39.626046337927797 ], [ -105.087383671278999, 39.6270902365914 ], [ -105.091163832359996, 39.627080803751099 ], [ -105.091185914288999, 39.624201339553601 ], [ -105.100644984412, 39.624222895208597 ], [ -105.107536666640001, 39.624207343057201 ], [ -105.107517012623006, 39.627089904635397 ], [ -105.109966698932993, 39.627084336328998 ], [ -105.109938032204994, 39.631447984073702 ], [ -105.109914363881003, 39.635070740553601 ], [ -105.100534386890999, 39.635088640207499 ], [ -105.091116376738, 39.635081636856 ], [ -105.091102400533998, 39.638702363195499 ], [ -105.081527577935006, 39.638709832911502 ], [ -105.081421053645002, 39.638710139800601 ], [ -105.081418160859002, 39.638588362868099 ], [ -105.081430883485993, 39.638062205948202 ], [ -105.081441997184001, 39.637602435795799 ], [ -105.081453276239998, 39.6371358279196 ], [ -105.081460197682006, 39.636849461028397 ], [ -105.081463196173999, 39.636639566299202 ], [ -105.081470404990995, 39.636236879683103 ], [ -105.081280303773994, 39.636163053708401 ], [ -105.080857299075006, 39.636141045143901 ], [ -105.080596397416997, 39.636159459276698 ], [ -105.080305657251998, 39.636204819702897 ], [ -105.079966549933999, 39.636631990003998 ], [ -105.079481986214006, 39.636725923740002 ], [ -105.079046407109999, 39.636704944016898 ], [ -105.078249925559007, 39.636554285535702 ], [ -105.078135411968006, 39.636532789412598 ], [ -105.077724010506998, 39.636452786335703 ], [ -105.077673839030993, 39.636443942470201 ], [ -105.077656880649997, 39.636441428564602 ], [ -105.077622811759994, 39.636437088380099 ], [ -105.077605706162004, 39.636435265732302 ], [ -105.077588562325005, 39.6364336709997 ], [ -105.077563120481997, 39.636431739830897 ], [ -105.077246321233005, 39.636397147343601 ], [ -105.077059444618001, 39.636401840675802 ], [ -105.076649202436997, 39.636412139346298 ], [ -105.076436324152994, 39.6364366321041 ], [ -105.075923710580994, 39.636495606642796 ], [ -105.075811627888001, 39.636508500420199 ], [ -105.075246603756, 39.636495638648697 ], [ -105.074900999343996, 39.636606609410201 ], [ -105.074799315426006, 39.636671895891098 ], [ -105.074763336046004, 39.636646436642003 ], [ -105.074172295721993, 39.6367674938462 ], [ -105.074037737639998, 39.636706608198899 ], [ -105.073897797547005, 39.636654968576302 ], [ -105.073751583789999, 39.636613257898098 ], [ -105.073600871338002, 39.636581482784102 ], [ -105.073448323375999, 39.636559652484003 ], [ -105.073293045556994, 39.636548793655898 ], [ -105.073264646907006, 39.636547661056497 ], [ -105.073204844100999, 39.6386469525333 ], [ -105.073196114881, 39.638741308742603 ], [ -105.072254605992995, 39.638743065557101 ], [ -105.067444399224001, 39.638750039029702 ], [ -105.065486009042999, 39.638735687110298 ], [ -105.060868558471995, 39.638743461280399 ], [ -105.060011366744007, 39.638754506051299 ], [ -105.059800335833998, 39.638674711292801 ], [ -105.059058208292996, 39.638675703438501 ], [ -105.059839503624005, 39.634691003691302 ], [ -105.057060856819007, 39.631499032671996 ], [ -105.053433852961007, 39.629298278118497 ], [ -105.053449304352, 39.627705339218501 ], [ -105.055780199921003, 39.625997979505001 ], [ -105.055808994405993, 39.624251348662803 ], [ -105.053483666185997, 39.624254200883598 ], [ -105.053516731897005, 39.620866883653001 ], [ -105.054329946533002, 39.620822271079703 ], [ -105.055349079338995, 39.621054342110199 ], [ -105.056272633896, 39.621104162206301 ], [ -105.057243858394003, 39.620912905864103 ], [ -105.057385846320003, 39.620491683406499 ], [ -105.056488680970006, 39.619917948601199 ], [ -105.057120475950995, 39.619367826185503 ], [ -105.057086653718002, 39.619383484566796 ], [ -105.058160417986002, 39.617375366247003 ], [ -105.058098048125004, 39.614408808761802 ], [ -105.097009657097999, 39.614311409270201 ], [ -105.097029540285007, 39.6184304429039 ], [ -105.065074073717, 39.618517999087402 ] ], [ [ -105.080874170806993, 39.635000591712803 ], [ -105.080870077601006, 39.635686572320502 ], [ -105.081483442076006, 39.6356887587431 ], [ -105.081487529293, 39.635002778114497 ], [ -105.080874170806993, 39.635000591712803 ] ] ] } },
{ "type": "Feature", "properties": { "nbhd_id": 46, "neighborhood": "Montclair", "council_district": 5, "population": 6388, "per_capita_income": 157149, "pct_poverty": 6.1521603005635566, "pct_renters": 27.447216890595012, "field_requests": 7392, "field_requests_2025": 905, "field_requests_per_1k_per_year": 165.30995616781465, "top_category": "Streets & Traffic", "share_open_in_file": 0.065611471861471857, "wait_index": 0.47496863370147324, "ranked_requests": 2140, "p50_days": 2.0584375 }, "geometry": { "type": "Polygon", "coordinates": [ [ [ -104.903455093546, 39.7401463078847 ], [ -104.903464635855997, 39.738701407857697 ], [ -104.903457632756997, 39.737270052863799 ], [ -104.903458247784002, 39.735626602304997 ], [ -104.903454619019996, 39.734695573857799 ], [ -104.903453802656998, 39.734171664687302 ], [ -104.903458717004995, 39.732895051873598 ], [ -104.903463314519996, 39.731687290166903 ], [ -104.903464836454006, 39.730717734674897 ], [ -104.903467623859001, 39.730045518537501 ], [ -104.903468066612007, 39.7298768563641 ], [ -104.903468825735999, 39.729576021645002 ], [ -104.903467744150007, 39.7292849896942 ], [ -104.903464081864996, 39.728673399382998 ], [ -104.903460478271001, 39.728071706338199 ], [ -104.903464936221994, 39.727018802376499 ], [ -104.903459580993996, 39.726880833394702 ], [ -104.903454722484994, 39.7266993842101 ], [ -104.903407530045996, 39.725641959782898 ], [ -104.904364232939997, 39.725643054355899 ], [ -104.904627411415007, 39.725643354254998 ], [ -104.905802984147002, 39.725643395433302 ], [ -104.906943013618005, 39.725642514470699 ], [ -104.908154814881996, 39.725640380364297 ], [ -104.909360322981996, 39.725640893017498 ], [ -104.910499229455993, 39.725640086584903 ], [ -104.911636656995, 39.725639528776803 ], [ -104.912451130774997, 39.725640635899097 ], [ -104.912793747142004, 39.725639431406698 ], [ -104.913952113006999, 39.725638853889599 ], [ -104.915049018711997, 39.7256377132816 ], [ -104.916154697897994, 39.725637027809903 ], [ -104.917256857720005, 39.725635969176899 ], [ -104.918357417986996, 39.725635153133197 ], [ -104.919461213193003, 39.725634058045799 ], [ -104.920562536426999, 39.725634339695098 ], [ -104.921662013081999, 39.7256363659844 ], [ -104.922798781186998, 39.725632079532801 ], [ -104.922811081700004, 39.728066719491103 ], [ -104.922808325451001, 39.729255823091599 ], [ -104.922313891523999, 39.729262043361501 ], [ -104.922314162790997, 39.730481432099303 ], [ -104.922312539985995, 39.731067333625496 ], [ -104.922324797325004, 39.7316724591563 ], [ -104.922319660032997, 39.732880360469203 ], [ -104.922330028199994, 39.733653566603998 ], [ -104.922324700513997, 39.734706264662599 ], [ -104.922331470987004, 39.735105472862799 ], [ -104.922334443066006, 39.736680334876198 ], [ -104.922324920459005, 39.738299258300202 ], [ -104.922321255428997, 39.7401429843041 ], [ -104.921661737893004, 39.7401411474684 ], [ -104.921133232532, 39.740139826633303 ], [ -104.920560939096006, 39.740142594748697 ], [ -104.919949251209999, 39.740143013835002 ], [ -104.919457084930002, 39.740145826396102 ], [ -104.918773351338999, 39.740146226633001 ], [ -104.918359399248999, 39.7401447733507 ], [ -104.917555768691003, 39.740145602495801 ], [ -104.917254761335002, 39.740146170727002 ], [ -104.916322716747004, 39.740147042348603 ], [ -104.915055674710999, 39.740146854990797 ], [ -104.913948616840003, 39.740149312610903 ], [ -104.912802989691002, 39.740154734903598 ], [ -104.912430415933002, 39.740153940701802 ], [ -104.911640562729005, 39.740149365212098 ], [ -104.910500101590003, 39.740149493839198 ], [ -104.909356247632005, 39.740148122100699 ], [ -104.908156778465994, 39.740155076977501 ], [ -104.906941481173007, 39.7401597860867 ], [ -104.905797388687006, 39.740154073268002 ], [ -104.904652531970996, 39.740158771087899 ], [ -104.903455093546, 39.7401463078847 ] ] ] } },
{ "type": "Feature", "properties": { "nbhd_id": 49, "neighborhood": "Northeast Park Hill", "council_district": 8, "population": 8623, "per_capita_income": 79949, "pct_poverty": 18.859702215228179, "pct_renters": 45.77883472057075, "field_requests": 11284, "field_requests_2025": 1746, "field_requests_per_1k_per_year": 186.94189957091501, "top_category": "Solid Waste", "share_open_in_file": 0.064516129032258063, "wait_index": 0.47300409820444395, "ranked_requests": 2606, "p50_days": 1.6615740740740741 }, "geometry": { "type": "Polygon", "coordinates": [ [ [ -104.903510614306001, 39.783823373777402 ], [ -104.903534610221996, 39.782835888241401 ], [ -104.903542103622001, 39.781467223842903 ], [ -104.903531353109997, 39.7793356928983 ], [ -104.903539269893997, 39.779284500285002 ], [ -104.903549703148002, 39.779153941976801 ], [ -104.903571493216006, 39.778660108943598 ], [ -104.903569520022998, 39.778489841509 ], [ -104.903568839808997, 39.778431149464303 ], [ -104.903567439452999, 39.778309713435597 ], [ -104.903568052717006, 39.778237640718402 ], [ -104.903568499366003, 39.778185148910303 ], [ -104.903560570454999, 39.777440953716201 ], [ -104.903496844312002, 39.7773932610475 ], [ -104.903565413619006, 39.777311090231699 ], [ -104.903586775169998, 39.776527437044201 ], [ -104.903583955848006, 39.775232532395101 ], [ -104.903660106326996, 39.774820265312897 ], [ -104.903657401190003, 39.774733637632004 ], [ -104.903654965377001, 39.774613479603403 ], [ -104.903642237046995, 39.774482591500202 ], [ -104.903619246011999, 39.774338302203098 ], [ -104.903556824491005, 39.773948182683398 ], [ -104.903540748826998, 39.773803928374299 ], [ -104.903531121922001, 39.773715773348897 ], [ -104.903511611327005, 39.773568831307401 ], [ -104.903505825373003, 39.773435309602903 ], [ -104.903499951203003, 39.773312463224698 ], [ -104.903497518668999, 39.772733397480799 ], [ -104.903492028447999, 39.771769248728503 ], [ -104.903493164134005, 39.771101628357002 ], [ -104.903495186933995, 39.769277272020403 ], [ -104.903513298544993, 39.768475581388003 ], [ -104.903516910232995, 39.768191861016298 ], [ -104.903458283399999, 39.768047154385599 ], [ -104.903452079068998, 39.7674606385782 ], [ -104.903447094583001, 39.766726431279601 ], [ -104.903449261706996, 39.765643579018203 ], [ -104.903429001385007, 39.763835929165303 ], [ -104.903439419912004, 39.761983809070799 ], [ -104.905791681026997, 39.761974693514198 ], [ -104.906948392762004, 39.7619749667316 ], [ -104.908180357662999, 39.761977467677397 ], [ -104.909408871172005, 39.761976249905601 ], [ -104.910573369546, 39.7619765217515 ], [ -104.911729986482001, 39.761976767782301 ], [ -104.912431040100998, 39.7619741693292 ], [ -104.912851305662997, 39.7619958343642 ], [ -104.914052641045998, 39.7619992036837 ], [ -104.915212829065993, 39.761998461857701 ], [ -104.916376204857997, 39.761997708141898 ], [ -104.917586829431002, 39.761993249276102 ], [ -104.918812642671, 39.7619915133888 ], [ -104.919974246394005, 39.761995932095303 ], [ -104.921134989303994, 39.761993801180303 ], [ -104.921973528760006, 39.761995312801403 ], [ -104.922135840455994, 39.761996109736401 ], [ -104.922291588994995, 39.7620073122647 ], [ -104.922445107517007, 39.762014591711903 ], [ -104.924034459422003, 39.762018464079603 ], [ -104.925815625864004, 39.762010929985301 ], [ -104.927593969233001, 39.762005841749499 ], [ -104.929355750574004, 39.7619978797321 ], [ -104.931852991731006, 39.762000331496999 ], [ -104.933167048857996, 39.762002525639701 ], [ -104.934391973526999, 39.762001544458002 ], [ -104.935015078500996, 39.761999658916999 ], [ -104.935621026817998, 39.761997822519199 ], [ -104.936852573316003, 39.761995466502803 ], [ -104.938082853940003, 39.761990342298098 ], [ -104.939314516118003, 39.761994837867 ], [ -104.939526601428, 39.761998599113603 ], [ -104.939679923531003, 39.761995202827798 ], [ -104.940578188695994, 39.761958201106303 ], [ -104.940571935110995, 39.763766682927702 ], [ -104.940569837975005, 39.764475291095103 ], [ -104.940570073190003, 39.765671046431599 ], [ -104.940625753668996, 39.765796434344701 ], [ -104.940630533491003, 39.766908600668998 ], [ -104.940618395087995, 39.768096071786601 ], [ -104.940607070612003, 39.769182539592798 ], [ -104.940617243779997, 39.772877656226797 ], [ -104.940617164244998, 39.772887655896703 ], [ -104.940609537537995, 39.773847605652499 ], [ -104.940650608224999, 39.775080144404299 ], [ -104.940657249976994, 39.777569786633897 ], [ -104.940666159676994, 39.778089982936699 ], [ -104.940680943974002, 39.779023892890898 ], [ -104.940676223278004, 39.779731681738802 ], [ -104.940668489320004, 39.780029866089002 ], [ -104.940642042134002, 39.780580949356697 ], [ -104.940637244675003, 39.781068169659399 ], [ -104.94061130643, 39.781357343595197 ], [ -104.940596156433003, 39.781498724066601 ], [ -104.940556792378004, 39.782269885439703 ], [ -104.940518986661999, 39.7837744358918 ], [ -104.940562449154001, 39.787244955217901 ], [ -104.940568522285005, 39.787933006792798 ], [ -104.940551335318005, 39.788429990355802 ], [ -104.940549543179998, 39.788654497711399 ], [ -104.940547848788995, 39.788866758653398 ], [ -104.940529677629996, 39.789154460943003 ], [ -104.940495421289995, 39.789468619537999 ], [ -104.940435181224998, 39.789723465017801 ], [ -104.940391116811995, 39.789929423436398 ], [ -104.940380215307002, 39.789980375563303 ], [ -104.940325412491006, 39.790216877003097 ], [ -104.940249378445003, 39.790461441462398 ], [ -104.940162305304, 39.790763102798103 ], [ -104.940088427907, 39.790975265943302 ], [ -104.931660842406998, 39.7910164786542 ], [ -104.926950001514001, 39.791039287096801 ], [ -104.926980921769996, 39.7837759030472 ], [ -104.922274114236998, 39.783799915502101 ], [ -104.912898974917994, 39.783819772618997 ], [ -104.903510614306001, 39.783823373777402 ] ] ] } },
{ "type": "Feature", "properties": { "nbhd_id": 27, "neighborhood": "Fort Logan", "council_district": 2, "population": 9358, "per_capita_income": 156547, "pct_poverty": 10.031738834731353, "pct_renters": 20.648801128349788, "field_requests": 4262, "field_requests_2025": 629, "field_requests_per_1k_per_year": 65.062742344212751, "top_category": "Solid Waste", "share_open_in_file": 0.077193805725011735, "wait_index": 0.47216701510766718, "ranked_requests": 946, "p50_days": 2.289375 }, "geometry": { "type": "Polygon", "coordinates": [ [ [ -105.034615256866999, 39.653275924251403 ], [ -105.034631218331, 39.649527560823898 ], [ -105.034641196641005, 39.645878001684899 ], [ -105.034359765484993, 39.645877916305103 ], [ -105.034361408173993, 39.645630154953402 ], [ -105.034416841509, 39.645571349338603 ], [ -105.034435701736001, 39.643797583434498 ], [ -105.032750782080001, 39.643787120957697 ], [ -105.032784557331993, 39.642846971574798 ], [ -105.029980311548996, 39.642819316020002 ], [ -105.029984054813994, 39.6422599648565 ], [ -105.029881078284006, 39.642259552908499 ], [ -105.029904503824994, 39.640086011074501 ], [ -105.030007477492006, 39.640086423003403 ], [ -105.030036772141003, 39.638627039242898 ], [ -105.034700818416994, 39.638620893402901 ], [ -105.034748468168999, 39.633169482921403 ], [ -105.030059150873996, 39.633159399351797 ], [ -105.030057939041995, 39.632942510510503 ], [ -105.029802135367007, 39.632701954161597 ], [ -105.029772193518994, 39.632666487838897 ], [ -105.029738769754999, 39.632620712273003 ], [ -105.029711573442995, 39.632572902845801 ], [ -105.029688826588, 39.632523395180698 ], [ -105.029672302053001, 39.632472539816803 ], [ -105.029661997983993, 39.632420679636503 ], [ -105.029657021537005, 39.632368497845299 ], [ -105.029124577114004, 39.632348863435901 ], [ -105.029122804246001, 39.632348513342897 ], [ -105.029066903442995, 39.632345543779202 ], [ -105.029011030513999, 39.632338456391402 ], [ -105.028956955840002, 39.6323279445038 ], [ -105.028903796578007, 39.632313318151901 ], [ -105.028852432959994, 39.632295610481897 ], [ -105.028802867552997, 39.632274478217703 ], [ -105.027382975433, 39.631700827951597 ], [ -105.027254634721999, 39.631646777059998 ], [ -105.027086380186006, 39.631588447007701 ], [ -105.026911831833004, 39.6315421024645 ], [ -105.026732766910996, 39.631507407373903 ], [ -105.026550958561998, 39.631484712050003 ], [ -105.026366401939995, 39.631474702386598 ], [ -105.026181762104997, 39.6314770465832 ], [ -105.025400686476999, 39.631473207612601 ], [ -105.025401256828005, 39.631388789900797 ], [ -105.025425036917994, 39.628525811128902 ], [ -105.025659369588993, 39.628524012189501 ], [ -105.025815583945004, 39.628523956486198 ], [ -105.026367816215, 39.628500446126097 ], [ -105.026915859767001, 39.628439854115904 ], [ -105.027454386304996, 39.628342501820697 ], [ -105.027980725706001, 39.628209408410299 ], [ -105.02848865947, 39.628041235114999 ], [ -105.028877468339999, 39.627901065489702 ], [ -105.029313111063004, 39.627791624331998 ], [ -105.031096168656006, 39.627801843109097 ], [ -105.031611343012003, 39.627877336864103 ], [ -105.032385200060006, 39.6280262672622 ], [ -105.032936632228996, 39.628122146484799 ], [ -105.033491791242, 39.628191613830303 ], [ -105.034793825457996, 39.628197120039303 ], [ -105.034797306160002, 39.627805575930203 ], [ -105.035784284092998, 39.627805361893003 ], [ -105.035908513166007, 39.627809970875397 ], [ -105.036031800594003, 39.627822811885203 ], [ -105.036153256104001, 39.627844225251003 ], [ -105.036271994743998, 39.6278738631922 ], [ -105.036387133285004, 39.627911037058297 ], [ -105.036496894701997, 39.627956082334499 ], [ -105.036602171140999, 39.628008316377702 ], [ -105.036700304234003, 39.628067042689899 ], [ -105.036710024260998, 39.628073601105299 ], [ -105.036796653381003, 39.6281271341376 ], [ -105.037385921503997, 39.627465420317797 ], [ -105.037707761982006, 39.627113221153699 ], [ -105.038007807320994, 39.626835746670999 ], [ -105.039480209079997, 39.627791768053903 ], [ -105.039560647190001, 39.627842186279999 ], [ -105.039645557111001, 39.627887474544401 ], [ -105.039735832719998, 39.627926606422101 ], [ -105.039795159175995, 39.627948115529499 ], [ -105.040027094077999, 39.6280409936479 ], [ -105.040080953906994, 39.627948548194198 ], [ -105.040144549632998, 39.627860259187798 ], [ -105.040207156147005, 39.627787408960799 ], [ -105.040258046953994, 39.627741623151699 ], [ -105.040635388419005, 39.627993956927597 ], [ -105.040911255656994, 39.627747952350298 ], [ -105.041330246819996, 39.628010741942802 ], [ -105.041709716073001, 39.627665620351102 ], [ -105.042292146031997, 39.628045722075797 ], [ -105.042775365409, 39.627578146022998 ], [ -105.043023956957001, 39.627703341126399 ], [ -105.043285971816005, 39.627811772541399 ], [ -105.043559643790005, 39.627902060413597 ], [ -105.043841429211, 39.627973161840302 ], [ -105.044131325712996, 39.628025419543299 ], [ -105.044153494376005, 39.628028594010097 ], [ -105.044126816822001, 39.6314557346927 ], [ -105.053411830585006, 39.631505809047098 ], [ -105.053341666012997, 39.6387714756195 ], [ -105.058807344713003, 39.6387602108612 ], [ -105.058750105784995, 39.638969329135698 ], [ -105.059155929221006, 39.638805445015699 ], [ -105.059284927934996, 39.638760630501402 ], [ -105.059419196443997, 39.638724758569303 ], [ -105.059556957707997, 39.6386981643222 ], [ -105.059697321561998, 39.638681188753601 ], [ -105.059800335833998, 39.638674711292801 ], [ -105.060011366744007, 39.638754506051299 ], [ -105.060868558471995, 39.638743461280399 ], [ -105.065486009042999, 39.638735687110298 ], [ -105.067444399224001, 39.638750039029702 ], [ -105.072254605992995, 39.638743065557101 ], [ -105.073196114881, 39.638741308742603 ], [ -105.073204844100999, 39.6386469525333 ], [ -105.076909284021994, 39.638638386993897 ], [ -105.076902024074002, 39.639106786494601 ], [ -105.076893044594001, 39.6392711319032 ], [ -105.076867202912993, 39.639434730307599 ], [ -105.076821848806006, 39.639595513333703 ], [ -105.076758760860997, 39.639752800641801 ], [ -105.076724608513004, 39.639822340639597 ], [ -105.076088115307996, 39.640998830837098 ], [ -105.076035960808994, 39.641109142947698 ], [ -105.075996215795001, 39.641222588439298 ], [ -105.075969771581001, 39.641338484066999 ], [ -105.075956636775999, 39.6414554571748 ], [ -105.075954577792999, 39.641502463727598 ], [ -105.075948155630002, 39.641683976837697 ], [ -105.075941290863994, 39.641791707026698 ], [ -105.075922887768002, 39.641899052232901 ], [ -105.075892067059996, 39.642004637033899 ], [ -105.075849722162999, 39.642107434684597 ], [ -105.075795853222999, 39.642207445474597 ], [ -105.075779718524998, 39.6422331246469 ], [ -105.074549324524, 39.644133947705797 ], [ -105.074463389325999, 39.6442510000795 ], [ -105.074364176505995, 39.644361484309201 ], [ -105.074253466450998, 39.644464719988797 ], [ -105.074131261028995, 39.644560364208402 ], [ -105.073999341958995, 39.644647393883901 ], [ -105.073856825350006, 39.644725119656798 ], [ -105.073745538900994, 39.644776877555302 ], [ -105.072579438283995, 39.645287394184599 ], [ -105.072512657280001, 39.645319752282397 ], [ -105.072449402147001, 39.645356241102299 ], [ -105.072391445966005, 39.645397210438503 ], [ -105.072337020606994, 39.645441624155197 ], [ -105.072288786453996, 39.645489835176399 ], [ -105.072245859937993, 39.6455411543228 ], [ -105.072208245506999, 39.645594894943002 ], [ -105.072177718611997, 39.645651063455603 ], [ -105.072153395239994, 39.6457089703256 ], [ -105.072135275923998, 39.645768615408002 ], [ -105.072124254379005, 39.645828973054002 ], [ -105.072119445804006, 39.645889696255701 ], [ -105.072119439532003, 39.645890725740699 ], [ -105.072119716803996, 39.645990931840799 ], [ -105.072016730385997, 39.6459912431256 ], [ -105.063236362338998, 39.646000116735003 ], [ -105.063195163830997, 39.649626564520503 ], [ -105.062606518256999, 39.649627463362897 ], [ -105.062605318406995, 39.649677561404303 ], [ -105.057087320622998, 39.6496850339012 ], [ -105.057068691948999, 39.651230935147801 ], [ -105.055630384631002, 39.651225506006398 ], [ -105.055630771143996, 39.651164423879699 ], [ -105.053549674538999, 39.651156536383802 ], [ -105.053711771780002, 39.651356189890798 ], [ -105.054175225956001, 39.651497960485401 ], [ -105.054254228679, 39.651500663114099 ], [ -105.054359822604994, 39.651510329688001 ], [ -105.054464485034003, 39.651527197978602 ], [ -105.054565548061007, 39.651550915744501 ], [ -105.054664796652006, 39.651581489708299 ], [ -105.054759562767003, 39.6516185674841 ], [ -105.054849852749001, 39.651661806673502 ], [ -105.054934777054996, 39.651711200555198 ], [ -105.055013449539004, 39.651766061220599 ], [ -105.055086762800997, 39.651826049778997 ], [ -105.055152054828, 39.651890471800002 ], [ -105.055210221020005, 39.651959323257699 ], [ -105.057062238949001, 39.651972496578502 ], [ -105.057060270818994, 39.652847566545503 ], [ -105.057057552741, 39.652946023575801 ], [ -105.057056794773004, 39.653166519620598 ], [ -105.053783366760001, 39.653186363247698 ], [ -105.053218639090005, 39.653184217721098 ], [ -105.053178370378006, 39.653184064627702 ], [ -105.053091833463995, 39.653184384566103 ], [ -105.052775971990997, 39.653185552388699 ], [ -105.052288126652996, 39.653187357853596 ], [ -105.050216334520002, 39.653208551331097 ], [ -105.049608653901998, 39.653240992402303 ], [ -105.048314297762005, 39.653310081276203 ], [ -105.046091116729997, 39.653569873168799 ], [ -105.041352678417994, 39.654121787839202 ], [ -105.039403426971006, 39.654355834726097 ], [ -105.038652103933998, 39.654405659896703 ], [ -105.037916262872997, 39.654408634067501 ], [ -105.037446265176996, 39.6543598751717 ], [ -105.036832371686998, 39.654275363329099 ], [ -105.036128476220995, 39.654081736977297 ], [ -105.035412832142001, 39.653820021330802 ], [ -105.035339705330003, 39.653788006167503 ], [ -105.034654440918999, 39.653487981297801 ], [ -105.034615256866999, 39.653275924251403 ] ] ] } },
{ "type": "Feature", "properties": { "nbhd_id": 35, "neighborhood": "Harvey Park South", "council_district": 2, "population": 8779, "per_capita_income": 86149, "pct_poverty": 4.3339631554085969, "pct_renters": 39.180424528301891, "field_requests": 5137, "field_requests_2025": 806, "field_requests_per_1k_per_year": 83.592338860592662, "top_category": "Neighborhood Inspection", "share_open_in_file": 0.090714424761533963, "wait_index": 0.45718361066985158, "ranked_requests": 1296, "p50_days": 2.7697800925925926 }, "geometry": { "type": "Polygon", "coordinates": [ [ [ -105.025108481786006, 39.667715967576797 ], [ -105.025110897504007, 39.666944010001998 ], [ -105.025104590341996, 39.665817710979702 ], [ -105.025120294155997, 39.665333571454703 ], [ -105.025123841845996, 39.665038797275798 ], [ -105.025135256102999, 39.6640696685336 ], [ -105.025136922906, 39.663725304305302 ], [ -105.025148200727998, 39.662120010918002 ], [ -105.025158188863998, 39.6605022127304 ], [ -105.025180160263005, 39.657429867077703 ], [ -105.025183907037999, 39.656817252863803 ], [ -105.025175324147, 39.656802992849499 ], [ -105.025349364807994, 39.656801978668398 ], [ -105.025352019484998, 39.6568841054521 ], [ -105.032661121695995, 39.656877819067702 ], [ -105.032555709399006, 39.656811145900598 ], [ -105.032456439091007, 39.656737050126203 ], [ -105.032358609461994, 39.6566502990229 ], [ -105.032279097461995, 39.656566364058897 ], [ -105.032220316620993, 39.656493650777499 ], [ -105.032176876302998, 39.656431899661698 ], [ -105.032134288942004, 39.656362143073899 ], [ -105.032161645882994, 39.653276090763697 ], [ -105.034615256866999, 39.653275924251403 ], [ -105.034654440918999, 39.653487981297801 ], [ -105.035339705330003, 39.653788006167503 ], [ -105.035412832142001, 39.653820021330802 ], [ -105.036128476220995, 39.654081736977297 ], [ -105.036832371686998, 39.654275363329099 ], [ -105.037446265176996, 39.6543598751717 ], [ -105.037916262872997, 39.654408634067501 ], [ -105.038652103933998, 39.654405659896703 ], [ -105.039403426971006, 39.654355834726097 ], [ -105.041352678417994, 39.654121787839202 ], [ -105.046091116729997, 39.653569873168799 ], [ -105.048314297762005, 39.653310081276203 ], [ -105.049608653901998, 39.653240992402303 ], [ -105.050216334520002, 39.653208551331097 ], [ -105.052288126652996, 39.653187357853596 ], [ -105.052775971990997, 39.653185552388699 ], [ -105.053091833463995, 39.653184384566103 ], [ -105.053178370378006, 39.653184064627702 ], [ -105.053218639090005, 39.653184217721098 ], [ -105.053210414709994, 39.653346718959199 ], [ -105.053189925317994, 39.6537514754285 ], [ -105.053182398516995, 39.653900139448297 ], [ -105.053216345156002, 39.656164826838697 ], [ -105.053221028264005, 39.657173264651597 ], [ -105.053226830347995, 39.6579110925111 ], [ -105.053233936290994, 39.659640656620297 ], [ -105.053242303622994, 39.6625740149058 ], [ -105.053250105488004, 39.664727385025898 ], [ -105.053249768705996, 39.6655668359072 ], [ -105.053251446933999, 39.666384134749897 ], [ -105.053233463281998, 39.6677845172076 ], [ -105.051781746396998, 39.667777609248297 ], [ -105.050794872047007, 39.667770762341803 ], [ -105.049805901306996, 39.6677652633241 ], [ -105.048808199128004, 39.6677538885465 ], [ -105.047811314689994, 39.667749227632399 ], [ -105.046823585164006, 39.667747969739096 ], [ -105.046559044370994, 39.667746606443799 ], [ -105.045826451265995, 39.667742405767697 ], [ -105.045532567921001, 39.667740926737501 ], [ -105.044831763953994, 39.667736842208797 ], [ -105.043838618167996, 39.667732526743102 ], [ -105.042847051416999, 39.667727849582199 ], [ -105.041751408246, 39.667719040664203 ], [ -105.040682597617007, 39.667713153009203 ], [ -105.039685627172005, 39.667711342016602 ], [ -105.038686056901994, 39.667701903245103 ], [ -105.037767215459994, 39.667698927223398 ], [ -105.036845869771, 39.667692200130602 ], [ -105.035922025451001, 39.667685875872401 ], [ -105.034961908331994, 39.667681441493897 ], [ -105.033827389492998, 39.667677767774997 ], [ -105.031885337573996, 39.667693112011101 ], [ -105.030908622124997, 39.667700719306502 ], [ -105.029868887328007, 39.667706425319302 ], [ -105.028872157332998, 39.667713660566797 ], [ -105.027950336391001, 39.667721762655802 ], [ -105.026967245340003, 39.6677263886139 ], [ -105.026045330694998, 39.667732945914601 ], [ -105.025108481786006, 39.667715967576797 ] ] ] } }
]
}
